t,x,z,xdot,zdot,x_crossings,z_crossings
0.0,0.0,0.0,1.0,0.0,-0.04690878315421574,-0.11471778117108669
0.005,0.004997333914033885,-0.0001847494262056812,0.9983958118557152,-0.07148431455085118,-0.008952177327958754,-0.1653132102251924
0.01,0.00997855484946252,-0.0007036027905549865,0.9935519169900212,-0.1353792157901027,0.025497038783143054,-0.21818999429888464
0.015,0.014927455308245454,-0.0015244248448711296,0.9854713036943223,-0.19664781514043259,0.05666616205838167,-0.27214681975305655
0.02,0.019827867130081975,-0.002655363956680531,0.9741882472383224,-0.25483807864984515,0.08479115438412616,-0.326766656849506
0.025,0.024663928968549628,-0.0040686168090347105,0.9597229552640765,-0.31199481258707573,0.1101348150194189,-0.3818457788118164
0.03,0.029419750857604718,-0.005769329520204453,0.9421546248547411,-0.36682198823889217,0.13296825057091458,-0.437266520827215
0.035,0.03408013849244865,-0.007735654154100509,0.9215161953153387,-0.4206101997704739,0.1535730489584583,-0.4929536602845753
0.04,0.03862972735532253,-0.009971011173198012,0.8979171761517395,-0.47213620286761404,0.1721140417648122,-0.5488569762743224
0.045,0.04305414779312182,-0.012455794261040511,0.8714058698660081,-0.5223596811731884,0.1888423557326819,-0.60493905318227
0.05,0.04733883161189976,-0.015190437769354628,0.8421164468860467,-0.5702253958180918,,
0.055,0.05147040254576711,-0.018156317027430948,0.8101147212657624,-0.6164706808688413,,
0.06,0.05543532120754454,-0.021350907749414207,0.7755551348487313,-0.6602043717933598,,
0.065,0.05922136903908573,-0.024756031347929322,0.7385219400334714,-0.7019993898409502,,
0.07,0.0628162424013853,-0.028366476940426114,0.6991861639565894,-0.7411109716051726,,
0.075,0.06620903673668099,-0.03216422026060552,0.6576503696983135,-0.7779875087176785,,
0.08,0.06938886572831564,-0.03614169280395076,0.614098959537153,-0.8120116419422279,,
0.085,0.07234628280080083,-0.04028086883862337,0.568651838185891,-0.8435372509861774,,
0.09,0.07507197479003942,-0.04457216385745455,0.5215038920605217,-0.8720571051449659,,
0.095,0.07755808100008255,-0.04899748702923227,0.4727907412238911,-0.8978540801240338,,
0.1,0.07979699098596196,-0.053545577202342355,0.42271506928190683,-0.9205161925931378,,
0.105,0.08178253856688038,-0.058198282482918376,0.3714260838849254,-0.9402740395825127,,
0.11,0.08350891878644798,-0.06294299674522161,0.31913170201818764,-0.9567983317566805,,
0.115,0.08497174676589342,-0.06776156256190875,0.26599222118550164,-0.9702823842993727,,
0.12,0.08616709854689349,-0.07264035078219677,0.21221829803975778,-0.980469084862857,,
0.125,0.08709243347440905,-0.07756129347462976,0.1579785633792709,-0.9875264588609937,,
0.13,0.08774575651399848,-0.08251004977358559,0.10348395941060867,-0.9912607513150617,,
0.135,0.0881264088234045,-0.08746876617474593,0.048908529154674946,-0.9918242204602731,,
0.14,0.08823434450543956,-0.09242269006801687,-0.005538926670371431,-0.9890790233302141,,
0.145,0.08807079784592277,-0.09735432913710265,-0.05968195789664048,-0.9831691185871321,,
0.15,0.08763766469628802,-0.10224880682732014,-0.11331630374172283,-0.9740062185624734,,
0.155,0.0869380570741775,-0.10708915359656758,-0.16626612676008545,-0.9617317255055532,,
0.16,0.0859757779720535,-0.11186064350596917,-0.21833406376644524,-0.9463013961776123,,
0.165,0.08475577507323037,-0.11654700000463941,-0.26934786478680367,-0.92785836409384,,
0.17,0.08328369736338297,-0.12113390778082453,-0.31911936114684075,-0.906397564265003,,
0.17500000000000002,0.08156625995145768,-0.1256059565864419,-0.36748276779832745,-0.8820669159472676,,
0.18,0.07961087111606346,-0.12994948569436537,-0.4142613214831023,-0.8548961477288298,,
0.185,0.07742591990145,-0.13415012259600365,-0.4592984366298026,-0.8250399720426363,,
0.19,0.07502046292738855,-0.13819508741811018,-0.5024308518257625,-0.7925588782773904,,
0.195,0.07240444575516722,-0.14207121049575266,-0.5435137327316766,-0.75761549033784,,
0.2,0.06958843975234831,-0.1457667996980632,-0.5823992718221624,-0.7202972770556207,,
0.20500000000000002,0.06658380734096009,-0.1492700429973385,-0.6189567201822225,-0.680775138579406,,
0.21,0.06340248030817054,-0.15257052183322417,-0.6530555019425753,-0.6391599177623732,,
0.215,0.0600570780661395,-0.15565792278178342,-0.6845810402169097,-0.5956305202166324,,
0.22,0.056560719943298324,-0.15852326402081743,-0.7134215656451177,-0.5503176790885895,,
0.225,0.05292710457826498,-0.16115785480597714,-0.7394804868764314,-0.5034075030506034,,
0.23,0.049170349849548066,-0.1635542891000728,-0.7626661865908884,-0.4550472171603549,,
0.23500000000000001,0.0453050405454676,-0.16570560340895674,-0.7829015782745546,-0.4054288918185762,,
0.24,0.041346090649949804,-0.16760608113917114,-0.8001162894854296,-0.3547129095520869,,
0.245,0.03730876550881378,-0.16925056894600554,-0.8142539468978218,-0.30309570585208956,,
0.25,0.03320856215954053,-0.17063512692136285,-0.8252662433838585,-0.25074754113991715,,
0.255,0.02906121137000272,-0.17175647137983996,-0.8331184038335867,-0.1978673402531122,,
0.26,0.024882572566452772,-0.17261249917019136,-0.8377847188975799,-0.1446320177660092,,
0.265,0.020688620362191837,-0.17320183111613635,-0.8392525654058781,-0.09124090301889287,,
0.27,0.016495351395049398,-0.17352423327715466,-0.8375190651889795,-0.03787440580825157,,
0.275,0.012318759291990906,-0.17358024034970365,-0.8325939658744971,0.015269969261751198,,
0.28,0.00817475137569126,-0.17337149232017957,-0.8244971484200293,0.06801139609424149,,
0.28500000000000003,0.004079115423352252,-0.17290042124812194,-0.8132606160950211,0.12015650843757882,,
0.29,4.74447463366251e-05,-0.1721705182469281,-0.7989266298970313,0.17152704297472632,,
0.295,-0.003904900408751512,-0.1711860703994745,-0.7815490048058996,0.2219361140729148,,
0.3,-0.007762860455692468,-0.16995237020019563,-0.7611916989824002,0.27121087737564276,,
0.305,-0.011511718017853289,-0.16847549204630113,-0.737929575956371,0.3191732471252223,,
0.31,-0.0151371588875648,-0.1667624540395368,-0.711847312379342,0.36565850617480905,,
0.315,-0.018625314497704354,-0.1648210256749971,-0.6830397516728123,0.41049961720706585,,
0.32,-0.021962816651948963,-0.16265985011975057,-0.6516110270966727,0.45354252470777623,,
0.325,-0.02513683921793029,-0.1602882764848173,-0.617674605545172,0.4946333739850478,,
0.33,-0.02813514682307873,-0.15771644927966438,-0.5813525487412619,0.5336311059820129,,
0.335,-0.030946134351332744,-0.15495516008076254,-0.5427753243832496,0.5703970288231428,,
0.34,-0.03355886964661625,-0.152015909731952,-0.5020811492595765,0.6048051903542493,,
0.34500000000000003,-0.035963129641009825,-0.1489107753790822,-0.4594156279512439,0.6367338523036562,,
0.35000000000000003,-0.038149437006277175,-0.14565245008681896,-0.41493113837948736,0.6660740324552684,,
0.355,-0.040109091957029754,-0.14225412214457567,-0.3687863449780208,0.6927225164736054,,
0.36,-0.041834202732104295,-0.13872949605243945,-0.32114560034702844,0.7165888870818606,,
0.365,-0.04331771230720045,-0.13509268176011385,-0.27217836953817065,0.7375897772210678,,
0.37,-0.044553422564998606,-0.1313582003996377,-0.22205863171153506,0.7556546438574073,,
0.375,-0.045536015322702655,-0.1275408817293908,-0.17096424433054397,0.7707210216787994,,
0.38,-0.04626107005599799,-0.12365585752814112,-0.11907633653677863,0.7827392512549665,,
0.385,-0.04672507880167086,-0.1197184660067701,-0.06657863612421114,0.7916685375187095,,
0.39,-0.046925457329971325,-0.11574423540208474,-0.01365685221241688,0.7974808035913953,,
0.395,-0.046860553623963866,-0.11174879451101075,0.03950201656616342,0.8001573949265421,,
0.4,-0.046529652442380796,-0.10774784871374338,0.09271030822198184,0.7996921993023811,,
0.405,-0.04593297720780376,-0.10375709609579044,0.14578039287099426,0.7960888673769286,,
0.41000000000000003,-0.04507168796309044,-0.09979219787268045,0.1985253028133463,0.7893633146234522,,
0.41500000000000004,-0.04394787662147337,-0.09586869980817193,0.25075941895452647,0.7795413534767155,,
0.42,-0.042564558390100225,-0.09200199879447449,0.30229909786739556,0.7666606731323963,,
0.425,-0.04092566044770672,-0.08820726946133493,0.35296333830734694,0.7507687985028751,,
0.43,-0.03903600698522202,-0.08449942847682186,0.40257439707336706,0.7319246278443894,,
0.435,-0.03690130148142749,-0.08089306638097314,0.4509584261439734,0.7101966502224394,,
0.44,-0.03452810558989655,-0.0774024110050897,0.4979460685262254,0.6856641080899053,,
0.445,-0.031923815280243864,-0.07404126466270189,0.5433730576375471,0.6584154185516898,,
0.45,-0.02909663388025893,-0.07082296793421748,0.5870807841853334,0.6285490176674574,,
0.455,-0.026055542439970162,-0.06776034241339497,0.6289168503335739,0.5961719420322246,,
0.46,-0.022810267315430746,-0.06486565596471985,0.6687355988796401,0.5614004032162273,,
0.465,-0.01937124519467191,-0.06215057126063864,0.7063986155542947,0.5243584954669258,,
0.47000000000000003,-0.01574958568327924,-0.059626113487954976,0.7417752122686935,0.4851785419233563,,
0.47500000000000003,-0.011957031505066974,-0.05730262492426851,0.7747428716592659,0.44399990193450656,,
0.48,-0.008005916617718854,-0.055189735944662435,0.8051876768968376,0.4009691251740371,,
0.485,-0.003909122166292822,-0.05329632587896763,0.833004693343499,0.3562388384340278,,
0.49,0.00031996928156026363,-0.05163049804943823,0.8580983382917012,0.30996773925974164,,
0.495,0.004667521394767485,-0.05019954712697998,0.8803826953734039,0.26231954733788315,,
0.5,0.009119293081283553,-0.04900993881331932,0.899781818585766,0.21346286556355748,,
0.505,0.01366068907834883,-0.04806728387712998,0.9162299758979529,0.16357018547848284,,
0.51,0.018276811505493696,-0.04737632297976432,0.9296718829864975,0.11281764060873681,,
0.515,0.02295251266684829,-0.04694090752386306,0.9400628733278681,0.06138405896787569,,
0.52,0.027672448432784446,-0.046763990009732324,0.9473690581826951,0.009450630931701592,,
0.525,0.032421132507738024,-0.04684761177182115,0.9515674213423584,-0.04279999527482843,,
0.53,0.03718299089381738,-0.04719289914323319,0.9526459030445407,-0.09518411107675366,,
0.535,0.041942416860259124,-0.04780005809144552,0.9506034184549231,-0.14751781081285759,,
0.54,0.04668382572795178,-0.048668376361379606,0.945449864348364,-0.19961743638741186,,
0.545,0.05139170976960024,-0.049796224952749824,0.9372060613448391,-0.25130039914816527,,
0.55,0.05605069255028028,-0.05118106630786378,0.9259036833355789,-0.302385655098278,,
0.555,0.060645582990673075,-0.052819462500708285,0.911585124445415,-0.35269448379040247,,
0.56,0.06516142850550619,-0.05470708943460313,0.894303352308207,-0.40205097895430775,,
0.5650000000000001,0.06958356747577286,-0.056838751539100646,0.8741217016846192,-0.45028278170327596,,
0.5700000000000001,0.0738976804441237,-0.059208401845291664,0.8511136537842071,-0.49722157274706236,,
0.5750000000000001,0.07808984026563366,-0.061809162912250644,0.8253625594157493,-0.542703756413337,,
0.58,0.0821465606466495,-0.06463335255477987,0.796961347603365,-0.5865709418368339,,
0.585,0.08605484327712719,-0.06767251064785032,0.7660121820730285,-0.6286705737818169,,
0.59,0.08980222303675409,-0.07091743019354163,0.7326261034064604,-0.6688563913596347,,
0.595,0.09337681145475282,-0.07435818958101942,0.6969226235584473,-0.7069890013683918,,
0.6,0.09676733795379702,-0.0779841885971144,0.6590293067247839,-0.7429363042206093,,
0.605,0.09996318903495001,-0.0817841856521052,0.6190813074272198,-0.7765740054689536,,
0.61,0.10295444498537573,-0.08574633826256275,0.5772208961297317,-0.8077859997445773,,
0.615,0.10573191424611417,-0.08985824469078153,0.5335969472075619,-0.8364648162906908,,
0.62,0.10828716507312847,-0.09410698835999712,0.4883644161198391,-0.8625119528371069,,
0.625,0.11061255461316345,-0.09847918329888265,0.4416837842830485,-0.8858382512962738,,
0.63,0.11270125507842615,-0.10296102188883018,0.3937204952873419,-0.9063641746412016,,
0.635,0.11454727712995919,-0.10753832345557718,0.34464436431058176,-0.9240201094115026,,
0.64,0.11614549020327633,-0.11219658469669663,0.29462898144138844,-0.938746579826331,,
0.645,0.11749163987853439,-0.1169210307211248,0.2438510937860619,-0.9504944743798999,,
0.65,0.11858236207668861,-0.1216966674630306,0.19248998442500864,-0.9592251926096148,,
0.655,0.11941519418019075,-0.12650833443764492,0.14072683577138373,-0.9649107938113082,,
0.66,0.11998858290555409,-0.13134075841589732,0.0887440930317229,-0.9675340730909681,,
0.665,0.12030188902618431,-0.13617860714221375,0.036724817663602,-0.9670886310773452,,
0.67,0.1203553888164394,-0.1410065435232054,-0.015147955569775717,-0.9635788771074117,,
0.675,0.12015027231828779,-0.14580927954057532,-0.06669186603166709,-0.9570200197351417,,
0.68,0.11968863834274865,-0.1505716301970655,-0.11772586738394943,-0.9474379961253292,,
0.685,0.11897348631309322,-0.15527856685567273,-0.1680708668626791,-0.9348693841298161,,
0.6900000000000001,0.1180087049006529,-0.15991527018719615,-0.2175503535397559,-0.9193612581782744,,
0.6950000000000001,0.11679905756793155,-0.16446718217580028,-0.2659910204915667,-0.9009710246940261,,
0.7000000000000001,0.11535016500585515,-0.16892005732486665,-0.31322337218670016,-0.8797662059605326,,
0.705,0.11366848458913523,-0.17326001258856633,-0.35908232082392044,-0.8558242016546818,,
0.71,0.11176128686979322,-0.1774735761161327,-0.4034077641860233,-0.8292320033188638,,
0.715,0.10963662924311435,-0.18154773439932506,-0.446045147778191,-0.800085885779972,,
0.72,0.10730332683643033,-0.18546997786937128,-0.48684600491728813,-0.7684910559527244,,
0.725,0.10477092076577338,-0.1892283445906327,-0.5256684767798904,-0.7345612788659786,,
0.73,0.10204964383821012,-0.19281146206878844,-0.562377807045054,-0.6984184655515384,,
0.735,0.09915038385564993,-0.196208586871119,-0.59684681255607,-0.6601922392961255,,
0.74,0.09608464462232985,-0.19940964205833406,-0.6289563254949572,-0.6200194683146305,,
0.745,0.09286450482203311,-0.2024052521709408,-0.6585956080645007,-0.5780437786720692,,
0.75,0.08950257488855622,-0.20518677575965086,-0.6856627359346192,-0.5344150382889662,,
0.755,0.08601195204483163,-0.20774633524442848,-0.7100649511508368,-0.4892888237153661,,
0.76,0.08240617365239919,-0.21007684408867444,-0.7317189814449053,-0.44282586275865143,,
0.765,0.07869916905469397,-0.21217203111177776,-0.7505513264606167,-0.3951914629288692,,
0.77,0.07490521007084819,-0.21402646192919544,-0.7664985084507405,-0.3465549206055255,,
0.775,0.07103886032992249,-0.21563555737955312,-0.7795072878675615,-0.29708891949958915,,
0.78,0.06711492361407034,-0.21699560893515582,-0.789534841961679,-0.24696891477793637,,
0.785,0.06314839140511562,-0.21810379098970864,-0.7965489067983466,-0.19637251029369648,,
0.79,0.05915438981165191,-0.21895817003046114,-0.8005278813160035,-0.14547882645863372,,
0.795,0.05514812607360902,-0.21955771062118576,-0.8014608938854518,-0.09446786527347796,,
0.8,0.05114483482681691,-0.21990227821677757,-0.7993478304617743,-0.04351987097669813,,
0.805,0.04715972432471958,-0.21999263876693656,-0.7941993248854711,0.007185307944992725,,
0.81,0.04320792280205095,-0.21983045514527214,-0.7860367108548533,0.057468856202090815,,
0.8150000000000001,0.03930442517546638,-0.21941828039083683,-0.7748919362607052,0.10715362351518982,,
0.8200000000000001,0.03546404026515558,-0.21875954781527812,-0.7608074398010061,0.1560647510616634,,
0.8250000000000001,0.03170133872785303,-0.21785855799061743,-0.7438359907271584,0.20403028803303075,,
0.8300000000000001,0.028030601881514666,-0.21672046268838865,-0.7240404920031028,0.2508817981614315,,
0.835,0.02446577160508056,-0.21535124581151668,-0.7014937479054358,0.29645495219189194,,
0.84,0.021020401486992572,-0.21375770140735179,-0.6762781966789452,0.34059010587256744,,
0.845,0.017707609396515788,-0.21194740882784932,-0.6484856094595491,0.38313285988942847,,
0.85,0.014540031642251752,-0.20992870514265963,-0.618216756382127,0.42393460113527826,,
0.855,0.011529778880238893,-0.20771065489380822,-0.5855810412691854,0.4628530221558838,,
0.86,0.008688393924249319,-0.20530301731427988,-0.5506961060904353,0.49975261806554805,,
0.865,0.006026811606881118,-0.20271621111982577,-0.5136874067666686,0.5345051581684298,,
0.87,0.0035553208299926435,-0.19996127701165722,-0.4746877617499726,0.5669901315537107,,
0.875,0.0012835289373114558,-0.1970498380177538,-0.43383687511865754,0.5970951642775045,,
0.88,-0.0007796714683397546,-0.19399405782426823,-0.39128083582951356,0.6247164074373548,,
0.885,-0.0026261331478939862,-0.1908065972407734,-0.34717159501358474,0.6497588941170508,,
0.89,-0.004248482184407953,-0.18750056896282255,-0.30166642313638153,0.6721368645959587,,
0.895,-0.005640143180685864,-0.1840894907890638,-0.2549273490352395,0.6917740581581417,,
0.9,-0.0067953616109760005,-0.18058723746627747,-0.20712058280004117,0.7086039710254126,,
0.905,-0.007709223250775593,-0.17700799133042996,-0.15841592461190948,0.7225700790995212,,
0.91,-0.008377670620129533,-0.17336619192473285,-0.10898616161778174,0.7336260252010736,,
0.915,-0.00879751638572063,-0.16967648477091643,-0.059006455030095384,0.7417357698337118,,
0.92,-0.008966453678581978,-0.16595366947989318,-0.008653719607205023,0.7468737053507587,,
0.925,-0.008883063294654102,-0.16221264738333757,0.041894002250721665,0.7490247328866945,,
0.93,-0.008546817757016018,-0.1584683688750249,0.09245816959108212,0.7481843021401205,,
0.935,-0.007958082229287969,-0.15473578064594598,0.14286037293350778,0.74435841369353,,
0.9400000000000001,-0.007118112281260063,-0.15102977300213652,0.19292296302078357,0.7375635841785239,,
0.9450000000000001,-0.006029048518552851,-0.14736512744892394,0.24246967606152406,0.7278267742827584,,
0.9500000000000001,-0.004693908099490328,-0.14375646472804282,0.2913262532789811,0.7151852801330082,,
0.9550000000000001,-0.003116573173016954,-0.1402181934882813,0.3393210525775279,0.6996865883486525,,
0.96,-0.0013017762825473433,-0.13676445977107102,0.38628565019674505,0.6813881955241636,,
0.965,0.0007449172089858207,-0.1334090974860117,0.4320554302405047,0.6603573927173545,,
0.97,0.0030171296070155406,-0.13016558005023846,0.4764701600371355,0.6366710159168777,,
0.975,0.00550769421034461,-0.1270469733584754,0.5193745493225219,0.6104151633314732,,
0.98,0.008208681387438927,-0.12406589024783347,0.5606187913170536,0.5816848806782587,,
0.985,0.011111427308821243,-0.12123444661371649,0.600059083819515,0.550583815554566,,
0.99,0.014206565231066491,-0.11856421932889973,0.6375581285302353,0.5172238422611101,,
0.995,0.017484059219261675,-0.11606620610951482,0.6729856068823854,0.4817246583795946,,
1.0,0.020933240186306955,-0.11375078746604576,0.7062186307591262,0.4442133546437665,,
1.0050000000000001,0.024542844119637336,-0.11162769086852965,0.7371421665535284,0.4048239596000637,,
1.01,0.028301052358386113,-0.10970595724836334,0.765649431135415,0.3636969607496054,,
1.0150000000000001,0.032195533777158496,-0.1079939099496722,0.791642258379597,0.32097880383149696,,
1.02,0.03621348872604672,-0.10649912623545092,0.8150314350243305,0.27682137207183904,,
1.025,0.04034169457069802,-0.1052284114437441,0.8357370047285685,0.2313814471954658,,
1.03,0.04456655267080876,-0.10418777588061753,0.8536885393168211,0.18482015413064184,,
1.035,0.048874136630705195,-0.10338241452635233,0.8688253763075737,0.1373023913178432,,
1.04,0.05325024165139182,-0.10281668962210339,0.8810968219464678,0.08899624863227583,,
1.045,0.05768043480990502,-0.1024941161937242,0.8904623190780884,0.04007241491798354,,
1.05,0.062150106088734364,-0.10241735055972985,0.896891579318698,-0.009296422799016019,,
1.055,0.06664451997573977,-0.10258818185968974,0.900364679109358,-0.05893618636469886,,
1.06,0.07114886745315914,-0.10300752662927887,0.9008721193588292,-0.108672017713784,,
1.065,0.07564831819319949,-0.10367542643743592,0.8984148485056771,-0.15832889216831614,,
1.07,0.0801280727771312,-0.10459104859088351,0.8930042489590085,-0.20773223169958444,,
1.075,0.08457341475494808,-0.1057526899004528,0.8846620869984352,-0.256708516069248,,
1.08,0.08896976236334318,-0.10715778349346987,0.8734204263430017,-0.3050858897478648,,
1.085,0.09330271972113865,-0.10880290864579939,0.8593215057190104,-0.35269476254274756,,
1.09,0.09755812732323924,-0.11068380359699255,0.8424175808837645,-0.3993684018755113,,
1.095,0.1017221116567965,-0.11279538130165594,0.8227707316800789,-0.4449435146849544,,
1.1,0.1057811337664201,-0.11513174806018073,0.8004526348197095,-0.48926081696106527,,
1.105,0.10972203659908296,-0.11768622496206523,0.7755443032079867,-0.5321655889534783,,
1.11,0.11353209096369493,-0.12045137206538928,0.74813579274005,-0.5735082141505411,,
1.115,0.11719903994527489,-0.12341901522664434,0.718325877607952,-0.6131447001668586,,
1.12,0.12071114161910074,-0.12658027548589287,0.6862216952692289,-0.6509371797467239,,
1.125,0.12405720991625294,-0.12992560090350022,0.6519383623300018,-0.6867543901442689,,
1.1300000000000001,0.12722665349847048,-0.13344480073608558,0.615598562698535,-0.7204721292198979,,
1.135,0.13020951250727567,-0.13712708183128683,0.5773321094598542,-0.7519736866606924,,
1.1400000000000001,0.13299649305979655,-0.1409610871131197,0.5372754820151036,-0.781150248824368,,
1.145,0.1355789993716642,-0.14493493602249005,0.49557134011465553,-0.8079012757801484,,
1.1500000000000001,0.13794916339570365,-0.14903626677043047,0.45236801649619296,-0.8321348492274598,,
1.155,0.14009987187389258,-0.15325228025537674,0.4078189899134282,-0.8537679900578714,,
1.16,0.14202479070916052,-0.15756978548979025,0.36208234041128684,-0.8727269444403227,,
1.165,0.14371838657304623,-0.1619752463761814,0.3153201887657917,-0.8889474374062204,,
1.17,0.14517594567496278,-0.1664548296676761,0.2676981220639089,-0.9023748930318214,,
1.175,0.14639358962882681,-0.17099445394410692,0.21938460744778823,-0.9129646204269615,,
1.18,0.14736828836303745,-0.17557983943091612,0.17055039609082223,-0.9206819648560283,,
1.185,0.14809787003022237,-0.18019655848508961,0.121367919508136,-0.9255024234461072,,
1.19,0.14858102788375274,-0.18483008656996414,0.07201068033215227,-0.9274117250557464,,
1.195,0.14881732409873752,-0.18946585353889106,0.022652639704315383,-0.9264058740072156,,
1.2,0.14880719052599814,-0.1940892950466013,-0.026532396553091767,-0.9224911575178956,,
1.205,0.1485519263783609,-0.1986859039066325,-0.07537139081615729,-0.9156841167860231,,
1.21,0.148053692859444,-0.2032412812132276,-0.12369268342327114,-0.9060114818325699,,
1.215,0.14731550475592642,-0.2077411870470452,-0.17132659716815948,-0.8935100703131704,,
1.22,0.1463412190250197,-0.21217159058530016,-0.2181060343845251,-0.8782266506605954,,
1.225,0.1451355204194906,-0.21651871943919426,-0.2638670645109874,-0.8602177700372461,,
1.23,0.14370390420305681,-0.220769108044133,-0.30844950005863647,-0.8395495477105055,,
1.235,0.14205265601926703,-0.22490964493165327,-0.35169745894481463,-0.8162974345832743,,
1.24,0.1401888289870389,-0.2289276187159172,-0.3934599112053355,-0.7905459397456153,,
1.245,0.13812021810583106,-0.2328107626323211,-0.4335912081533194,-0.7623883250209227,,
1.25,0.13585533206292896,-0.23654729747084932,-0.4719515921157501,-0.7319262686064175,,
1.2550000000000001,0.13340336254449736,-0.24012597275265804,-0.5084076849485156,-0.6992694990169224,,
1.26,0.13077415116085966,-0.24353610600465436,-0.5428329536071297,-0.6645354006452062,,
1.2650000000000001,0.12797815410487362,-0.24676761999365482,-0.5751081511327574,-0.6278485923639069,,
1.27,0.12502640467025616,-0.24981107778912615,-0.605121731501811,-0.5893404806834968,,
1.2750000000000001,0.12193047376423401,-0.25265771553126115,-0.6327702368814002,-0.5491487890769124,,
1.28,0.11870242855593942,-0.2552994727894497,-0.657958655932565,-0.5074170651689617,,
1.285,0.11535478940849957,-0.25772902040489676,-0.6806007519072527,-0.46429416756571595,,
1.29,0.11190048524876925,-0.25993978572018533,-0.7006193593942496,-0.4199337341722642,,
1.295,0.10835280753409653,-0.2619259751080001,-0.7179466486818761,-0.3744936339175584,,
1.3,0.10472536298038343,-0.2636825937209902,-0.7325243568222521,-0.3281354038581341,,
1.305,0.101032025219978,-0.26520546239470577,-0.7443039846015357,-0.2810236736925041,,
1.31,0.09728688556160772,-0.2664912316458663,-0.7532469587436532,-0.2333255797490064,,
1.315,0.09350420302761159,-0.2675373927185487,-0.7593247587996825,-0.18521017056960964,,
1.32,0.08969835384615245,-0.2683422856417068,-0.7625190083026182,-0.1368478062061322,,
1.325,0.08588378057786764,-0.26890510427186193,-0.7628215298948229,-0.088409553411011,,
1.33,0.08207494105756037,-0.26922589830602994,-0.7602343642659412,-0.040066578868003785,,
1.335,0.07828625733201347,-0.269305572260371,-0.7547697528676338,0.008010457336855348,,
1.34,0.07453206477485737,-0.269145881421379,-0.7464500845024767,0.05565200585317759,,
1.345,0.07082656155860548,-0.2687494247868401,-0.7353078060127025,0.10269022763150176,,
1.35,0.06718375866252602,-0.26811963502494096,-0.7213852974237929,0.14895958679127042,,
1.355,0.06361743059291919,-0.26726076549020716,-0.7047347120238759,0.19429743465804805,,
1.36,0.060141066989655864,-0.26617787434577705,-0.6854177819860575,0.23854458290294583,,
1.365,0.05676782528948242,-0.264876805851529,-0.6635055902623381,0.2815458637334922,,
1.37,0.05351048461265898,-0.26336416888789843,-0.6390783095988528,0.32315067515385654,,
1.375,0.05038140103494795,-0.26164731279484943,-0.6122249096377747,0.36321350935448343,,
1.3800000000000001,0.047392464401865085,-0.25973430061511654,-0.5830428331852406,0.40159446236884405,,
1.385,0.044555056836427416,-0.25763387983987446,-0.5516376428325457,0.4381597231895868,,
1.3900000000000001,0.04188001308543843,-0.2553554507639447,-0.5181226392235239,0.4727820406333243,,
1.395,0.03937758284262738,-0.25290903256587083,-0.4826184523593476,0.5053411663043677,,
1.4000000000000001,0.037057395179772655,-0.2503052272363645,-0.4452526074277836,0.5357242721190291,,
1.405,0.034928425209269705,-0.2475551814859335,-0.4061590667313881,0.5638263409254953,,
1.41,0.03299896309353049,-0.2446705467697236,-0.36547774937361766,0.5895505288795613,,
1.415,0.031276585508101355,-0.24166343757388314,-0.3233540304372173,0.6128084983098465,,
1.42,0.029768129656545083,-0.23854638811401607,-0.2799382214610535,0.6335207199482296,,
1.425,0.02847966992592973,-0.2353323076014121,-0.23538503408402142,0.6516167434882757,,
1.43,0.027416497262287346,-0.2320344342378255,-0.18985302878272967,0.6670354355688443,,
1.435,0.026583101335635802,-0.22866628810365375,-0.14350405067822009,0.6797251843873124,,
1.44,0.025983155554179346,-0.22524162310813373,-0.09650265443065172,0.6896440702797247,,
1.445,0.025619504977109714,-0.22177437817310003,-0.04901552027487441,0.6967600017188165,,
1.45,0.02549415716510022,-0.21827862782435264,-0.0012108632784884645,0.7010508163200853,,
1.455,0.025608275997116677,-0.21476853236632784,0.046742162076938806,0.7025043465600332,,
1.46,0.025962178471637943,-0.2112582878170139,0.09467405987751533,0.7011184500460598,,
1.465,0.02655533449978769,-0.20776207578047254,0.14241559120356673,0.6969010043047196,,
1.47,0.027386369687298726,-0.20429401343419265,0.18979837088510035,0.6898698661793998,,
1.475,0.02845307109166865,-0.20086810380774225,0.23665546048146696,0.6800527960563671,,
1.48,0.029752395930389468,-0.19749818652776324,0.28282195539745086,0.6674873472648297,,
1.485,0.03128048320574922,-0.19419788920231065,0.3281355640741717,0.6522207211160609,,
1.49,0.033032668201480084,-0.19098057961492984,0.3724371772248729,0.6343095881686945,,
1.495,0.03500349979646866,-0.18785931889561852,0.4155714251260072,0.6138198764245351,,
1.5,0.037186760530914936,-0.18484681583201623,0.4573872210197696,0.5908265272799673,,
1.5050000000000001,0.03957548935073283,-0.18195538247972867,0.4977382887382445,0.5654132201500647,,
1.51,0.04216200694668839,-0.1791968912259392,0.5364836727181416,0.5376720668156652,,
1.5150000000000001,0.044937943595773466,-0.1765827334547896,0.5734882286416912,0.5077032766228871,,
1.52,0.0478942694036734,-0.1741237799572787,0.6086230930103587,0.4756147937748379,,
1.5250000000000001,0.051021326838907526,-0.17183034322188978,0.641766130036145,0.44152190804009195,,
1.53,0.05430886544135505,-0.16971214173537347,0.6728023543171227,0.4055468403009517,,
1.5350000000000001,0.057746078580424756,-0.1677782664157257,0.7016243278524747,0.3678183044277059,,
1.54,0.06132164213113879,-0.166037149291883,0.7281325300438217,0.3284710470642205,,
1.545,0.06502375492986959,-0.1644965345364086,0.7522356994270868,0.28764536695331816,,
1.55,0.06884018086544634,-0.16316345194930973,0.7738511459790542,0.245486615531261,,
1.555,0.07275829245582299,-0.16204419298210682,0.7929050329477533,0.20214468052714796,,
1.56,0.07676511575551836,-0.1611442893827773,0.8093326272627327,0.1577734544193971,,
1.565,0.08084737643459089,-0.1604684945324156,0.8230785176919095,0.11253028957999059,,
1.57,0.08499154686602796,-0.16002076753563846,0.8340968000246912,0.06657544203954742,,
1.575,0.08918389405511588,-0.15980426011658566,0.842351228675566,0.020071505781207463,,
1.58,0.09341052824161693,-0.15982130636315442,0.8478153342197435,-0.026817160440533352,,
1.585,0.09765745200343713,-0.16007341535166852,0.8504725064899423,-0.07392501180463983,,
1.59,0.10191060968890822,-0.16056126667481524,0.8503160429831712,-0.12108589962153249,,
1.595,0.10615593700385513,-0.1612847088850751,0.8473491624453636,-0.16813365503956895,,
1.6,0.1103794105792561,-0.16224276085632042,0.8415849836226792,-0.21490267222968384,,
1.605,0.11456709734555262,-0.16343361605580262,0.8330464692872962,-0.26122848906112167,,
1.61,0.11870520354049918,-0.16485464970910624,0.8217663357657512,-0.3069483632471305,,
1.615,0.12278012317888624,-0.1665024288302956,0.8077869283159208,-0.3519018420060729,,
1.62,0.12677848581449067,-0.16837272508008358,0.791160062816665,-0.39593132325394875,,
1.625,0.13068720342722287,-0.17046053040465828,0.7719468343494206,-0.4388826064187071,,
1.6300000000000001,0.13449351627161854,-0.1727600753986572,0.7502173933656762,-0.48060543096081143,,
1.635,0.13818503752657818,-0.17526485032601932,0.7260506902451385,-0.5209540007667423,,
1.6400000000000001,0.14174979659055087,-0.1779676287236675,0.6995341891589913,-0.5597874925799269,,
1.645,0.1451762808712021,-0.18086049350361522,0.6707635522582458,-0.5969705467370006,,
1.6500000000000001,0.14845347592396105,-0.18393486546090934,0.6398422953100341,-0.6323737384897434,,
1.655,0.15157090379970847,-0.18718153408606422,0.6068814160034383,-0.6658740282964203,,
1.6600000000000001,0.15451865946821253,-0.1905906905730087,0.5719989962415105,-0.6973551894965686,,
1.665,0.15728744519073332,-0.19415196290556164,0.5353197798265902,-0.7267082119039823,,
1.67,0.15986860272246856,-0.19785445289861522,0.4969747270317544,-0.7538316798796416,,
1.675,0.16225414323318207,-0.20168677506288643,0.45710054763221364,-0.7786321235929379,,
1.68,0.1644367748424178,-0.20563709715625444,0.41583921404588337,-0.8010243422018092,,
1.685,0.1664099276741256,-0.20969318227815145,0.373337456302218,-0.8209316978560035,,
1.69,0.1681677763442831,-0.2138424323587447,0.32974624062258534,-0.8382863794400893,,
1.695,0.16970525980416368,-0.21807193288892596,0.2852202334531661,-0.8530296351711849,,
1.7,0.17101809847123556,-0.22236849873358255,0.23991725284312532,-0.8651119731757969,,
1.705,0.1721028085892581,-0.22671872086587622,0.19399770910558775,-0.8744933293844923,,
1.71,0.1729567137689266,-0.23110901385791227,0.14762403673729535,-0.8811432020888117,,
1.715,0.1735779536703783,-0.23552566395948302,0.1009601196040351,-0.8850407527390096,,
1.72,0.17396548979897164,-0.23995487759552414,0.05417071142311105,-0.8861748725568005,,
1.725,0.17411910839595227,-0.2443828301102851,0.007420853591079923,-0.8845442147818068,,
1.73,0.17403942041588777,-0.24879571458643837,-0.03912470758504492,-0.8801571923826615,,
1.735,0.17372785859305537,-0.2531797905660535,-0.0853021021932335,-0.8730319412713444,,
1.74,0.17318667160925194,-0.2575214325014816,-0.13094891450245402,-0.8631962491372636,,
1.745,0.17241891538575613,-0.2618071777647019,-0.17590475518742174,-0.850687450139273,,
1.75,0.17142844153232378,-0.26602377404527017,-0.22001182596759636,-0.8355522858652389,,
1.7550000000000001,0.17021988299617036,-0.27015822596958616,-0.2631154746657228,-0.8178467330145789,,
1.76,0.16879863696376737,-0.2741978407763311,-0.30506473872272255,-0.7976357984577142,,
1.7650000000000001,0.1671708450780136,-0.27813027288700626,-0.3457128752497471,-0.7749932823800416,,
1.77,0.16534337104280142,-0.28194356721387726,-0.3849178757440988,-0.7500015103768225,,
1.7750000000000001,0.16332377569624645,-0.2856262010525751,-0.42254296365297306,-0.7227510354600594,,
1.78,0.16112028964276248,-0.2891671244115136,-0.45845707302873606,-0.6933403110460363,,
1.7850000000000001,0.15874178354279003,-0.2925557986359228,-0.49253530658944666,-0.6618753360967514,,
1.79,0.15619773616722238,-0.2957822331904182,-0.5246593715703116,-0.6284692737151318,,
1.795,0.15349820033146,-0.2988370204708891,-0.5547179918341555,-0.5932420445294667,,
1.8,0.15065376683145673,-0.30171136852306385,-0.5826072947920917,-0.5563198963821004,,
1.805,0.1476755265111554,-0.30439713155343573,-0.6082311717785683,-0.5178349518224175,,
1.81,0.1445750305972369,-0.3068868381252896,-0.6315016106187414,-0.47792473507568134,,
1.815,0.14136424944318088,-0.30917371694174484,-0.6523389992277893,-0.4367316801630116,,
1.82,0.1380555298301675,-0.31125172012576585,-0.6706723991848763,-0.39440262196941006,,
1.825,0.1346615509773753,-0.31311554391662694,-0.6864397883338197,-0.35108827205758286,,
1.83,0.13119527941868414,-0.31476064671105564,-0.6995882715725404,-0.3069426811634132,,
1.835,0.12766992290670426,-0.31618326438759076,-0.710074259109573,-0.2621226902487795,,
1.84,0.124098883508359,-0.3173804228615054,-0.7178636115808387,-0.21678737214443838,,
1.845,0.120495710058997,-0.3183499478286549,-0.7229317515413278,-0.17109746572577347,,
1.85,0.11687405014411992,-0.31909047166558224,-0.7252637409643744,-0.12521480472345822,,
1.855,0.11324760177936011,-0.3196014374646445,-0.7248543245062623,-0.07930174313856429,,
1.86,0.1096300649602265,-0.31988310019182803,-0.7217079384130956,-0.03352057940728638,,
1.865,0.10603509325346697,-0.3199365249667313,-0.7158386850739638,0.011967018708323146,,
1.87,0.10247624560154074,-0.3197635824729333,-0.7072702733429171,0.05700058637051873,,
1.875,0.0989669385108036,-0.31936694151870315,-0.696035924879342,0.1014214290771468,,
1.8800000000000001,0.09552039879242526,-0.31875005877687496,-0.6821782468727745,0.1450731831511101,,
1.885,0.09214961702295904,-0.3179171657439192,-0.6657490716430263,0.18780236736742673,,
1.8900000000000001,0.0888673018886999,-0.316873252967078,-0.6468092637193463,0.22945892369753462,,
1.895,0.0856858355746914,-0.31562405159919465,-0.6254284951232396,0.26989674530781094,,
1.9000000000000001,0.08261723035529968,-0.3141760123492962,-0.6016849896870066,0.3089741898828253,,
1.905,0.07967308653887216,-0.312536281907268,-0.5756652373551249,0.34655457650577093,,
1.9100000000000001,0.07686455191395884,-0.31071267692891524,-0.5474636795166117,0.382506664300525,,
1.915,0.07420228283911089,-0.30871365567715114,-0.5171823665235414,0.4167051111891787,,
1.92,0.07169640711221452,-0.306548287422538,-0.4849305886440477,0.44903091110480536,,
1.925,0.06935648874887307,-0.30422621971508534,-0.4508244817959788,0.47937180817800473,,
1.93,0.06719149479236454,-0.3017576436457674,-0.4149866094909835,0.5076226864030673,,
1.935,0.06520976427037405,-0.299153257224123,-0.37754552250627854,0.5336859334792583,,
1.94,0.06341897940588714,-0.29642422700392973,-0.33863529787392316,0.5574717775086266,,
1.945,0.06182613918153102,-0.29358214809599403,-0.2983950588535063,0.5788985954534107,,
1.95,0.060437535348122996,-0.29063900271154125,-0.2569684776148517,0.5978931922417309,,
1.955,0.05925873095943337,-0.2876071173857711,-0.21450326242041562,0.6143910496191047,,
1.96,0.05829454150605859,-0.2844991190346716,-0.17115063114556836,0.6283365438744486,,
1.965,0.05754901871201872,-0.2813278900028319,-0.12706477302397937,0.6396831317529816,,
1.97,0.05702543704813351,-0.2781065222626557,-0.08240230054063444,0.648393503905137,,
1.975,0.056726283006559027,-0.27484827092884623,-0.03732169343007731,0.654439705436389,,
1.98,0.056653247170991725,-0.27156650725329634,0.00801726324125017,0.6578032231412478,,
1.985,0.056807219107127896,-0.2682746712679663,0.05345404490945177,0.6584750392120811,,
1.99,0.05718828508792248,-0.26498622424346635,0.09882795525749104,0.6564556512601029,,
1.995,0.05779572865816303,-0.2617146011320933,0.14397869385749107,0.6517550586794534,,
2.0,0.05862803403280874,-0.2584731631631241,0.18874692170521082,0.6443927154280646,,
2.005,0.059682892313553504,-0.2552751507580096,0.2329748226506222,0.6343974495037045,,
2.0100000000000002,0.060957210498123665,-0.25213363693087065,0.27650665874849933,0.6218073494189108,,
2.015,0.06244712324701183,-0.249061481338489,0.3191893175771553,0.606669618186949,,
2.02,0.06414800736265837,-0.2460712851405241,0.3608728496066856,0.5890403953633001,,
2.025,0.06605449892660077,-0.2431753468282494,0.40141099373654365,0.5689845478691711,,
2.0300000000000002,0.06816051303081715,-0.24038561917570236,0.440661689168141,0.5465754303599298,,
2.035,0.0704592660304488,-0.23771366746354064,0.47848757182978635,0.5218946160888425,,
2.04,0.07294330023631444,-0.23517062912036132,0.51475645362946,0.4950315992209833,,
2.045,0.07560451095716515,-0.232767174921836,0.5493417828746263,0.4660834697546751,,
2.05,0.07843417579349597,-0.2305134718813085,0.5821230842675705,0.43515456219174836,,
2.055,0.08142298607695739,-0.2284191479602917,0.6129863769601032,0.40235607928491746,,
2.06,0.08456108034203004,-0.22649325871976733,0.6418245692300014,0.367805692189104,,
2.065,0.08783807970964097,-0.22474425602695505,0.6685378284279454,0.33162711849693116,,
2.07,0.09124312505587566,-0.2231799589241099,0.6930339249302874,0.2939496796279345,,
2.075,0.09476491583283378,-0.2218075267589278,0.7152285489286134,0.25490783919257104,,
2.08,0.0983917504030893,-0.2206334346673166,0.7350455989809096,0.21464072394119,,
2.085,0.10211156774407036,-0.21966345149160582,0.752417441352185,0.17329162902346673,,
2.09,0.10591199037409069,-0.21890262020808768,0.7672851392729594,0.13100750926200305,,
2.095,0.10978036834765222,-0.2183552409296058,0.7795986513521888,0.08793845828309058,,
2.1,0.11370382416410801,-0.2180248565390073,0.7893169984872532,0.04423717725418354,,
2.105,0.11766929843074826,-0.21791424100124615,0.7964083987260334,5.843518707010498e-05,,
2.11,0.12166359611894145,-0.21802539039097485,0.8008503696455074,-0.0444414774370941,,
2.115,0.12567343325005245,-0.2183595166650479,0.8026297979271225,-0.08910529969027334,,
2.12,0.12968548384656323,-0.218917044197526,0.8017429759199542,-0.13377535409162403,,
2.125,0.13368642698304345,-0.21969760908762953,0.7981956051004889,-0.17829410129641066,,
2.13,0.13766299377147162,-0.22070006123879737,0.792002766449335,-0.2225046938421834,,
2.1350000000000002,0.1416020141157744,-0.22192246920049977,0.7831888578825276,-0.266251526849129,,
2.14,0.14549046307144572,-0.2233621277515569,0.7717874989858516,-0.3093807839412476,,
2.145,0.14931550664761273,-0.2250155681975042,0.7578414034175216,-0.35174097636774176,,
2.15,0.1530645468910469,-0.22687857134235576,0.7414022194508516,-0.3931834735547324,,
2.1550000000000002,0.15672526609422127,-0.2289461830880146,0.7225303392455388,-0.4335630232021629,,
2.16,0.16028566997277185,-0.23121273260410324,0.7012946775360991,-0.4727382591510211,,
2.165,0.16373412966137849,-0.23367185300285848,0.677772420540445,-0.5105721952556059,,
2.17,0.16705942238141197,-0.2363165044447224,0.6520487459858552,-0.5469327035606089,,
2.1750000000000003,0.17025077063837366,-0.23913899959203883,0.6242165152580076,-0.5816929751029483,,
2.18,0.17329787981248312,-0.24213103131982053,0.59437593876784,-0.6147319617796217,,
2.185,0.17619097401142542,-0.24528370258527352,0.5626342157305094,-0.6459347976947653,,
2.19,0.17892083006051138,-0.24858755834944868,0.5291051496339175,-0.6751931985650177,,
2.195,0.18147880951206602,-0.2520326194381059,0.49390874076466224,-0.7024058377691081,,
2.2,0.1838568885629398,-0.2556084182214905,0.45717075723312306,-0.727478697724441,,
2.205,0.1860476857763968,-0.25930403598656615,0.4190222860210471,-0.7503253953769393,,
2.21,0.18804448751247071,-0.2631081418694512,0.37959926563839286,-0.7708674806482402,,
2.215,0.189841270978934,-0.26700903321007646,0.3390420020471282,-0.7890347068182411,,
2.22,0.19143272482350687,-0.27099467718646497,0.29749466956175674,-0.8047652718357288,,
2.225,0.19281426719657282,-0.2750527535807863,0.2551047984964125,-0.8180060298024554,,
2.23,0.19398206122268324,-0.27917069852669296,0.21202275136748464,-0.828712671773926,,
2.235,0.19493302782823255,-0.2833357490821678,0.16840118950843097,-0.8368498753365741,,
2.24,0.19566485588210597,-0.28753498847107223,0.12439453198064207,-0.8423914223519845,,
2.245,0.19617600961554651,-0.29175539183256394,0.08015840869753102,-0.845320284531052,,
2.25,0.19646573329716946,-0.2959838723172578,0.03584910969363804,-0.8456286764471124,,
2.255,0.19653405314870961,-0.3002073273662356,-0.00837696751001856,-0.8433180759030618,,
2.2600000000000002,0.19638177649690086,-0.3044126850100989,-0.05236387049252623,-0.8383992114671756,,
2.265,0.19601048816660935,-0.30858695002323705,-0.0959566425135912,-0.8308920173475208,,
2.27,0.19542254413015842,-0.31271724977116766,-0.13900186914426013,-0.8208255556522209,,
2.275,0.19462106243742378,-0.31679087958774127,-0.18134821901114936,-0.8082379064189315,,
2.2800000000000002,0.19360991146095868,-0.3207953475227152,-0.22284697674614273,-0.7931760257083584,,
2.285,0.19239369549983193,-0.3247184183005696,-0.26335256625383546,-0.7756955723977758,,
2.29,0.19097773779526706,-0.3285481563363653,-0.30272306245229075,-0.7558607041476367,,
2.295,0.18936806102023704,-0.3322729676553541,-0.340820689675276,-0.7337438434436179,,
2.3000000000000003,0.18757136531416876,-0.3358816405698665,-0.37751230498139776,-0.7094254143919215,,
2.305,0.18559500394248993,-0.33936338496847257,-0.4126698646608136,-0.6829935513733237,,
2.31,0.18344695666920963,-0.34270787008036163,-0.4461708722999345,-0.6545437804611355,,
2.315,0.1811358009386961,-0.34590526058060855,-0.4778988068217119,-0.6241786748826276,,
2.32,0.1786706809706109,-0.34894625091052056,-0.5077435290007031,-0.5920074856581818,,
2.325,0.17606127487920736,-0.351822097691488,-0.5356016650203408,-0.5581457488343586,,
2.33,0.1733177599352219,-0.35452465011943485,-0.5613769657319071,-0.5227148706510599,,
2.335,0.17045077609500858,-0.357046378232733,-0.5849806403526447,-0.48584169223035906,,
2.34,0.16747138792771607,-0.3593803989556718,-0.6063316634427877,-0.44765803523099007,,
2.345,0.16439104507679886,-0.3615204998256228,-0.6253570540866568,-0.40830023024262213,,
2.35,0.1612215413973523,-0.36346116032272124,-0.6419921263139905,-0.36790862949701353,,
2.355,0.15797497291524848,-0.3651975707271814,-0.6561807098905076,-0.32662710573979215,,
2.36,0.1546636947582105,-0.3667256484402131,-0.6678753407234845,-0.2846025389989054,,
2.365,0.15130027721239303,-0.36804205171213944,-0.6770374202275805,-0.24198429313276953,,
2.37,0.14789746106109672,-0.369144190731627,-0.6836373431167672,-0.1989236840248031,,
2.375,0.14446811236457097,-0.37003023603889396,-0.6876545931928574,-0.15557344134933507,,
2.38,0.14102517684177707,-0.37069912423568635,-0.6890778068247011,-0.11208716578055647,,
2.3850000000000002,0.13758163401616613,-0.3711505609738061,-0.6879048039186095,-0.06861878368877239,,
2.39,0.13415045128829234,-0.3713850212150976,-0.6841425863064805,-0.025322001174430064,,
2.395,0.1307445380980945,-0.37140374676380356,-0.6778073035855366,0.017650240543576584,,
2.4,0.1273767003392792,-0.3712087410834497,-0.6689241865681888,0.06014630646515706,,
2.4050000000000002,0.12405959518709914,-0.3708027614192292,-0.6575274486085787,0.10201640393066826,,
2.41,0.12080568649925165,-0.3701893082568622,-0.6436601551940104,0.14311311163173465,,
2.415,0.11762720094734919,-0.3693726121581268,-0.627374062295506,0.1832918996017173,,
2.42,0.11453608503370945,-0.36835761802296635,-0.6087294240898456,0.22241163838319994,,
2.4250000000000003,0.11154396314483095,-0.3671499668365727,-0.5877947707667969,0.2603350954949618,,
2.43,0.10866209678913248,-0.36575597496979706,-0.5646466572490483,0.2969294175341427,,
2.435,0.10590134516208724,-0.3641826111084296,-0.5393693837472658,0.3320665961097762,,
2.44,0.1032721271770721,-0.3624374708969907,-0.5120546891800395,0.3656239160569299,,
2.445,0.10078438509480964,-0.36052874938898083,-0.48280141857633924,0.3974843842683449,,
2.45,0.09844754987851317,-0.35846521140489335,-0.45171516567701614,0.42753713771510127,,
2.455,0.09627050839549228,-0.3562561599051273,-0.41890789203177176,0.4556778291819934,,
2.46,0.09426157257933387,-0.3539114024930082,-0.38449752397615594,0.48180898937065286,,
2.465,0.09242845065961375,-0.35144121616917956,-0.34860752894516966,0.505840364154692,,
2.47,0.09077822055866405,-0.34885631046437227,-0.31136647265563533,0.5276892257612859,,
2.475,0.08931730554706502,-0.34616778908400236,-0.2729075587522711,0.5472806568718727,,
2.48,0.08805145224142422,-0.3433871102020665,-0.23336815257485155,0.5645478066097145,,
2.485,0.08698571101956445,-0.34052604554753324,-0.19288929075612532,0.5794321176016914,,
2.49,0.08612441891958336,-0.33759663842943205,-0.15161517840929561,0.5918835233033997,,
2.495,0.0854711850803375,-0.33461116085134884,-0.10969267570408156,0.6018606149863757,,
2.5,0.08502887877182677,-0.33158206986808186,-0.06727077566583667,0.6093307777766367,,
2.505,0.08479962005470368,-0.3285219633407495,-0.024500075060406242,0.6142702953964246,,
2.5100000000000002,0.08478477309876353,-0.3254435352471564,0.01846775975211064,0.6166644232013284,,
2.515,0.08498494218082014,-0.3223595307070852,0.06148053009531984,0.6165074293930513,,
2.52,0.0853999703728437,-0.31928270088133476,0.10438604348110364,0.6138026042480943,,
2.525,0.08602894092171905,-0.3162257579049081,0.14703265143263056,0.6085622374453967,,
2.5300000000000002,0.08687018131243965,-0.3132013300131415,0.18926978472560904,0.6008075635716651,,
2.535,0.08792126999709483,-0.3102219170196988,0.23094848415789726,0.5905686761373988,,
2.54,0.0891790457625886,-0.3072998463025153,0.2719219249798695,0.5778844103592979,,
2.545,0.09063961970077139,-0.3044472294533804,0.31204593314036155,0.5628021952900889,,
2.5500000000000003,0.09229838973549634,-0.30167591974229274,0.35117949153859473,0.545377875801545,,
2.555,0.0941500576521802,-0.29899747054621334,0.38918523450916137,0.5256755051383034,,
2.56,0.09618864856667811,-0.2964230948871272,0.4259299288127445,0.5037671088139072,,
2.565,0.09840753276177791,-0.29396362622066274,0.46128493945598775,0.47973242075875605,,
2.57,0.10079944981137358,-0.2916294806114459,0.49512667872036664,0.45365859267086456,,
2.575,0.10335653490443039,-0.28943062042671286,0.5273370368426825,0.4256398776393865,,
2.58,0.10607034727323696,-0.28737651967389377,0.5578037928549417,0.3957772892709236,,
2.585,0.10893190062314637,-0.2854761311012457,0.5864210041678345,0.3641782374303803,,
2.59,0.1119316954541441,-0.28373785517592864,0.6130893735545634,0.33095614202833007,,
2.595,0.11505975315803756,-0.2821695110450453,0.637716592276039,0.29623002620037353,,
2.6,0.11830565176900217,-0.2807783095795006,0.6602176581742868,0.2601240903379498,,
2.605,0.12165856323957083,-0.27957082859253873,0.680515167648654,0.2227672684665223,,
2.61,0.12510729210895027,-0.27855299031740344,0.6985395805235795,0.18429276864801197,,
2.615,0.12864031542583998,-0.27773004121943273,0.7142294569137755,0.14483759885146968,,
2.62,0.13224582378370783,-0.27710653421212095,0.7275316652888983,0.10454208021074714,,
2.625,0.1359117633227254,-0.2766863133344277,0.7384015610450758,0.06354934910498879,,
2.63,0.13962587854938507,-0.276472500942636,0.7468031349903436,0.022004850113478552,,
2.6350000000000002,0.1433757558220939,-0.276467487455976,0.7527091312605543,-0.019944178700154344,,
2.64,0.1471488673489158,-0.2766729236919736,0.7561011342854845,-0.062149226043163495,,
2.645,0.15093261554197787,-0.27708971581248315,0.756969624536184,-0.10446103170114282,,
2.65,0.1547143775720059,-0.27771802289829,0.7553140028916391,-0.14673011279471254,,
2.6550000000000002,0.1584815499659043,-0.2785572571554883,0.7511425835707731,-0.18880729032945917,,
2.66,0.162221593090297,-0.2796060867518916,0.7444725556901888,-0.2305442141277455,,
2.665,0.16592207536454706,-0.2808624412700751,0.7353299136092721,-0.2717938843732689,,
2.67,0.1695707170478071,-0.28232351975598696,0.7237493563406374,-0.3124111678883955,,
2.6750000000000003,0.17315543344636428,-0.28398580133186174,0.7097741564041179,-0.35225330743297417,,
2.68,0.17666437738965213,-0.2858450583346161,0.693455998614772,-0.39118042220011306,,
2.685,0.18008598082605923,-0.28789637193091483,0.6748547893934069,-0.4290559978137622,,
2.69,0.18340899539282282,-0.290134150152448,0.6540384372962152,-0.465747364075754,,
2.695,0.18662253181806962,-0.2925521482856658,0.6310826055549318,-0.5011261588834504,,
2.7,0.18971609801723255,-0.29514349154323916,0.6060704375203213,-0.5350687766242137,,
2.705,0.19267963575080319,-0.297900699935156,0.5790922559916131,-0.5674567995559928,,
2.71,0.19550355571549344,-0.30081571525108003,0.5502452375098038,-0.5981774106124654,,
2.715,0.19817877094651898,-0.30387993005704333,0.5196330627754022,-0.6271237862745608,,
2.72,0.20069672841470043,-0.3070842186038331,0.4873655444382947,-0.6541954680532753,,
2.725,0.2030494387085435,-0.3104189695362892,0.4535582335823137,-0.6792987113556942,,
2.73,0.20522950369823412,-0.31387412028783146,0.41833200630577494,-0.7023468104737353,,
2.735,0.20723014208569548,-0.31743919303761114,0.3818126318639079,-0.7232603985936008,,
2.74,0.2090452127523159,-0.32110333210296593,0.3441303239085135,-0.7419677217273891,,
2.745,0.2106692358238168,-0.3248553426340497,0.3054192764148187,-0.7584048856957698,,
2.75,0.2120974113797852,-0.32868373047418825,0.2658171859429822,-0.7725160751948468,,
2.755,0.21332563574378272,-0.3325767430437658,0.22546476192525958,-0.7842537442261797,,
2.7600000000000002,0.21435051529847746,-0.3365224111031672,0.1845052267180601,-0.7935787772746358,,
2.765,0.2151693777790717,-0.34050859124719723,0.14308380718509595,-0.8004606205194337,,
2.77,0.21578028100715274,-0.3445230089791488,0.10134721961862464,-0.8048773828552329,,
2.775,0.2161820190362599,-0.34855330221403735,0.05944314981626699,-0.8068159060663683,,
2.7800000000000002,0.21637412568951056,-0.35258706505422066,0.017519730161407926,-0.8062718042657275,,
2.785,0.21635687547898774,-0.3566118916856065,-0.024274984448648087,-0.8032494720718827,,
2.79,0.21613128190572936,-0.3606154202354954,-0.06579353996471375,-0.7977620619294368,,
2.795,0.21569909314856145,-0.3645853764407269,-0.10688960399312346,-0.7898314302026127,,
2.8000000000000003,0.21506278515912408,-0.3685096169674555,-0.14741848219872355,-0.7794880527276886,,
2.805,0.21422555218974731,-0.37237617223376474,-0.18723762848464678,-0.7667709096250213,,
2.81,0.21319129478977528,-0.3761732885790754,-0.22620714713737752,-0.7517273403134731,,
2.815,0.2119646053150257,-0.3798894696360954,-0.26419028517106735,-0.7344128687231231,,
2.82,0.21055075100370915,-0.38351351675432094,-0.30105391312309016,-0.7148909998716598,,
2.825,0.20895565468088378,-0.3870345683372566,-0.336668992613512,-0.6932329880065361,,
2.83,0.2071858731617185,-0.3904421379496813,-0.3709110290086822,-0.669517577685446,,
2.835,0.2052485734321356,-0.39372615106552256,-0.4036605076044403,-0.6438307182121163,,
2.84,0.20315150669303944,-0.396876980322166,-0.4348033117821692,-0.6162652529329674,,
2.845,0.20090298036205517,-0.3998854791615375,-0.46423112167702213,-0.5869205841255273,,
2.85,0.19851182813368892,-0.40274301373612925,-0.4918417919487041,-0.555902314958858,,
2.855,0.19598737820581447,-0.4054414929705918,-0.51753970733742,-0.5233218696751751,,
2.86,0.19333941978666175,-0.40797339667218135,-0.5412361147533712,-0.4892960934034257,,
2.865,0.1905781680026316,-0.410331801592294,-0.5628494307447234,-0.45394683307199585,,
2.87,0.18771422733273085,-0.41251040534836775,-0.5823055232677211,-0.41740050084503055,,
2.875,0.1847585537006438,-0.4145035481222431,-0.5995379667832151,-0.379787621795965,,
2.88,0.18172241536003797,-0.4163062320610542,-0.6144882697931541,-0.34124236728044544,,
2.8850000000000002,0.1786173527129339,-0.4179141383122792,-0.6271060740356729,-0.3019020758142941,,
2.89,0.1754551372045814,-0.4193236416357048,-0.6373493246533163,-0.2619067631191558,,
2.895,0.1722477294414892,-0.42053182254200233,-0.6451844107591425,-0.22139862309889513,,
2.9,0.16900723668182854,-0.4215364769171855,-0.6505862759258347,-0.18052152155872594,,
2.9050000000000002,0.1657458698495725,-0.42233612310129554,-0.6535384982362522,-0.13942048445493546,,
2.91,0.16247590022523245,-0.4229300063983865,-0.6540333396381792,-0.09824118251366475,,
2.915,0.1592096159670961,-0.4233181010043569,-0.6520717644595605,-0.0571294140923564,,
2.92,0.15595927861728764,-0.4235011093485987,-0.6476634270479036,-0.01623058809561566,,
2.9250000000000003,0.1527370797468961,-0.4234804588541361,-0.6408266286106508,0.02431079120511917,,
2.93,0.1495550978937393,-0.42325829613047533,-0.6315882434400709,0.06435163557204453,,
2.935,0.14642525594515982,-0.4228374786228099,-0.6199836148188722,0.10375077865749441,,
2.94,0.14335927911647392,-0.42222156374947856,-0.6060564210069476,0.14236947446018688,,
2.945,0.14036865367344967,-0.42141479556950995,-0.5898585118198693,0.1800718866504839,,
2.95,0.1374645865443496,-0.4204220890299743,-0.5714497164103373,0.21672556700967788,,
2.955,0.13465796596378518,-0.4192490118520094,-0.5508976229696417,0.2522019212801201,,
2.96,0.1319593232867703,-0.4179017641226176,-0.5282773311620441,0.2863766608212527,,
2.965,0.12937879610707678,-0.41638715566701123,-0.5036711782043994,0.31913023839634147,,
2.97,0.12692609280917816,-0.41471258128518773,-0.4771684395937906,0.3503482666677006,,
2.975,0.12461045867784606,-0.41288599394222025,-0.44886500557699915,0.37992191780560985,,
2.98,0.12244064368376593,-0.4109158760110421,-0.4188630345390186,0.40774830290871567,,
2.985,0.12042487205745994,-0.40881120867131326,-0.38727058457092567,0.43373082987237666,,
2.99,0.11857081375729661,-0.40658143957566606,-0.3542012245499312,0.4577795384275523,,
2.995,0.11688555793054299,-0.4042364489004914,-0.31977362614082017,0.4798114112778907,,
3.0,0.11537558845917024,-0.40178651390302783,-0.2841111381869603,0.4997506601108457,,
3.005,0.11404676167467165,-0.3992422721137608,-0.24734134502861513,0.5175289857083575,,
3.0100000000000002,0.11290428631826711,-0.3966146832946324,-0.20959561033098967,0.533085811038247,,
3.015,0.1119527058148964,-0.393914990301674,-0.17100860806442875,0.5463684867430852,,
3.02,0.11119588292100928,-0.39115467899041534,-0.13171784231175335,0.557332468165965,,
3.025,0.1106369867977616,-0.38834543730911575,-0.09186315762572897,0.565941463503884,,
3.0300000000000002,0.11027848255245916,-0.3854991137242619,-0.05158624167876321,0.572167552398604,,
3.035,0.11012212328239306,-0.3826276751284554,-0.01103012198440432,0.5759912748062366,,
3.04,0.11016894464618067,-0.3797431643785866,0.02966134152464164,0.577401689721362,,
3.045,0.1104192619788571,-0.3768576576166347,0.07034396625369366,0.576396403662969,,
3.0500000000000003,0.1108726699578232,-0.37398322152382735,0.11087375723460093,0.5729815688791343,,
3.055,0.11152804481780651,-0.37113187065956926,0.1511074161354126,0.5671718512838496,,
3.06,0.11238354910390207,-0.36831552503632875,0.19090284719414988,0.5589903683704829,,
3.065,0.11343663894284867,-0.36554596807950573,0.23011965829026015,0.5484685972282539,,
3.0700000000000003,0.11468407380378477,-0.36283480512169686,0.26861965538848515,0.5356462532716979,,
3.075,0.11612192871097717,-0.3601934225752596,0.3062673286180151,0.5205711398569889,,
3.08,0.11774560886241461,-0.3576329479292159,0.3429303282788928,0.5032989697344608,,
3.085,0.11954986659969324,-0.35516421070732457,0.3784799291111622,0.48389315860821136,,
3.09,0.12152882066643679,-0.35279770452752357,0.41279148120109777,0.4624245919718992,,
3.095,0.12367597768445392,-0.3505435503915675,0.4457448459533663,0.43897136577157353,,
3.1,0.12598425576914796,-0.34841146133563544,0.4772248156109947,0.41361850210606643,,
3.105,0.12844601019823318,-0.3464107085623213,0.5071215148654494,0.38645764079152334,,
3.11,0.13105306104068995,-0.3445500891734189,0.5353307831670197,0.3575867081060246,,
3.115,0.13379672264612713,-0.34283789561329203,0.5617545364120643,0.3271095637410628,,
3.12,0.13666783488826564,-0.34128188692983136,0.5863011067617473,0.29513562744017313,,
3.125,0.13965679605024992,-0.3398892619499159,0.6088855594252838,0.2617794863552619,,
3.13,0.1427535972338557,-0.33866663446415196,0.6294299853185981,0.227160485017118,,
3.1350000000000002,0.14594785816941067,-0.3376200105012726,0.6478637686051447,0.1914022987696285,,
3.14,0.14922886429855534,-0.3367547677749377,0.6641238282045357,0.15463249274321111,,
3.145,0.15258560499756157,-0.33607563736749374,0.67815483245391,0.11698206753425355,,
3.15,0.15600681280514203,-0.3355866877161418,0.6899093862005642,0.0785849934938144,,
3.1550000000000002,0.15948100351529748,-0.33529131095217274,0.6993481896990367,0.03957773500193697,,
3.16,0.16299651699285514,-0.33519221164099994,0.7064401687906048,9.876662373836664e-05,,
3.165,0.1665415585670227,-0.3352913979577566,0.7111625759365798,-0.039711917330977765,,
3.17,0.17010424085635056,-0.335590175328416,0.7135010617871995,-0.07971329792195422,,
3.1750000000000003,0.17367262587721446,-0.3360891425541621,0.7134497170642479,-0.11976382992724166,,
3.18,0.17723476728703338,-0.33678819043259134,0.7110110846437143,-0.1597219413380987,,
3.185,0.180778752613164,-0.3376865028749039,0.7061961418257292,-0.19944653256490985,,
3.19,0.18429274531858633,-0.33878256051541206,0.6990242528867483,-0.23879747337059293,,
3.1950000000000003,0.18776502655625388,-0.34007414679590187,0.6895230921076843,-0.27763609606677364,,
3.2,0.1911840364651778,-0.3415583565035814,0.6777285375789285,-0.3158256828845487,,
3.205,0.19453841486310536,-0.34323160672696856,0.6636845361815923,-0.353231946283362,,
3.21,0.1978170411928771,-0.3450896501930929,0.6474429402477094,-0.3897235000649917,,
3.215,0.2010090735823298,-0.3471275909328361,0.6290633164951296,-0.4251723200301881,,
3.22,0.20410398688080172,-0.3493399022207825,0.6086127279396177,-0.4594541923480687,,
3.225,0.20709160953910494,-0.3517204467223856,0.5861654895642379,-0.49244914814816765,,
3.23,0.20996215920386296,-0.354262498776548,0.5618028986390157,-0.5240418828871006,,
3.235,0.2127062769019328,-0.3569587687339534,0.5356129406469465,-0.5541221588603893,,
3.24,0.21531505969546477,-0.3598014292624268,0.5076899718842267,-0.5825851897027673,,
3.245,0.21778009169387358,-0.3627821435273572,0.4781343798567824,-0.6093320052579879,,
3.25,0.2200934733146207,-0.36589209514402027,0.4470522226982287,-0.6342697958387152,,
3.255,0.22224784869119232,-0.3691220197976355,0.4145548488838344,-0.6573122343694946,,
3.2600000000000002,0.2242364311330425,-0.37246223841570586,0.3807584986050553,-0.6783797755730447,,
3.265,0.22605302654940337,-0.37590269177714825,0.345783888215372,-0.6973999309675417,,
3.27,0.22769205475594165,-0.37943297643337,0.3097557792306031,-0.7143075187844321,,
3.275,0.22914856859089297,-0.38304238181438105,0.2728025334114389,-0.7290448879393406,,
3.2800000000000002,0.23041827077499727,-0.3867199283880859,0.2350556555112464,-0.7415621152285692,,
3.285,0.23149752845763422,-0.3904544067368983,0.19664932530995702,-0.7518171751427303,,
3.29,0.23238338539972017,-0.3942344174136993,0.157719920596945,-0.7597760816235948,,
3.295,0.23307357175235627,-0.3980484114350334,0.11840553279148112,-0.7654130013082402,,
3.3000000000000003,0.23356651139869075,-0.4018847312682941,0.07884547692324712,-0.7687103378950981,,
3.305,0.2338613268351723,-0.405731652167783,0.03917979770326161,-0.7696587872500253,,
3.31,0.23395784157698915,-0.40957742371235395,-0.0004512265567258337,-0.7682573632465605,,
3.315,0.23385658008138888,-0.41341031139908146,-0.0399075804275676,-0.7645133940093124,,
3.3200000000000003,0.233558765191218,-0.41721863814346455,-0.07905000648286784,-0.7584424888095771,,
3.325,0.23306631310994777,-0.42099082554125794,-0.117740497310191,-0.7500684756036295,,
3.33,0.23238182592805345,-0.4247154347445816,-0.15584278266583412,-0.7394233095542179,,
3.335,0.23150858172940117,-0.4283812068088053,-0.19322281005760591,-0.7265469527232278,,
3.34,0.2304505223147251,-0.43197710236621567,-0.22974921704899584,-0.7114872255418948,,
3.345,0.22921223858783576,-0.43549234048774194,-0.2652937936239112,-0.6942996304808738,,
3.35,0.22779895365831324,-0.43891643659441104,-0.2997319329717283,-0.6750471486235504,,
3.355,0.22621650372264152,-0.4422392392853932,-0.3329430691102174,-0.6538000098610768,,
3.36,0.2244713167934303,-0.44545096595257333,-0.36481109979570026,-0.6306354375167361,,
3.365,0.2225703893540985,-0.4485422370560006,-0.39522479323872395,-0.6056373683949918,,
3.37,0.22052126102355246,-0.45150410894021825,-0.42407817718671587,-0.5788961491653629,,
3.375,0.21833198732253023,-0.45432810507524624,-0.4512709090141689,-0.5505082102814689,,
3.38,0.21601111063980855,-0.45700624561349745,-0.4767086255140309,-0.5205757185175197,,
3.3850000000000002,0.2135676295029212,-0.45953107515817504,-0.500303271171962,-0.4892062095051728,,
3.39,0.21101096626383725,-0.46189568864723585,-0.5219734037697212,-0.45651220138339244,,
3.395,0.20835093331570295,-0.46409375526070373,-0.5416444762564516,-0.4226107912300632,,
3.4,0.20559769796176852,-0.4661195402705717,-0.5592490939029964,-0.3876232354419124,,
3.4050000000000002,0.20276174606238756,-0.467967924754905,-0.574727245850899,-0.35167451584116577,,
3.41,0.19985384459013547,-0.4696344231104994,-0.5880265102536325,-0.3148928928381869,,
3.415,0.1968850032269129,-0.4711151983017616,-0.5991022323080578,-0.2774094473818012,,
3.42,0.19386643514012886,-0.47240707479491834,-0.6079176745652737,-0.23935761335133432,,
3.4250000000000003,0.19080951707790364,-0.47350754913373616,-0.6144441390162816,-0.20087270201756618,,
3.43,0.18772574892545765,-0.4744147981211077,-0.6186610605427935,-0.16209142023280512,,
3.435,0.18462671286668678,-0.47512768457937027,-0.6205560714311538,-0.12315138422746646,,
3.44,0.1815240322961396,-0.4756457606725347,-0.6201250367464458,-0.08419063058997653,,
3.4450000000000003,0.17842933062739635,-0.47596926877965723,-0.6173720604726783,-0.0453471262850632,,
3.45,0.17535419014402792,-0.4760991399197631,-0.6123094624247374,-0.0067582793687814,,
3.455,0.1723101110390536,-0.47603698973554265,-0.6049577260456932,0.03143954769674326,,
3.46,0.16930847078796255,-0.4757851120540842,-0.5953454173053898,0.06911152067104497,,
3.465,0.16636048399903897,-0.4753464700476499,-0.5835090750171218,0.10612480995435829,,
3.47,0.16347716288289896,-0.4747246850323594,-0.5694930729976244,0.1423490597269858,,
3.475,0.16066927848073298,-0.4739240229416068,-0.5533494545841848,0.1776568473959751,,
3.48,0.1579473227879997,-0.4729493785315037,-0.5351377401347255,0.21192413243112465,,
3.485,0.15532147190685808,-0.4718062573705807,-0.5149247082173766,0.24503069243147996,,
3.49,0.152801550356956,-0.4705007556855782,-0.49278415130552167,0.27686054536415505,,
3.495,0.1503969966697799,-0.46903953813281674,-0.46879660686500607,0.30730235600043054,,
3.5,0.14811683038724088,-0.46742981358100805,-0.4430490648290198,0.3362498256305767,,
3.505,0.14596962057984297,-0.46567930898920923,-0.4156346525148997,0.36360206316165583,,
3.5100000000000002,0.14396345599446655,-0.46379624147977966,-0.38665229814183977,0.3892639368684357,,
3.515,0.14210591693564614,-0.46178928870247116,-0.35620637415623896,0.413146404970795,,
3.52,0.14040404897818842,-0.4596675576023705,-0.32440632166923344,0.4351668243948239,,
3.525,0.13886433860210437,-0.45744055169991615,-0.29136625735056104,0.4552492363773,,
3.5300000000000002,0.13749269083413088,-0.4551181370035767,-0.2572045642063584,0.473324627949477,,
3.535,0.13629440897267944,-0.4527105066774203,-0.22204346770409075,0.48933116850633485,,
3.54,0.13527417646574397,-0.4502281445897784,-0.18600859877537823,0.5032144205239066,,
3.545,0.1344360410034106,-0.4476817878749051,-0.14922854525742868,0.5149275239274148,,
3.5500000000000003,0.13378340087881258,-0.44508238863970523,-0.11183439338268177,0.5244313531018775,,
3.555,0.1333189936631627,-0.4424410749559035,-0.0739592609533458,0.5316946465520834,,
3.56,0.13304488723229135,-0.43976911127227647,-0.035737823869041944,0.5366941082577812,,
3.565,0.1329624731736881,-0.43707785839285773,0.0026941623081276267,0.5394144809439726,,
3.5700000000000003,0.1330724625946151,-0.43437873315854636,0.04120034404673213,0.539848590433742,,
3.575,0.1333748843432816,-0.4316831679809791,0.07964425308840307,0.5379973616729358,,
3.58,0.1338690856465425,-0.4290025703658718,0.11788978952391267,0.5338698056897881,,
3.585,0.13455373515898802,-0.42634828257576063,0.15580170299463345,0.5274829783099577,,
3.59,0.1354268284097947,-0.4237315415680702,0.19324607031579857,0.5188619100971851,,
3.595,0.13648569562519836,-0.4211634393565182,0.23009076784008867,0.5080395085059579,,
3.6,0.1377270118961327,-0.41865488392917155,0.2662059368920047,0.49505643197556165,,
3.605,0.1391468096522384,-0.416216560866743,0.3014644406425113,0.4799609371243593,,
3.61,0.1407404933954493,-0.41385889578975094,0.3357423108134253,0.462808698935404,,
3.615,0.14250285663831957,-0.41159201777249993,0.3689191826532552,0.4436626053177869,,
3.62,0.14442810098466233,-0.4094257238454314,0.4008787166553476,0.42259252612879084,,
3.625,0.146509857282449,-0.40736944471603365,0.4315090055554229,0.3996750581660349,,
3.63,0.1487412087718471,-0.40543221182172234,0.4607029651806703,0.3749932464232044,,
3.6350000000000002,0.15111471614415767,-0.4036226258351719,0.4883587078026534,0.3486362832788053,,
3.64,0.1536224444209691,-0.4019488267253921,0.5143798966881684,0.320699186081843,,
3.645,0.1562559915563394,-0.40041846548391813,0.5386760806339365,0.29128245485510074,,
3.65,0.15900651865908236,-0.39903867760860484,0.5611630073167745,0.2604917109153136,,
3.6550000000000002,0.1618647817264089,-0.3978160584403633,0.5817629143972773,0.22843731806555417,,
3.66,0.16482116477525835,-0.3967566404340557,0.6004047973621676,0.1952339873654172,,
3.665,0.16786571425257388,-0.39586587244450056,0.6170246532074576,0.16100036724278227,,
3.67,0.17098817460172522,-0.3951486010948901,0.6315656991153715,0.12585862011610593,,
3.6750000000000003,0.17417802485803566,-0.39460905429338466,0.6439785654045537,0.08993398720591908,,
3.68,0.17742451614324237,-0.3942508269516795,0.6542214620843331,0.053354342977364036,,
3.685,0.1807167099253439,-0.39407686895427735,0.6622603184773248,0.016249740877490454,,
3.69,0.18404351690811552,-0.3940894754173715,0.6680688954305701,-0.021248048115826618,,
3.6950000000000003,0.187393736412152,-0.39429027926979526,0.671628869770126,-0.05900600246532789,,
3.7,0.190756096108073,-0.39468024617915437,0.6729298907145768,-0.09689032096696484,,
3.705,0.19411929196110056,-0.39525967183889354,0.6719696080949928,-0.13476689578956919,,
3.71,0.19747202824593482,-0.39602818162223324,0.668753672299097,-0.1725017862282397,,
3.715,0.2008030574904899,-0.39698473260367123,0.6632957059804453,-0.20996169124238162,,
3.72,0.2041012202076731,-0.3981276179361174,0.6556172476508916,-0.24701441941939833,,
3.725,0.20735548427508096,-0.3994544735685796,0.6457476673918768,-0.28352935438750354,,
3.73,0.21055498382403978,-0.4009622872754188,0.6337240550002968,-0.3193779144236483,,
3.735,0.21368905750111947,-0.40264740996651915,0.6195910809975564,-0.354434004324123,,
3.74,0.2167472859677438,-0.40450556923344166,0.6034008310064058,-0.38857445817664155,,
3.745,0.21971952850615545,-0.40653188508385624,0.5852126141148464,-0.42167947139928097,,
3.75,0.22259595860345827,-0.4087208878059303,0.5650927459125661,-0.4536330205611395,,
3.755,0.2253670983889514,-0.4110665378981807,0.5431143069986976,-0.48432326947973403,,
3.7600000000000002,0.2280238518043444,-0.41356224799236907,0.5193568778220111,-0.513642960327969,,
3.765,0.23055753639079854,-0.41620090669181625,0.49390625081700895,-0.5414897881210993,,
3.77,0.2329599135818954,-0.41897490423720646,0.4668541208610242,-0.5677667575957547,,
3.775,0.23522321739682936,-0.42187615991070837,0.43829775517004566,-0.5923825209212475,,
3.7800000000000002,0.23734018143400423,-0.42489615107748424,0.40833964380538895,-0.6152516954168,,
3.785,0.2393040640711327,-0.4280259437640781,0.3770871320472262,-0.6362951597115857,,
3.79,0.24110867178448694,-0.4312562246604547,0.344652035939908,-0.6554403278681741,,
3.795,0.24274838050652411,-0.4345773344365658,0.3111502423854833,-0.6726213999323698,,
3.8000000000000003,0.24421815494821733,-0.437979302249529,0.27670129520348974,-0.6877795886313878,,
3.805,0.2455135658195557,-0.4414518813240894,0.24142796863435237,-0.7008633207318941,,
3.81,0.24663080488924805,-0.4449845854734199,0.2054558298006036,-0.7118284132170509,,
3.815,0.24756669783228208,-0.44856672643818607,0.1689127916828254,-0.7206382227636247,,
3.8200000000000003,0.24831871482189335,-0.4521874519030819,0.13192865819439947,-0.7272637687983005,,
3.825,0.24888497883045543,-0.455835784063177,0.09463466297582568,-0.7316838290688887,,
3.83,0.24926427161201697,-0.45950065859718936,0.057163003537845425,-0.7338850078983958,,
3.835,0.24945603734732083,-0.4631709639140862,0.019646372415018376,-0.7338617765702464,,
3.84,0.24946038394057876,-0.4668355805307886,-0.017782513019565915,-0.7316164858586766,,
3.845,0.24927808196541165,-0.47048342044292096,-0.05499138039971966,-0.7271593506109189,,
3.85,0.2489105612659094,-0.4741034663484058,-0.09184887021936472,-0.720508406524997,,
3.855,0.24835990522684787,-0.4776848105857365,-0.1282250000261406,-0.7116894392557878,,
3.86,0.24762884273556038,-0.4812166936488772,-0.16399162332490902,-0.7007358859361029,,
3.865,0.24672073786591392,-0.48468854214098667,-0.19902288155288428,-0.6876887100263445,,
3.87,0.2456395773231437,-0.48809000603761465,-0.23319564754922675,-0.672596248979112,,
3.875,0.24438995569588928,-0.49141099511918906,-0.26638995892891193,-0.6555140365266827,,
3.88,0.24297705856991356,-0.4946417144552639,-0.29848943985604937,-0.6365045989970749,,
3.8850000000000002,0.24140664356509162,-0.4977726988041811,-0.3293817097062168,-0.6156372274315832,,
3.89,0.23968501936501213,-0.5007948458165172,-0.3589587771986899,-0.5929877255992219,,
3.895,0.23781902281519937,-0.5036994479185432,-0.3871174185946011,-0.5686381351675763,,
3.9,0.23581599417310442,-0.5064782227670535,-0.4137595386451727,-0.5426764390236508,,
3.9050000000000002,0.23368375059922158,-0.5091233421682446,-0.43879251301088673,-0.5151962437010342,,
3.91,0.23143055798509632,-0.5116274593584876,-0.46212951096400035,-0.48629644206406336,,
3.915,0.22906510121958645,-0.5139837345515607,-0.4836897972323335,-0.4560808576463058,,
3.92,0.22659645300043058,-0.5161858586646212,-0.503399011943803,-0.42465787158767965,,
3.9250000000000003,0.2240340413030097,-0.5182280751373278,-0.521189427683155,-0.39214003399102704,,
3.93,0.2213876156231041,-0.5201051997725871,-0.5370001827833062,-0.3586436604654521,,
3.935,0.21866721211443554,-0.5218126385245818,-0.5507774900273789,-0.32428841607630243,,
3.94,0.21588311774588864,-0.5233464031796914,-0.562474820061451,-0.28919688736033644,,
3.9450000000000003,0.21304583360635038,-0.5247031248690223,-0.5720530588700284,-0.2534941447818949,,
3.95,0.21016603748836524,-0.5258800653742721,-0.5794806388009041,-0.21730729635263285,,
3.955,0.20725454588386208,-0.5268751261811062,-0.5847336426754339,-0.18076503493332252,,
3.96,0.20432227552758264,-0.5276868552584952,-0.5877958806678502,-0.1439971797977429,,
3.9650000000000003,0.2013802046248501,-0.5283144515327362,-0.5886589396780036,-0.10713421521044085,,
3.97,0.1984393339018144,-0.528757767052629,-0.5873222050793612,-0.07030682659087627,,
3.975,0.19551064761626585,-0.529017306830634,-0.5837928547638077,-0.0336454369472014,,
3.98,0.19260507466764593,-0.5290942263724605,-0.5780858255629053,0.00272025585684163,,
3.985,0.1897334499438448,-0.5289903268962488,-0.5702237521623433,0.03866173806601293,,
3.99,0.18690647604195046,-0.5287080482724684,-0.5602368787878782,0.07405213508610332,,
3.995,0.18413468549805953,-0.5282504596986316,-0.5481629439746466,0.10876665949090461,,
4.0,0.18142840365988347,-0.5276212481581136,-0.5340470388871904,0.1426830517176098,,
4.005,0.17879771233290412,-0.5268247046943298,-0.5179414396955266,0.1756820108102371,,
4.01,0.17625241432845606,-0.5258657085615764,-0.49990541465801086,0.2076476146370793,,
4.015,0.17380199903827198,-0.5247497093022944,-0.4800050065982978,0.23846772713388462,,
4.0200000000000005,0.17145560915672603,-0.5234827068256538,-0.4583127916029088,0.2680343921484442,,
4.025,0.16922200866731596,-0.5220712295512965,-0.43490761479871703,0.29624421147314556,,
4.03,0.16710955220576787,-0.5205223107074729,-0.4098743042008196,0.3229987068232634,,
4.035,0.16512615590666208,-0.5188434628599283,-0.383303363644827,0.3482046631971974,,
4.04,0.16327926983557395,-0.5170426507758745,-0.35529064594944915,0.3717744539659434,,
4.045,0.16157585210243885,-0.515128262707467,-0.3259370074612311,0.3936263449060144,,
4.05,0.16002234474633834,-0.5131090802135632,-0.29534794526384256,0.4136847777507998,,
4.055,0.1586246514749067,-0.510994246613729,-0.2636332183250317,0.4318806306179648,,
4.0600000000000005,0.15738811733550653,-0.5087932342034247,-0.2309064539844206,0.4481514561962062,,
4.065,0.1563175103876897,-0.5065158103320166,-0.1972847411569319,0.4624416950425651,,
4.07,0.1554170054399881,-0.504172002482046,-0.16288821175036133,0.474702864957091,,
4.075,0.15469016990595913,-0.5017720624594155,-0.1278396117616957,0.48489372441941697,,
4.08,0.15413995182750168,-0.49932642983543807,-0.09226386361827636,0.4929804105274701,,
4.085,0.15376867010509124,-0.4968456947620187,-0.05628762129924732,0.49893655035004925,,
4.09,0.15357800696725843,-0.49434056029880674,-0.020038819848680393,0.5027433457483532,,
4.095,0.15356900270316548,-0.4918218043824531,0.016353779136597846,0.504389631105239,,
4.1,0.15374205267450897,-0.48930024157612095,0.052761044409597176,0.5038719040556799,,
4.105,0.15409690661450554,-0.4867866847326465,0.08905393276117389,0.5011943288474062,,
4.11,0.1546326702139374,-0.48429190671009414,0.1251039458537761,0.4963687127525597,,
4.115,0.1553478089858149,-0.48182660227174884,0.16078358459971492,0.48941445524979954,,
4.12,0.15624015439245612,-0.47940135030885656,0.19596679946413464,0.48035847054589154,,
4.125,0.157306912210518,-0.4770265765162226,0.23052943511567803,0.46923508342467857,,
4.13,0.1585446731018651,-0.47471251665527164,0.26434966784766906,0.4560858991788313,,
4.135,0.15994942535018436,-0.47246918053066844,0.2973084342392769,0.44095964789345604,,
4.14,0.1615165697158173,-0.4703063168090803,0.32928984954860796,0.4239120035454206,,
4.1450000000000005,0.1632409363537456,-0.46823337880443716,0.36018161436788493,0.4050053792034469,,
4.15,0.16511680373244558,-0.46625949134426226,0.3898754081257699,0.38430869814552615,,
4.155,0.16713791948442458,-0.4643934188410043,0.418267268054517,0.3618971427147789,,
4.16,0.169297523112375,-0.4626435346709507,0.44525795230596693,0.3378518810779995,,
4.165,0.1715883704685391,-0.4610177919742486,0.47075328595406857,0.31225977335247035,,
4.17,0.1740027599186727,-0.4595236959728183,0.49466448867892965,0.2852130579069534,,
4.175,0.17653256009612275,-0.45816827790464726,0.5169084830048303,0.2568090191442694,,
4.18,0.17916923914613048,-0.4569580706627434,0.5374081820210784,0.22714963778635414,,
4.1850000000000005,0.1819038953552147,-0.4558990862242798,0.5560927556023302,0.1963412251093593,,
4.19,0.18472728905585656,-0.4549967949456736,0.572897874207951,0.16449404231529266,,
4.195,0.18762987569221112,-0.45425610679549283,0.5877659294361626,0.13172190636242073,,
4.2,0.19060183992875954,-0.4536813545893104,0.6006462305719913,0.09814178384152655,,
4.205,0.19363313068009994,-0.45327627928175507,0.6114951764768117,0.06387337402485802,,
4.21,0.19671349693718143,-0.4530440173680386,0.6202764022259594,0.029038683100442372,,
4.215,0.19983252426235978,-0.45298709043215524,0.6269609000266022,-0.006238409726635849,,
4.22,0.20297967182376836,-0.45310739688348667,0.6315271139959753,-0.04183259170148695,,
4.225,0.20614430983735652,-0.4534062058993224,0.6339610085168892,-0.07761756112266137,,
4.23,0.20931575728405896,-0.45388415360233514,0.634256109938188,-0.11346647432351639,,
4.235,0.2124833197683456,-0.45454124147316255,0.6324135215216411,-0.14925239481551122,,
4.24,0.21563632738441693,-0.45537683701365994,0.6284419115909508,-0.18484874152583605,,
4.245,0.21876417245605717,-0.4563896766426865,0.6223574749707413,-0.22012973599408042,,
4.25,0.22185634701709053,-0.45757787082498985,0.6141838678646244,-0.25497084575001905,,
4.255,0.22490247990013607,-0.45893891140164583,0.6039521164376459,-0.2892492233448036,,
4.26,0.2278923733030884,-0.46046968110368774,0.5917004994453469,-0.32284413846638255,,
4.265,0.2308160387045733,-0.4621664652036711,0.5774744053534092,-0.35563740284682244,,
4.2700000000000005,0.2336637320021529,-0.46402496527314563,0.5613261644704933,-0.387513785037214,,
4.275,0.23642598774981688,-0.4660403149825784,0.5433148567142653,-0.418361415156575,,
4.28,0.23909365237467822,-0.4682070979001784,0.5235060957089764,-0.44807217669765953,,
4.285,0.241657916256441,-0.47051936721131465,0.5019717899953137,-0.47654208538135356,,
4.29,0.2441103445573243,-0.4729706672998111,0.4787898822224187,-0.5036716525244932,,
4.295,0.24644290669471408,-0.47555405710208193,0.45404406724904894,-0.5293662326911265,,
4.3,0.2486480043535249,-0.4782621351597531,0.4278234901863255,-0.5535363536525386,,
4.305,0.2507184979407802,-0.48108706627374176,0.4002224254394015,-0.5760980279284907,,
4.3100000000000005,0.25264773139010116,-0.4840206096684794,0.3713399379281953,-0.596973044689208,,
4.315,0.2544295552302052,-0.4870541485640038,0.3412795276649905,-0.6160892408979877,,
4.32,0.2560583478371388,-0.4901787210495325,0.31014875899492117,-0.6333807511888854,,
4.325,0.2575290347970906,-0.49338505215220857,0.2780588757815275,-0.6487882346649047,,
4.33,0.25883710631266615,-0.49666358697835883,0.24512440395271082,-0.6622590792214217,,
4.335,0.2599786325932422,-0.5000045248214416,0.21146274278218447,-0.6737475812262718,,
4.34,0.2609502771764316,-0.5033978541022691,0.17719374639212185,-0.6832151010754212,,
4.345,0.2617493081357097,-0.506833388027778,0.14243929694579646,-0.6906301933250882,,
4.3500000000000005,0.262373607136289,-0.5103008008341954,0.10732287105805344,-0.6959687114844613,,
4.355,0.2628216763092736,-0.5137896644909947,0.07196910095981687,-0.6992138867513034,,
4.36,0.2630926429217219,-0.5172894857318923,0.03650333197325395,-0.7003563805412074,,
4.365,0.26318626182810445,-0.5207897432826628,0.0010511778732434675,-0.6993943107868987,,
4.37,0.26310291569656763,-0.5242799251548278,-0.03426192429416485,-0.6963332516460738,,
4.375,0.2628436130112045,-0.5277495658706509,-0.0693111583533844,-0.6911862069061725,,
4.38,0.2624099838595149,-0.5311882834900006,-0.10397277053157547,-0.6839735569267251,,
4.385,0.26180427352199703,-0.5345858163054366,-0.13812450681328867,-0.6747229797165909,,
4.39,0.26102933388867733,-0.5379320590792636,-0.17164604457775048,-0.6634693458265026,,
4.3950000000000005,0.26008861273495504,-0.541217098688921,-0.20441941698204613,-0.6502545882345467,,
4.4,0.2589861408968677,-0.5444312490617349,-0.2363294286024841,-0.6351275469429053,,
4.405,0.2577265173931039,-0.547565085268846,-0.26726406085565296,-0.6181437893782135,,
4.41,0.25631489254854123,-0.5506094766629231,-0.29711486577835655,-0.5993654070193588,,
4.415,0.2547569491809478,-0.5535556189404683,-0.3257773467704327,-0.578860789032308,,
4.42,0.25305888191947096,-0.5563950650164369,-0.35315132496880663,-0.5567043737190357,,
4.425,0.2512273747299512,-0.5591197546023192,-0.37914128995371155,-0.5329763787907311,,
4.43,0.2492695767285818,-0.5617220423847541,-0.4036567335676113,-0.5077625113225167,,
4.4350000000000005,0.24719307637123192,-0.5641947247049046,-0.42661246566540606,-0.4811536582984436,,
4.44,0.24500587411165228,-0.5665310646439287,-0.44792891069902513,-0.4532455593721969,,
4.445,0.24271635362695682,-0.5687248154311778,-0.46753238409219117,-0.42413846241636965,,
4.45,0.24033325171393055,-0.5707702420883085,-0.4853553474525107,-0.3939367634496625,,
4.455,0.23786562696416896,-0.5726621412372841,-0.5013366417210681,-0.36274863217419034,,
4.46,0.23532282733050006,-0.5743958590026564,-0.5154216974646835,-0.33068562451619216,,
4.465,0.23271445670074456,-0.5759673069469622,-0.5275627215733909,-0.2978622833443215,,
4.47,0.2300503405985119,-0.5773729759826002,-0.5377188597335267,-0.2643957291376725,,
4.4750000000000005,0.22734049113350344,-0.5786099482156162,-0.5458563341106565,-0.23040524178886432,,
4.48,0.22459507132655526,-0.579675906678809,-0.5519485557907337,-0.19601183514805134,,
4.485,0.22182435893652025,-0.5805691429227555,-0.5559762115902512,-0.1613378258217766,,
4.49,0.21903870991798804,-0.5812885624396207,-0.5579273249663637,-0.12650639792950685,,
4.495,0.2162485216397647,-0.5818336879041918,-0.5577972908252974,-0.09164116488734515,,
4.5,0.213464195994985,-0.5822046602186275,-0.5555888841405677,-0.056865730504859165,,
4.505,0.21069610253379328,-0.5824022373657366,-0.5513122423709439,-0.022303250236142616,,
4.51,0.20795454174945616,-0.5824277910706492,-0.5449848217717629,0.011924005167187585,,
4.515,0.2052497086479902,-0.5822833012914412,-0.5366313277831455,0.04569508290156489,,
4.5200000000000005,0.202591656730274,-0.5819713485527411,-0.526283619763392,0.07889077553493155,,
4.525,0.1999902625140713,-0.5814951041624435,-0.5139805904457543,0.1113940425156824,,
4.53,0.19745519072117387,-0.5808583183358562,-0.499768020558238,0.14309042277508013,,
4.535,0.19499586025262206,-0.5800653062853351,-0.4836984091686805,0.1738684383972424,,
4.54,0.19262141107171513,-0.5791209323139545,-0.46583078036599945,0.20361998665962294,,
4.545,0.19034067211150252,-0.5780305919836666,-0.4462304670092058,0.23224072014792269,,
4.55,0.1881621303193362,-0.5768001924133189,-0.4249688723199476,0.25963041259175496,,
4.555,0.18609390094723557,-0.5754361307880932,-0.4021232102091639,0.28569331013679067,,
4.5600000000000005,0.18414369919192822,-0.5739452711495858,-0.37777622526734017,0.3103384659223552,,
4.565,0.18231881328384408,-0.5723349195591757,-0.352015893452156,0.33348005748338594,,
4.57,0.1806260791187741,-0.570612797718324,-0.32493510454505314,0.3550376854034835,,
4.575,0.17907185652059143,-0.5687870151457582,-0.29663132753792104,0.37493665243399404,,
4.58,0.17766200721729472,-0.566866040009532,-0.26720626014849075,0.3931082219981045,,
4.585,0.17640187460665563,-0.5648586687203528,-0.23676546373645446,0.4094898553327749,,
4.59,0.17529626538113388,-0.5627739943941636,-0.20541798492462499,0.42402542608314214,,
4.595,0.17434943307520656,-0.5606213743005893,-0.1732759652956431,0.43666541224583216,,
4.6000000000000005,0.17356506359116985,-0.5584103964085111,-0.14045424055128133,0.44736706412258576,,
4.605,0.17294626275259806,-0.5561508451546353,-0.10706993058210369,0.4560945481632577,,
4.61,0.17249554592716218,-0.5538526665533758,-0.07324202190195782,0.4628190661344881,,
4.615,0.17221482975333394,-0.5515259327737533,-0.039090943947545066,0.46751894899370483,,
4.62,0.17210542599780362,-0.5491808063114534,-0.004738140749775889,0.47017972588018697,,
4.625,0.17216803756297283,-0.5468275038772794,0.0296943605051665,0.4707941665577712,,
4.63,0.17240275665625512,-0.5444762601432318,0.06408438247490182,0.4693622992336748,,
4.635,0.17280906512504313,-0.5421372914570438,0.09831003070248309,0.46589140166842413,,
4.64,0.17338583695382834,-0.5398207596722839,0.13225012514786416,0.46039596744557076,,
4.6450000000000005,0.1741313429119682,-0.5375367362053165,0.16578462870023827,0.4528976457742642,,
4.65,0.1750432573333232,-0.5352951664628077,0.19879507113435343,0.4434251571203376,,
4.655,0.1761186670010839,-0.5331058347467214,0.23116496704150236,0.432014182782272,,
4.66,0.1773540821041281,-0.5309783297804971,0.2627802262345535,0.41870723102557417,,
4.665,0.17874544922346244,-0.5289220109577164,0.2935295552118536,0.4035534781548539,,
4.67,0.18028816630068215,-0.5269459754514398,0.3233048482430616,0.38660858719824853,,
4.675,0.18197709953292113,-0.525059026280519,0.35200156672842015,0.36793450305758146,,
4.68,0.18380660213247277,-0.5232696414613829,0.3795191054873735,0.3475992263344022,,
4.6850000000000005,0.18577053488237702,-0.5215859443393991,0.40576114471248675,0.3256765652773868,,
4.69,0.18786228841330674,-0.5200156752163502,0.43063598634215716,0.3022458684045778,,
4.695,0.19007480712076785,-0.5185661643577922,0.45405687370420184,0.2773917370692023,,
4.7,0.1924006146363031,-0.5172443064892484,0.4759422933027698,0.25120372030077887,,
4.705,0.19483184076063945,-0.5160565368576511,0.49621625771472816,0.22377599229158557,,
4.71,0.19736024976193756,-0.5150088089479677,0.5148085686120629,0.1952070140888736,,
4.715,0.19997726993741907,-0.5141065739276,0.5316550590113016,0.16559918039833635,,
4.72,0.20267402433243598,-0.5133547618921009,0.5466978139124594,0.1350584530255528,,
4.7250000000000005,0.2054413625069635,-0.5127577649739098,0.5598853685801022,0.10369398199674312,,
4.73,0.2082698932360466,-0.5123194223741149,0.5711728837824482,0.07161771626462814,,
4.735,0.211150018027412,-0.5120430073627539,0.5805222974159969,0.03894400417323776,,
4.74,0.2140719653369742,-0.5119312163020313,0.5879024519749598,0.005789187115950556,,
4.745,0.21702582536017434,-0.5119861597111071,0.5932891974849127,-0.027728814805731236,,
4.75,0.220001585275855,-0.5122093554250741,0.5966654695211752,-0.0614909209129047,,
4.755,0.222989164817148,-0.512601723845293,0.5980213421011485,-0.0953773128917329,,
4.76,0.22597845204356976,-0.5131635853185981,0.5973540552595736,-0.12926785861301648,,
4.765,0.22895933918730213,-0.5138946596295965,0.5946680172676568,-0.16304253811573152,,
4.7700000000000005,0.23192175844709742,-0.5147940676309766,0.5899747814843577,-0.19658186729811433,,
4.775,0.2348557176029956,-0.5158603349772557,0.5832929979696806,-0.22976732031204666,,
4.78,0.2377513353262836,-0.5170913979693331,0.5746483400492274,-0.26248174753372633,,
4.785,0.2405988760600499,-0.5184846114713221,0.5640734061103649,-0.29460978873853155,,
4.79,0.24338878434738287,-0.5200367588804916,0.5516075970084375,-0.32603827897063237,,
4.795,0.24611171848641386,-0.5217440641030652,0.5372969695369003,-0.3566566471059089,,
4.8,0.24875858339381618,-0.5236022055045645,0.5211940664955718,-0.38635730375569255,,
4.805,0.2513205625612537,-0.5256063317660393,0.503357723993558,-0.4150360195366323,,
4.8100000000000005,0.2537891489927567,-0.527751079609698,0.4838528566705393,-0.442592289866008,,
4.815,0.2561561750144247,-0.5300305933068274,0.462750221634557,-0.46892968753284175,,
4.82,0.2584138408522722,-0.5324385459206118,0.4401261619492806,-0.49395619919490125,,
4.825,0.2605547418781194,-0.5349681621832315,0.4160623306168143,-0.5175845473659983,,
4.83,0.2625718944286073,-0.5376122429498831,0.3906453960302347,-0.5397324941548429,,
4.835,0.2644587601071793,-0.5403631911180831,0.36396672996258567,-0.560323127735674,,
4.84,0.2662092684845709,-0.5432130389381968,0.33612207921557125,-0.5792851294036707,,
4.845,0.26781783811903254,-0.5461534766062335,0.30721122208613394,-0.596553020701168,,
4.8500000000000005,0.2692793958233429,-0.5491758820413779,0.2773376109009116,-0.6120673896330578,,
4.855,0.27058939411226823,-0.5522713517402779,0.24660800187343285,-0.6257750952234128,,
4.86,0.2717438267702287,-0.5554307325984092,0.2151320736234786,-0.6376294497156755,,
4.865,0.27273924248600767,-0.5586446545850973,0.18302203570574713,-0.6475903779750907,,
4.87,0.2735727565079342,-0.5619035641576362,0.15039222854532155,-0.6556245528500267,,
4.875,0.27424206028017084,-0.5651977582895227,0.11735871620645992,-0.6617055071099616,,
4.88,0.2747454290279009,-0.5685174190011077,0.08403887344266309,-0.6658137205597086,,
4.885,0.2750817272664861,-0.5718526482608428,0.05055096848796433,-0.6679366826902269,,
4.89,0.2752504122169748,-0.5751935031393719,0.017013743086945463,-0.6680689303937384,,
4.8950000000000005,0.2752515351179772,-0.5785300310888765,-0.016454008767533248,-0.6662120604931849,,
4.9,0.2750857404310586,-0.5818523052215825,-0.0497338618670331,-0.6623747176815461,,
4.905,0.2747542629447142,-0.5851504594677297,-0.08270817913232996,-0.6565725567562646,,
4.91,0.27425892278887726,-0.5884147234781277,-0.11526052774330642,-0.6488281809733132,,
4.915,0.27360211837999643,-0.5916354571625835,-0.14727609062831315,-0.6391710547187328,,
4.92,0.2727868173232381,-0.5948031847237248,-0.17864207180539404,-0.6276373930465439,,
4.925,0.2718165453064933,-0.5979086280859904,-0.20924809419619103,-0.6142700262580716,,
4.93,0.27069537302700675,-0.6009427395813174,-0.23898658845325557,-0.5991182421906922,,
4.9350000000000005,0.26942790119937643,-0.6038967337961046,-0.26775317148417255,-0.5822376045571948,,
4.94,0.26801924369943275,-0.6067621184465442,-0.29544701327798284,-0.5636897505462942,,
4.945,0.2664750089061356,-0.6095307241967954,-0.32197119080720765,-0.543542165541379,,
4.95,0.26480127930882774,-0.6121947332890858,-0.34723302769316206,-0.52186793862509,,
4.955,0.2630045894544872,-0.6147467069109385,-0.3711444185057532,-0.49874549733671275,,
4.96,0.26109190231424645,-0.6171796111811259,-0.3936221364984554,-0.47425832469451346,,
4.965,0.25907058415514717,-0.6194868416826724,-0.41458812376372123,-0.4484946573458423,,
4.97,0.2569483780071809,-0.6216622464370581,-0.4339697627261278,-0.42154716850832097,,
4.9750000000000005,0.2547333758217752,-0.6237001472627375,-0.4517001280991392,-0.3935126340219627,,
4.98,0.2524339894211582,-0.6255953594181963,-0.4677182183537587,-0.36449158542364585,,
4.985,0.25005892034358285,-0.6273432094860856,-0.4819691659724606,-0.3345879488282333,,
4.99,0.24761712869183194,-0.6289395514137442,-0.4944044256817457,-0.3039086733505717,,
4.995,0.2451178010972946,-0.630380780677465,-0.5049819401009382,-0.27256334785430647,,
5.0,0.24257031791342964,-0.6316638464987904,-0.5136662821535345,-0.24066380972060436,,
5.005,0.23998421975662756,-0.6327862620923979,-0.5204287738414747,-0.20832374549037785,,
5.01,0.2373691735131267,-0.6337461128965731,-0.5252475809067229,-0.1756582854624414,,
5.015,0.2347349379338939,-0.6345420627659036,-0.5281077831404132,-0.14278359350447486,,
5.0200000000000005,0.23209132893934004,-0.6351733581036768,-0.5290014200429286,-0.10981645387240124,,
5.025,0.2294481847579757,-0.6356398299246375,-0.5279275117700637,-0.0768738558044367,,
5.03,0.22681533102225626,-0.6359418938367484,-0.5248920552443885,-0.04407257826261003,,
5.035,0.22420254594620853,-0.6360805479519697,-0.5199079955417198,-0.011528775586516674,,
5.04,0.22161952570770868,-0.6360573687291823,-0.5129951726137438,0.020642434178201857,,
5.045,0.21907585015867928,-0.6358745047691116,-0.5041802436233903,0.05232737662076478,,
5.05,0.2165809489840015,-0.6355346685868225,-0.4934965811418817,0.08341422316656107,,
5.055,0.21414406842926909,-0.6350411263877435,-0.4809841476375052,0.11379338553812161,,
5.0600000000000005,0.21177423871447348,-0.6343976858961536,-0.4666893466992155,0.14335790289424494,,
5.065,0.20948024224881046,-0.6336086822654076,-0.45066485156424396,0.1720038179228897,,
5.07,0.2072705827584031,-0.6326789621430704,-0.4329694115820426,0.19963054329703406,,
5.075,0.20515345543554678,-0.6316138659249301,-0.4136676373173112,0.2261412141495127,,
5.08,0.20313671821437732,-0.6304192082906381,-0.3928297650987983,0.2514430285523567,,
5.085,0.20122786427349998,-0.629101257062806,-0.370531401846645,0.27544757163301387,,
5.09,0.19943399586205054,-0.6276667104955271,-0.34685325113988985,0.2980711250758789,,
5.095,0.19776179954031506,-0.626122673048286,-0.3218808214843826,0.31923495854999845,,
5.1000000000000005,0.19621752292150849,-0.6244766297551189,-0.2957041178701365,0.33886560380297676,,
5.105,0.19480695299527412,-0.6227364192650989,-0.26841731770547544,0.35689510929964063,,
5.11,0.19353539610830509,-0.6209102056626847,-0.24011843231804356,0.37326127511732543,,
5.115,0.1924076596710642,-0.6190064491635517,-0.21090895522969566,0.3879078673636455,,
5.12,0.1914280356536802,-0.6170338757910581,-0.18089349847216962,0.4007848105776415,,
5.125,0.19060028592752395,-0.6150014461489522,-0.15017941825445133,0.41184835887025567,,
5.13,0.18992762950233807,-0.6129183233899557,-0.11887643131257114,0.42106124342415296,,
5.135,0.1894127317021386,-0.6107938405109058,-0.08709622332867813,0.42839279782355333,,
5.14,0.18905769531595915,-0.6086374670736114,-0.05495205080409103,0.4338190589303042,,
5.1450000000000005,0.18886405375270993,-0.6064587754872194,-0.02255833781871803,0.43732284447145703,,
5.15,0.18883276622203973,-0.6042674069584375,0.009969730892636992,0.43889380613987405,,
5.155,0.18896421495604376,-0.6020730372399686,0.0425166190989424,0.4385284585078599,,
5.16,0.1892582044793354,-0.5998853422942186,0.07496684900732423,0.43623018357819504,,
5.165,0.18971396292768897,-0.5977139639955219,0.10720541052767345,0.43200921096360073,,
5.17,0.1903301454083198,-0.5955684759924174,0.13911816840645147,0.42588257379188044,,
5.175,0.1911048393874624,-0.5934583498508813,0.1705922658017991,0.4178740404914459,,
5.18,0.1920355720839526,-0.59139292159861,0.20151652285715407,0.4080140230455698,,
5.1850000000000005,0.19311931984016845,-0.5893813587856331,0.231781828888991,0.3963394614093147,,
5.19,0.19435251943506066,-0.5874326281830738,0.26128152678087113,0.3828936854361595,,
5.195,0.19573108129673647,-0.5855554642256945,0.2899117882614203,0.36772625383733054,,
5.2,0.197250404565888,-0.5837583383180583,0.317571978717588,0.3508927716677674,,
5.205,0.19890539395431556,-0.5820494291038324,0.344165010293028,0.3324546864136965,,
5.21,0.20069047833705111,-0.5804365938079918,0.3695976820083198,0.3124790638808046,,
5.215,0.20259963101000564,-0.5789273407475842,0.3937810057464616,0.29103834400024237,,
5.22,0.20462639153979756,-0.5775288031134254,0.4166305169276158,0.26821007856406764,,
5.2250000000000005,0.20676388912622815,-0.576247714104103,0.4380665688380103,0.24407665061665273,,
5.23,0.2090048673933801,-0.5750903835094534,0.45801460954547496,0.21872497743359362,,
5.235,0.21134171051953668,-0.5740626758161507,0.4764054404845444,0.1922461976000347,,
5.24,0.2137664706122896,-0.5731699899165896,0.49317545578044536,0.16473534384881583,,
5.245,0.21627089623017498,-0.5724172404857187,0.5082668615252173,0.1362910020219935,,
5.25,0.21884646194893148,-0.571808841097,0.5216278742177339,0.10701495838515145,,
5.255,0.22148439886622592,-0.5713486891262706,0.5332128977237144,0.07701183570691866,,
5.26,0.2241757259361375,-0.5710401525024345,0.5429826781269338,0.046388719773343856,,
