z_crossings,u_bar,beta,history
-0.14315399455599986,0.09792233907705168,1.0,True
-0.34785236001691894,0.06420537746382778,1.0,True
-0.9748248819072515,0.01800663049211899,1.0,True
-1.6253694872012603,0.0048778372559941585,1.0,True
-2.2879172698257806,0.0012946132221515361,1.0,True
-2.9565769735840743,0.00033978719988675323,1.0,True
-3.628348724917052,8.864365267396358e-05,1.0,True
-4.301705029136887,2.30517816370337e-05,1.0,True
-4.975868127664487,5.984114076193354e-06,1.0,True
-5.650442013068547,1.5517034587405867e-06,1.0,True
-6.325225053868243,4.0195693656307625e-07,1.0,True
-1.744424678550328,-0.0016253785219970923,1.04,True
-1.5346966014498606,-0.0018320363472761215,1.04,True
-1.3123978890836234,-0.00133944403140037,1.04,True
-1.0820718524324064,0.0002315664849692947,1.04,True
-0.8460056897138818,0.0037004153779671817,1.04,True
-0.6055111621321927,0.01053909241910049,1.04,True
-0.3613732123651541,0.023326233871669794,1.04,True
-0.11402496445959133,0.04665981639943648,1.04,True
-1.878147042912709,0.0004242743042745593,1.02,True
-1.771266654466633,0.0004880256170395616,1.02,True
-1.657980736017243,0.00079027014722568,1.02,True
-1.5406200470789397,0.0013131321174993515,1.02,True
-1.4203698071089566,0.002098662829781874,1.02,True
-1.2979291971804414,0.0032214779435996654,1.02,True
-1.1737502694070987,0.004787900690256139,1.02,True
-1.0481437371693545,0.00694234560489769,1.02,True
-0.9213322201857473,0.009878012453219977,1.02,True
-0.793479432797754,0.01385179022455629,1.02,True
-0.664707539155566,0.019216390156591632,1.02,True
-0.5351078104247858,0.026451252944344555,1.02,True
-0.40474343762845816,0.03613003958964336,1.02,True
-0.2736574512823381,0.04915860354748768,1.02,True
-0.14187083114561522,0.06670553268478342,1.02,True
-0.9200162489050983,0.08551438742471078,0.9,True
-1.5258793337051766,0.04192873885931384,0.9,True
-2.1676257445780642,0.02046923183810718,0.9,True
-2.8322113900206607,0.01021050555216203,0.9,True
-3.512911902055103,0.005196164217251659,0.9,True
-4.205643913391693,0.0026914931095593517,0.9,True
-4.90759602514758,0.0014245269318878808,0.9,True
-5.616552593270365,0.0007792745498596379,0.9,True
-6.3304168793042574,0.00044835453942595316,0.9,True
-7.046714532374097,0.0002768114435589361,0.9,True
-7.761817056057861,0.0001862048108955681,0.9,True
-8.469188555786781,0.00013712399538312996,0.9,True
-9.150953476134058,0.00011070772693550847,0.9,True
-1.9017906461643725,0.07062928022586823,0.8,True
-3.2559813403786713,0.020201351147810815,0.8,True
-4.679688022782283,0.0059203771031159595,0.8,True
-6.112108461480068,0.002065886283233906,0.8,True
-7.342451877410101,0.001097230200114887,0.8,True
-0.14315399455599986,0.09792233907705168,1.0,False
-0.34785236001691894,0.06420537746382778,1.0,False
-0.9748248819072515,0.01800663049211899,1.0,False
-1.6253694872012603,0.0048778372559941585,1.0,False
-2.2879172698257806,0.0012946132221515361,1.0,False
-2.9565769735840743,0.00033978719988675323,1.0,False
-3.628348724917052,8.864365267396358e-05,1.0,False
-4.301705029136887,2.30517816370337e-05,1.0,False
-4.975868127664487,5.984114076193354e-06,1.0,False
-5.650442013068547,1.5517034587405867e-06,1.0,False
-6.325225053868243,4.0195693656307625e-07,1.0,False
-1.5660206526548155,-0.004185135565129106,1.04,False
-1.2773188589158244,-0.003763478303519902,1.04,False
-0.9884213208078435,-0.0017716621880189314,1.04,False
-0.6991803780459163,0.003439542621756742,1.04,False
-0.4093195570423147,0.015008223029771032,1.04,False
-0.11832375669738115,0.03894430489143319,1.04,False
-1.787119237178075,-0.000599092304784047,1.02,False
-1.6399905374450738,-0.0001391153394929082,1.02,False
-1.4928347093163774,0.0005870801626654772,1.02,False
-1.3456456209952055,0.0016855063522798282,1.02,False
-1.1984118422210759,0.003304333310545083,1.02,False
-1.0511179341295973,0.005646694653281212,1.02,False
-0.9037429961528268,0.008990748585400655,1.02,False
-0.7562585805673121,0.013717039377311814,1.02,False
-0.6086256100000627,0.02034555209951048,1.02,False
-0.46079125426510764,0.029619047682948645,1.02,False
-0.3126821125291203,0.04254362007553709,1.02,False
-0.16419748656772376,0.060600086289534866,1.02,False
-1.4532915729438465,0.06538029069268152,0.9,False
-2.28709075626897,0.02390047568961673,0.9,False
-3.120517607234633,0.009566570912074494,0.9,False
-3.9538688217802695,0.004006331577469819,0.9,False
-4.787205690729364,0.0017128209539521199,0.9,False
-5.6205395945829375,0.0007390541319546452,0.9,False
-6.45387260536303,0.0003201855486046064,0.9,False
-7.287205088389952,0.00013896322720383626,0.9,False
-8.120537101627534,6.035841433904833e-05,0.9,False
-8.953868648350841,2.6225672793626326e-05,0.9,False
-9.787199721591952,1.1396830098506431e-05,0.9,False
-10.620534904866357,4.953540633685292e-06,0.9,False
-11.453869998520993,2.1526266248228116e-06,0.9,False
-12.2872047211476,9.354621065574513e-07,0.9,False
-13.120539061125106,4.0652863063465583e-07,0.9,False
-13.953873007067859,1.766697745167273e-07,0.9,False
-14.787206547655169,7.677839074614226e-08,0.9,False
-15.620539671565092,3.3367306781360096e-08,0.9,False
-16.45387236744875,1.4501355472671228e-08,0.9,False
-3.122928997554551,0.03649757771060305,0.8,False
-4.997630478492339,0.005375615891148804,0.8,False
-6.872616490045133,0.0008184942202966219,0.8,False
-8.747618836840697,0.00012537011724650127,0.8,False
-10.622620838595266,1.9222087252409538e-05,0.8,False
-12.49762091949714,2.9476770712460683e-06,0.8,False
-14.37261889882519,4.520384829156058e-07,0.8,False
-16.247614731459343,6.932312809919327e-08,0.8,False
-18.122608385017333,1.0631309186407702e-08,0.8,False
-19.997599828056664,1.6304256517518467e-09,0.8,False
-21.872589028989434,2.50046419170271e-10,0.8,False
-23.74759413427359,3.834869901272242e-11,0.8,False
-25.622603547577903,5.880795738430116e-12,0.8,False
-27.497610982383588,9.018602946309015e-13,0.8,False
-29.37261640881974,1.3832605330674704e-13,0.8,False
-31.2476197968023,2.1003788235183583e-14,0.8,False
-33.1226211160311,3.3395181320373743e-15,0.8,False
-34.99762033598462,8.612451141022778e-16,0.8,False
-36.8726174259167,0.0,0.8,False
