x,z,history
0.0,0.0,False
0.01034210252274314,-0.0005982713499419776,False
0.02052960717482099,-0.002336573658272086,False
0.030589745291535943,-0.005162615086537872,False
0.040403842018397335,-0.009028034623994778,False
0.04989329087247788,-0.013860951912948751,False
0.05898142513388544,-0.019602345771355303,False
0.0675952344798325,-0.026186498887483655,False
0.07566591880060236,-0.03354609054027189,False
0.08312967351091267,-0.04161044756882782,False
0.08992822100389601,-0.0503062024434369,False
0.09600940337993813,-0.059557191646288775,False
0.10132764086866708,-0.06928481767470646,False
0.10584435500538603,-0.0794083682196585,False
0.10952830834721523,-0.08984546833198173,False
0.11235588197283201,-0.1005125755657597,False
0.11431128013469338,-0.11132553421827618,False
0.11538666585048485,-0.12220016485505135,False
0.11558222499649842,-0.13305288224675185,False
0.11490615940749911,-0.14380132939713636,False
0.11337460851695233,-0.15436501847018905,False
0.11101149987048417,-0.16466596912419518,False
0.10784832898416546,-0.17462933572745623,False
0.10392386954415447,-0.1841840153725221,False
0.09928381542279306,-0.1932632292369771,False
0.09398035660606417,-0.20180507039936854,False
0.08807169180945502,-0.20975301181963657,False
0.08162148132734816,-0.21705636879890558,False
0.07469824448597208,-0.22367071086101695,False
0.06737470693352962,-0.22955821864205173,False
0.05972710387040618,-0.23468798203509186,False
0.05183444616185279,-0.23903623651206635,False
0.04377775704512984,-0.24258653522935686,False
0.03563928780279726,-0.24532985521434827,False
0.02750172128633414,-0.24726463662141082,False
0.019447372508477827,-0.24839675473262612,False
0.011557395656443125,-0.24873942505553862,False
0.003911006800426159,-0.24831304253194592,False
-0.0034152687165004214,-0.2471449565129801,False
-0.010348315706889563,-0.2452691837714226,False
-0.016819107545459212,-0.24272606240754632,False
-0.022763336515009218,-0.23956185005529151,False
-0.028121989958947883,-0.23582827030706788,False
-0.032841867077781944,-0.2315820117440741,False
-0.03687603220220204,-0.22688418438119753,False
-0.04018420136045812,-0.22179973870811615,False
-0.04273305990305127,-0.21639685282834933,False
-0.0444965098310796,-0.21074629346327378,False
-0.04545584628131235,-0.20492075679656632,False
-0.04559986334416209,-0.19899419528468332,False
-0.04492489002969797,-0.19304113664991204,False
-0.04343475775647238,-0.18713600130391364,False
-0.04114070122668861,-0.18135242442183092,False
-0.03806119497967411,-0.17576258880093623,False
-0.03422172829492401,-0.17043657449507996,False
-0.02965452145670901,-0.16544173101915194,False
-0.024398186703452056,-0.16084207766926722,False
-0.018497337473715965,-0.1566977372078495,False
-0.01200214983129483,-0.1530644078220772,False
-0.0049678802067897225,-0.14999287788349744,False
0.002545656167738202,-0.14752858762046375,False
0.010474641532600002,-0.14571124136801777,False
0.01875184178290554,-0.14457447358654604,False
0.027307217582506788,-0.14414557134558129,False
0.036068555283731506,-0.14444525545693754,False
0.04496211241130227,-0.14548752191624661,False
0.05391327238956627,-0.1472795447779809,False
0.06284720315263849,-0.1498216410500842,False
0.0716895142794989,-0.1531072976540957,False
0.08036690734160659,-0.1571232599587159,False
0.08880781423913614,-0.16184968086261933,False
0.09694301843221617,-0.16726032887943554,False
0.10470625414306595,-0.17332285316769347,False
0.1120347788100792,-0.17999910295472285,False
0.1188699143111286,-0.18724549832968995,False
0.12515755273534998,-0.1950134489308813,False
0.13084862276466025,-0.20324981662988137,False
0.13589951302243025,-0.21189741792431208,False
0.14027244905158465,-0.220895561395187,False
0.14393582089326754,-0.23018061526847,False
0.14686445854673827,-0.23968659984672525,False
0.1490398528997808,-0.2493457993491536,False
0.1504503200272336,-0.25908938751982113,False
0.1510911070663544,-0.2688480612370576,False
0.15096443819723088,-0.278552676283883,False
0.15007949959231354,-0.2881348794213785,False
0.14845236256126038,-0.29752773094500606,False
0.14610584451665373,-0.30666631199818906,False
0.14306930783383912,-0.3154883110675016,False
0.13937839718393438,-0.323934584288405,False
0.13507471649001954,-0.33194968444775064,False
0.13020544729546957,-0.33948235387671133,False
0.1248229110376358,-0.3464859767822444,False
0.11898407848038783,-0.352918986962861,False
0.11275003035921859,-0.35874522729107555,False
0.10618537410971893,-0.3639342578156436,False
0.0993576223554386,-0.3684616098363859,False
0.09233653959144045,-0.3723089838275372,False
0.08519346418023871,-0.3754643896264315,False
0.07800061334301288,-0.377922227857108,False
0.07083037925025115,-0.37968331211723855,False
0.06375462456773873,-0.38075483201585764,False
0.056843985879897745,-0.3811502577031042,False
0.05016719328661697,-0.38088918707617364,False
0.043790414156062336,-0.3799971373728281,False
0.03777662852881061,-0.3785052833703387,False
0.032185043031086276,-0.37645014488921025,False
0.02707054939677448,-0.37387322675336504,False
0.0224832328533388,-0.37082061477791484,False
0.01846793473139868,-0.3673425317388245,False
0.015063872745965127,-0.36349285762262035,False
0.012304321500180893,-0.35932861875610245,False
0.010216354905635015,-0.3549094506734215,False
0.008820651416388332,-0.3502970397888816,False
0.008131362249521443,-0.3455545491068179,False
0.00815604211958518,-0.3407460333136916,False
0.008895641448360244,-0.33593584866140486,False
0.010344558520759961,-0.3311880630645073,False
0.012490749635176556,-0.32656587179768926,False
0.015315894932743926,-0.32213102409448713,False
0.018795617274830284,-0.31794326581473265,False
0.02289975126188243,-0.31405980316871557,False
0.027592659240986857,-0.3105347922625344,False
0.03283359092734867,-0.3074188589643253,False
0.03857708306145474,-0.3047586532880122,False
0.04477339533613334,-0.3025964421532386,False
0.051368978655082165,-0.3009697440107979,False
0.058306971627333386,-0.29991100842592444,False
0.06552772106242208,-0.29944734329110234,False
0.07296932211141098,-0.29960029189951587,False
0.08056817360250791,-0.30038566165383307,False
0.08825954404993817,-0.30181340571658655,False
0.09597814377384263,-0.3038875584318475,False
0.10365869855951962,-0.3066062248669761,False
0.11123652030776605,-0.3099616243416994,False
0.11864807018489801,-0.3139401873332947,False
0.12583150987070268,-0.3185227046748589,False
0.1327272366235015,-0.3236845275021158,False
0.1392783980311009,-0.3293958159565118,False
0.14543138249121726,-0.33562183422200387,False
0.151136281660852,-0.34232328906346626,False
0.15634732132651757,-0.3494567086494876,False
0.16102325737153855,-0.3569748580848916,False
0.16512773374852907,-0.3648271877518894,False
0.16862959960093354,-0.37296031026650267,False
0.17150318291469127,-0.3813185016017503,False
0.17372851831866035,-0.38984422171377836,False
0.17529152689129165,-0.39847864983406206,False
0.17618414607416177,-0.4071622294620923,False
0.17640440804551433,-0.4158352180102588,False
0.1759564651761226,-0.42443823601720065,False
0.17485056148445438,-0.432912810858473,False
0.1731029493382141,-0.44120190994423736,False
0.17073575102495783,-0.44925045850254186,False
0.16777676524479854,-0.4570058372028036,False
0.1642592190702697,-0.46441835507595874,False
0.16022146647581262,-0.4714416934334971,False
0.15570663516112931,-0.47803331677477967,False
0.15076222407233703,-0.4841548469976948,False
0.1454396547499705,-0.4897723975883893,False
0.1397937803848435,-0.4948568648576413,False
0.1338823572175536,-0.49938417371017724,False
0.1277654836466153,-0.5033354758743156,False
0.12150501308286744,-0.5066972989779673,False
0.1151639471724999,-0.5094616453283005,False
0.10880581647829113,-0.5116260397312999,False
0.10249405603325273,-0.513193526169043,False
0.09629138334407043,-0.5141726136319018,False
0.0902591864127754,-0.5145771718753661,False
0.08445692916222729,-0.5144262783322677,False
0.07894158130162804,-0.5137440178566688,False
0.07376707916831514,-0.5125592374016034,False
0.06898382345455285,-0.5109052581356247,False
0.06463821900124342,-0.5088195478793748,False
0.060772261045695095,-0.5063433570901466,False
0.057423171479733644,-0.5035213219369383,False
0.054623087837874215,-0.5004010382883746,False
0.05239880691990715,-0.4970326106789662,False
0.05077158418020032,-0.493468180523665,False
0.04975698930376003,-0.4897614380150251,False
0.04936481774723614,-0.4859671222603076,False
0.04959905745658591,-0.482140514296714,False
0.050457909482095546,-0.478336927661121,False
0.051933860791970834,-0.4746112011861105,False
0.05401380723098205,-0.47101719864704444,False
0.05667922427218548,-0.467607319796123,False
0.05990638295838227,-0.4644320271898911,False
0.06366660821680184,-0.46153939304801817,False
0.06792657654751702,-0.45897467017524046,False
0.07264864992672909,-0.45677989073732955,False
0.0777912426253713,-0.4549934964083631,False
0.08330921751825104,-0.45365000310320863,False
0.08915430834756692,-0.45277970317899824,False
0.09527556430687621,-0.45240840763567236,False
0.10161981322829901,-0.4525572304717255,False
0.10813213958852926,-0.45324241696053336,False
0.114756373500061,-0.45447521720856315,False
0.1214355868249798,-0.4562618059429031,False
0.12811259254151483,-0.45860324905541194,False
0.13473044350962768,-0.46149551700793195,False
0.1412329268218826,-0.4649295447809117,False
0.14756504998957878,-0.4688913376299299,False
0.15367351530066622,-0.47336212150441886,False
0.15950717879354365,-0.4783185365837273,False
0.1650174904169523,-0.4837328720008527,False
0.1701589120877808,-0.4895733394569409,False
0.17488931051227863,-0.495804383083153,False
0.17917032179849213,-0.5023870225837509,False
0.18296768505548766,-0.5092792263981784,False
0.18625154234555286,-0.5164363113532249,False
0.18899670252748815,-0.5238113650416181,False
0.19118286670206572,-0.5313556869629086,False
0.19279481314611321,-0.5390192442983434,False
0.19382253980264524,-0.5467511380653444,False
0.19426136258605814,-0.5545000753106476,False
0.1941119679704139,-0.5622148429552031,False
0.19338041856349591,-0.5698447788992757,False
0.19207811063875654,-0.5773402360331161,False
0.19022168291081523,-0.584653034876937,False
0.1878328762063534,-0.5917369006931451,False
0.18493834410787918,-0.5985478810728115,False
0.181569415136784,-0.6050447401956923,False
0.1777618075943953,-0.6111893261968063,False
0.1735552987905984,-0.6169469083402412,False
0.16899335104904503,-0.6222864809996907,False
0.16412269757055314,-0.627181031772048,False
0.15899289194154728,-0.6316077714016735,False
0.15365582576760078,-0.6355483235649182,False
0.1481652195657818,-0.6389888729530964,False
0.14257609263493337,-0.6419202704931847,False
0.13694421811249585,-0.6443380949548274,False
0.13132556979525747,-0.6462426706054738,False
0.12577576752967634,-0.6476390409884606,False
0.1203495280518854,-0.6485368993074913,False
0.11510012807254874,-0.6489504763013368,False
0.11007888615988715,-0.6488983868809928,False
0.10533466958586009,-0.648403437174512,False
0.10091343178316721,-0.6474923939791143,False
0.09685778543756796,-0.6461957189529961,False
0.09320661553800577,-0.644547270187904,False
0.08999473595501443,-0.6425839740855714,False
0.08725259234454513,-0.6403454707144306,False
0.08500601340638067,-0.6378737360457105,False
0.08327601178689589,-0.6352126846584842,False
0.08207863522377334,-0.6324077566600578,False
0.0814248678989678,-0.6295054926901795,False
0.08132058140413483,-0.6265531009640458,False
0.081766534233402,-0.6235980203594276,False
0.08275841830105239,-0.6206874835671792,False
0.08428695063229208,-0.617868084301975,False
0.08633800808727697,-0.6151853525117138,False
0.08889280274399818,-0.6126833414303453,False
0.09192809537596539,-0.6104042301909323,False
0.09541644430756158,-0.608387945554897,False
0.09932648680595572,-0.6066718061212751,False
0.10362325006720947,-0.6052901921583242,False
0.10826848877076727,-0.6042742439512023,False
0.11322104610737724,-0.603651591286059,False
0.11843723512853731,-0.6034461163953756,False
0.12387123721983738,-0.6036777523745305,False
0.12947551446606803,-0.6043623187482735,False
0.13520123265329864,-0.6055113955210676,False
0.14099869164326906,-0.6071322366902094,False
0.146817759859423,-0.6092277238384007,False
0.15260830964260078,-0.6117963600561763,False
0.15832065026829908,-0.6148323040774861,False
0.1639059554664767,-0.6183254441469157,False
0.16931668234853953,-0.6222615107776556,False
0.17450697872317775,-0.6266222272084551,False
0.1794330758714215,-0.6313854960284466,False
0.18405366394948097,-0.6365256201138172,False
0.18833024729326045,-0.6420135557126788,False
0.1922274770085101,-0.647817195226854,False
0.19571345834330173,-0.6539016769742234,False
0.19876003045337742,-0.6602297189751964,False
0.20134301628528742,-0.6667619735939996,False
0.20344244041766715,-0.6734573996818525,False
0.20504271281945186,-0.6802736487165293,False
0.20613277660882703,-0.687167461312815,False
0.20670621803338032,-0.6940950703922492,False
0.20676133704688635,-0.7010126072492517,False
0.2063011770392409,-0.707876506734916,False
0.2053335124918716,-0.7146439077997175,False
0.20387079359017773,-0.7212730456920929,False
0.20193004713525375,-0.7277236322008489,False
0.19953273346577838,-0.73395722045488,False
0.1967045595314779,-0.7399375509525025,False
0.19347524875254798,-0.7456308756832897,False
0.18987826885122763,-0.7510062574256651,False
0.18595051944408378,-0.7560358415513779,False
0.18173198182332292,-0.7606950979407049,False
0.17726533401481245,-0.7649630309068658,False
0.17259553485767296,-0.7688223553415113,False
0.1677693814805981,-0.7722596376218445,False
0.16283504512729763,-0.7752654001604283,False
0.15784159078170867,-0.7778341888273783,False
0.15283848643900802,-0.779964602827772,False
0.14787510814093607,-0.7816592869711169,False
0.14300024702883724,-0.7829248866210466,False
0.13826162465698347,-0.7837719659586808,False
0.13370542265120933,-0.7842148905290505,False
0.12937583249994122,-0.784271675363654,False
0.1253146308394071,-0.7839638002807683,False
0.1215607850609675,-0.7833159942560455,False
0.11815009344923204,-0.7823559910268623,False
0.11511486338065804,-0.7811142583427622,False
0.11248363040025743,-0.7796237034992937,False
0.11028092027457408,-0.7779193579919559,False
0.108527055415596,-0.776038044299392,False
0.1072380064025609,-0.7740180279492197,False
0.10642528871224419,-0.7718986581349447,False
0.10609590421417069,-0.7697200002375082,False
0.10625232650154876,-0.7675224636596012,False
0.10689252871360932,-0.7653464284046453,False
0.10801005215883835,-0.7632318738252059,False
0.10959411376685704,-0.7612180129277694,False
0.111629750172945,-0.7593429355527328,False
0.11409799606577131,-0.7576432636508355,False
0.11697609429770775,-0.7561538217510935,False
0.12023773516028956,-0.7549073255618208,False
0.12385332215778223,-0.7539340914670174,False
0.12779026156326562,-0.7532617694770003,False
0.13201327300919136,-0.7529151019665768,False
0.13648471834429152,-0.7529157102884361,False
0.14116494597843515,-0.7532819110860534,False
0.14601264793499008,-0.754028563851708,False
0.15098522683566457,-0.7551669509837401,False
0.15603917005547,-0.7567046912955862,False
0.16113042830544685,-0.7586456876201276,False
0.16621479592833135,-0.7609901088392337,False
0.17124829022749385,-0.7637344063528503,False
0.17618752719211064,-0.7668713646873736,False
0.18099009103115252,-0.7703901856321028,False
0.18561489498454847,-0.7742766049880336,False
0.1900225309406305,-0.7785130407177908,False
0.19417560545326357,-0.7830787710017222,False
0.1980390598183888,-0.7879501404355819,False
0.20158047193662412,-0.7931007923522319,False
0.2047703377549536,-0.7985019250156628,False
0.2075823301458593,-0.8041225692225032,False
0.20999353314677321,-0.8099298846560361,False
0.21198464954780327,-0.8158894721723439,False
0.21354017988389154,-0.8219656990591712,False
0.21464857096285447,-0.8281220341967775,False
0.21530233214846334,-0.8343213899676029,False
0.2154981177244527,-0.8405264677088581,False
0.21523677379871198,-0.846700103479796,False
0.21452334837515008,-0.8528056109237229,False
0.2133670634320954,-0.8588071180438143,False
0.21178124810822987,-0.8646698947811818,False
0.20978323241615612,-0.8703606683828001,False
0.20739420128370797,-0.8758479236748798,False
0.2046390091649273,-0.8811021855127993,False
0.20154595596342786,-0.886096280860176,False
0.19814652556360862,-0.8908055781551661,False
0.19447508885842849,-0.895208201849423,False
0.1905685737804826,-0.8992852202518605,False
0.1864661054664491,-0.9030208050727735,False
0.18220862029121157,-0.9064023613410693,False
0.1778384580730635,-0.9094206266553767,False
0.17339893725109623,-0.9120697390254825,False
0.16893391824729648,-0.914347272860802,False
0.164487360529161,-0.9162542429642734,False
0.1601028790683465,-0.9177950766901384,False
0.15582330593719249,-0.9189775547196005,False
0.1516902626944092,-0.9198127211965355,False
0.14774374898696857,-0.9203147642436664,False
0.14402175244680235,-0.9205008681454859,False
0.14055988450349108,-0.920391038735502,False
0.1373910461874561,-0.9200079037601024,False
0.13454512738508873,-0.9193764902076866,False
0.13204874235218766,-0.9185239807881038,False
0.12992500361941858,-0.9174794519224778,False
0.12819333575621636,-0.9162735957559659,False
0.12686932981790325,-0.9149384288348726,False
0.12596463870155764,-0.9135069901939595,False
0.12548691309200788,-0.9120130316790864,False
0.12543977719867924,-0.9104907033839965,False
0.12582284307119426,-0.9089742371078094,False
0.12663176193723838,-0.9074976307415078,False
0.12785831072774087,-0.9060943364674835,False
0.12949051173698778,-0.9047969556063566,False
0.13151278320230875,-0.9036369428703038,False
0.13390611847197265,-0.9026443226827754,False
0.1366482913530711,-0.9018474201016757,False
0.13971408518591882,-0.9012726087380002,False
0.14307554317090243,-0.9009440778959018,False
0.14670223747173944,-0.9008836209747654,False
0.15056155463075074,-0.901110446970793,False
0.15461899485306135,-0.9016410166967398,False
0.1588384827446645,-0.9024889051057844,False
0.16318268712192258,-0.9036646908612012,False
0.16761334754592952,-0.9051758740397429,False
0.17209160527331788,-0.9070268225957373,False
0.17657833635496667,-0.9092187479472017,False
0.1810344846551939,-0.9117497097771625,False
0.1854213926059546,-0.9146146498752351,False
0.18970112755276106,-0.9178054545787586,False
0.1938368015908206,-0.9213110451117585,False
0.19779288283043805,-0.9251174948660557,False
0.2015354960691722,-0.929208172424213,False
0.2050327108837357,-0.9335639088909123,False
0.20825481518653502,-0.9381631878798674,False
0.21117457231979345,-0.9429823562995188,False
0.21376745978469977,-0.9479958538943648,False
0.21601188772507157,-0.9531764593316142,False
0.21788939530669307,-0.9584955504764536,False
0.21938482315797408,-0.9639233763750257,False
0.22048646006927924,-0.9694293383634212,False
0.22118616219279003,-0.9749822776446215,False
0.2214794430487774,-0.9805507666241801,False
0.22136553273519044,-0.9861034012700827,False
0.22084740486352541,-0.9916090917629914,False
0.21993176991298694,-0.9970373487300253,False
0.21862903391432403,-1.0023585624081661,False
0.21695322165040995,-1.0075442721618144,False
0.2149218638965555,-1.0125674238822109,False
0.21255584862085067,-1.0174026129233282,False
0.20987923652128151,-1.0220263103781275,False
0.20691904178589446,-1.0264170706691487,False
0.203704979514763,-1.0305557186164556,False
0.2002691818238684,-1.0344255143518892,False
0.1966458852435908,-1.0380122946691308,False
0.19287109260784027,-1.0413045896318187,False
0.18898221318166789,-1.0442937135043031,False
0.18501768527269452,-1.0469738293189532,False
0.18101658599299159,-1.0493419866475324,False
0.17701823316361964,-1.0513981323993933,False
0.17306178456805882,-1.0531450947234648,False
0.1691858398522889,-1.0545885403417186,False
0.1654280503329736,-1.0557369058865758,False
0.16182474181179915,-1.0566013040513471,False
0.15841055521022124,-1.057195405589178,False
0.15521810944689077,-1.057535298410239,False
0.1522776904966851,-1.0576393252273404,False
0.14961697001581736,-1.0575279013852448,False
0.14726075631427196,-1.0572233146773802,False
0.14523077982778201,-1.0567495091042287,False
0.14354551460898293,-1.0561318546594016,False
0.1422200367415691,-1.055396905341452,False
0.14126591999970928,-1.0545721476811185,False
0.14069116854158056,-1.0536857421443993,False
0.14050018595073047,-1.0527662598212022,False
0.14069377952827494,-1.0518424168370588,False
0.14126919839518606,-1.0509428089314181,False
0.14222020368642582,-1.0500956486304038,False
0.14353716890404963,-1.0493285074048457,False
0.14520720833927203,-1.048668065146273,False
0.14721433136710319,-1.0481398692149269,False
0.14953962035409435,-1.0477681052154757,False
0.15216142989230458,-1.0475753815388549,False
0.15505560507346747,-1.047582529573626,False
0.1581957165396778,-1.0478084213386338,False
0.16155331008477375,-1.0482698061219542,False
0.16509816862885768,-1.0489811675306575,False
0.16879858444294862,-1.0499546021634065,False
0.17262163955829718,-1.0511997209151125,False
0.1765334923529084,-1.052723573711617,False
0.1804996683644161,-1.0545305982545576,False
0.18448535343221684,-1.0566225931341797,False
0.18845568732162668,-1.0589987154428688,False
0.19237605602789942,-1.0616555027966277,False
0.1962123809975019,-1.064586919447628,False
0.19993140353741165,-1.0677844259503402,False
0.20350096270978035,-1.0712370716285764,False
0.2068902650285997,-1.0749316088830039,False
0.21007014428669385,-1.078852628180176,False
0.21301330984544092,-1.0829827123766986,False
0.21569458171651784,-1.0873026088575144,False
0.2180911107557203,-1.0917914178070542,False
0.2201825822753341,-1.0964267947876882,False
0.22195140136635846,-1.1011851656728648,False
0.22338285820885587,-1.106041951873784,False
0.22446527164265423,-1.1109718037094949,False
0.2251901092774407,-1.115948839701816,False
0.22555208244777,-1.120946889529195,False
0.22554921437218847,-1.1259397383480523,False
0.22518287996441713,-1.1309013701866264,False
0.22445781587613137,-1.135806208134946,False
0.22338209953244773,-1.1406293490951633,False
0.22196709615864507,-1.1453467909187371,False
0.22022737309383286,-1.1499356498402378,False
0.21818058104560595,-1.1543743662210155,False
0.2158473023574282,-1.1586428967385327,False
0.21325086683228398,-1.1627228912974972,False
0.2104171361729724,-1.1665978530954983,False
0.20737425864854292,-1.1702532804469017,False
0.2041523961616412,-1.1736767891523843,False
0.20078342645403402,-1.1768582143956252,False
0.1973006237265414,-1.1797896913511265,False
0.1937383214434839,-1.1824657138956798,False
0.1901315615195697,-1.1848831710283287,False
0.18651573442974814,-1.1870413608175243,False
0.182926215023941,-1.188941981907297,False
0.1793979989569379,-1.1905891028245323,False
0.17596534465238062,-1.1919891095347706,False
0.17266142560745787,-1.19315063189248,False
0.16951799761610667,-1.1940844498216905,False
0.16656508515288276,-1.1948033802426594,False
0.16383069073155873,-1.1953221459284311,False
0.1613405305498987,-1.1956572276304978,False
0.15911779917535923,-1.1958267009541774,False
0.15718296543722848,-1.1958500595908517,False
0.1555536010903709,-1.1957480266250469,False
0.15424424322440491,-1.1955423557288407,False
0.15326629082764376,-1.195255624133682,False
0.15262793539228292,-1.1949110193300128,False
0.15233412497748394,-1.1945321214877689,False
0.1523865607378778,-1.1941426836157298,False
0.152783724580756,-1.1937664114847104,False
0.1535209363366967,-1.1934267453288034,False
0.15459043861367086,-1.1931466453104576,False
0.15598150734956803,-1.1929483826894212,False
0.15768058597671855,-1.1928533385729414,False
0.15967144105740066,-1.1928818120456517,False
0.1619353372340256,-1.1930528393830087,False
0.16445122935411075,-1.1933840259428137,False
0.16719596967101424,-1.193891392206221,False
0.17014452808000188,-1.1945892353038112,False
0.17327022341958243,-1.1954900072149808,False
0.17654496394504055,-1.1966042106714052,False
0.17993949516040145,-1.1979403136290534,False
0.18342365327316904,-1.1995046829996763,False
0.18696662261026414,-1.2013015381533985,False
0.19053719540144323,-1.2033329245206308,False
0.19410403239636798,-1.2055987074356207,False
0.19763592283208664,-1.208096586177258,False
0.20110204230794884,-1.210822127976909,False
0.20447220715413855,-1.2137688215797628,False
0.20771712389755045,-1.2169281497670685,False
0.2108086324343927,-1.2202896800733705,False
0.21371994151273868,-1.2238411727669716,False
0.2164258551107421,-1.2275687050048987,False
0.21890298826836538,-1.231456809927072,False
0.2211299708938887,-1.235488629319544,False
0.22308763802357057,-1.2396460783548682,False
0.2247592049669033,-1.243910020810042,False
0.22613042572518494,-1.2482604530701065,False
0.2271897330328347,-1.252676695149297,False
0.22792835834515907,-1.2571375869024113,False
0.22834043009010824,-1.2616216875574333,False
0.2284230485224945,-1.26610747667688,False
0.22817633557501701,-1.2705735546501404,False
0.2276034581989174,-1.2749988408323414,False
0.22671062383521795,-1.2793627674769388,False
0.225507046861059,-1.2836454676590023,False
0.2240048851186521,-1.2878279554535588,False
0.22221914595838244,-1.2918922967176807,False
0.22016756161130788,-1.295821768925357,False
0.21787043414508636,-1.2996010086194587,False
0.21535045074307713,-1.3032161451740294,False
0.21263247056735785,-1.3066549197012145,False
0.2097432850077861,-1.3099067880887936,False
0.20671135366340535,-1.3129630073147323,False
0.20356651892992078,-1.315816704352607,False
0.20033970255719175,-1.3184629271542427,False
0.19706258797347395,-1.3208986773715312,False
0.1937672925297232,-1.3231229246562128,False
0.19048603408151296,-1.3251366025525282,False
0.18725079648560553,-1.3269425861712518,False
0.18409299863508677,-1.3285456520029981,False
0.18104317158845784,-1.329952420392222,False
0.178130648166682,-1.331171281349583,False
0.17538326910553145,-1.3322123045279757,False
0.17282710947086485,-1.3330871343253905,False
0.17048622858765541,-1.333808871204858,False
0.16838244621835585,-1.3343919404371636,False
0.16653514717275908,-1.334851949575089,False
0.16496111596045412,-1.335205536058022,False
0.1636744025280666,-1.3354702064224047,False
0.16268621957470436,-1.3356641686562793,False
0.16200487142583775,-1.335806159284846,False
0.16163571398056426,-1.335915266808304,False
0.1615811448387934,-1.3360107531331833,False
0.16184062236887273,-1.3361118746438911,False
0.1624107121948403,-1.3362377045523695,False
0.16328515936521787,-1.3364069581407503,False
0.16445498430897235,-1.336637822474979,False
0.16590860058400228,-1.3369477921169017,False
0.1676319523728774,-1.3373535122987377,False
0.16960866967238653,-1.3378706309477622,False
0.17182023915014763,-1.338513660861041,False
0.17424618869556563,-1.3392958532309727,False
0.17686428376656912,-1.3402290836130448,False
0.1796507337211801,-1.3413237513085718,False
0.1825804064181193,-1.342588693008244,False
0.1856270494681618,-1.3440311114082448,False
0.18876351661343668,-1.3456565193706174,False
0.19196199780167322,-1.3474687000547456,False
0.19519425160356513,-1.349469683298531,False
0.198431838691602,-1.3516597383774083,False
0.2016463551560707,-1.354037383118116,False
0.2048096644770935,-1.35659940919343,False
0.20789412699959778,-1.3593409232752995,False
0.21087282577045702,-1.3622554035782815,False
0.2137197875935624,-1.365334771184207,False
0.2164101981395915,-1.3685694754039337,False
0.2189206099135502,-1.3719485923040544,False
0.22122914183618916,-1.375459935406786,False
0.2233156691372346,-1.3790901774610513,False
0.2251620021919017,-1.3828249820830765,False
0.22675205286110506,-1.3866491439766213,False
0.2280719868247931,-1.3905467363671247,False
0.22911036033244145,-1.3945012642213719,False
0.2298582397413615,-1.3984958217754226,False
0.23030930217921908,-1.402513252859043,False
0.23045991565965304,-1.406536312485141,False
0.23030919700696217,-1.410547828168009,False
0.22985904601514034,-1.4145308594445931,False
0.22911415438507873,-1.4184688540985435,False
0.22808198815734426,-1.422345799627166,False
0.2267727425906802,-1.426146368546253,False
0.2251992687300949,-1.429856056196518,False
0.2233769712622079,-1.4334613097972588,False
0.2213236776653871,-1.4369496475870165,False
0.21905947912079402,-1.4403097669962892,False
0.21660654414706068,-1.443531640912603,False
0.21398890644212856,-1.4466066012220402,False
0.21123222894427998,-1.4495274089422523,False
0.20836354664210338,-1.4522883103984627,False
0.2054109911504909,-1.4548850790344017,False
0.20240350050718184,-1.4573150425928767,False
0.19937051801336467,-1.4595770955441565,False
0.1963416842262097,-1.4616716967829342,False
0.19334652639797403,-1.4636008527548308,False
0.19041414973668622,-1.4653680863097756,False
0.18757293483327853,-1.4669783917108326,False
0.1848502454602768,-1.4684381763519463,False
0.18227215070360078,-1.469755189855606,False
0.17986316505202155,-1.4709384413306532,False
0.17764600965256616,-1.471998105670609,False
0.17564139746178534,-1.4729454198633334,False
0.17386784450130574,-1.4737925703630161,False
0.1723415088812118,-1.4745525726450508,False
0.17107605870592796,-1.4752391441229178,False
0.17008256944243286,-1.475866571653622,False
0.1693694508257189,-1.4764495748943143,False
0.16894240291452045,-1.4770031667974484,False
0.16880440050146506,-1.477542512545143,False
0.1689557047326577,-1.4780827882254337,False
0.16939390050582012,-1.478639040543907,False
0.17011395799402365,-1.479226048843994,False
0.17110831648178604,-1.479858190678237,False
0.1723669885977218,-1.4805493121313964,False
0.17387768297733375,-1.481312604044759,False
0.17562594338408852,-1.482160485229868,False
0.1775953023491829,-1.4831044936896332,False
0.1797674474527237,-1.484155186786015,False
0.18212239845386885,-1.4853220512068313,False
0.18463869357767734,-1.4866134234904715,False
0.18729358337541596,-1.4880364217671886,False
0.19006323068700884,-1.4895968892700322,False
0.19292291534406547,-1.4912993500582947,False
0.19584724235512635,-1.4931469772825066,False
0.19881035240779174,-1.4951415742035288,False
0.20178613360230926,-1.4972835680601753,False
0.2047484333956813,-1.4995720167610775,False
0.20767126978269707,-1.502004628258258,False
0.2105290407693195,-1.5045777923431392,False
0.21329673120392317,-1.5072866244915575,False
0.2159501160228716,-1.5101250212737996,False
0.21846595893928197,-1.5130857267397677,False
0.2208222055585965,-1.5161604090890857,False
0.22299816984345902,-1.5193397468422405,False
0.22497471277581807,-1.5226135236426137,False
0.226734411979359,-1.525970730741341,False
0.2282617209743824,-1.5293996761481363,False
0.22954311664503402,-1.532888099372235,False
0.23056723341115543,-1.5364232906290842,False
0.23132498252055889,-1.5399922133508792,False
0.2318096548194923,-1.543581628812942,False
0.2320170053271494,-1.5471782216736198,False
0.23194531794217288,-1.5507687252230333,False
0.231595448652856,-1.554340045145739,False
0.23097084571520457,-1.5578793806241404,False
0.2300775454100743,-1.561374341643097,False
0.22892414219652724,-1.5648130614013254,False
0.2275217323454632,-1.5681843027913887,False
0.22588383046501795,-1.5714775579766918,False
0.22402625871373646,-1.5746831401702177,False
0.221967008932508,-1.5777922668048068,False
0.2197260784018636,-1.5807971333776192,False
0.21732528043456628,-1.583690977350871,False
0.21478803152893894,-1.586468131595778,False
0.21213911731844734,-1.5891240669755913,False
0.20940444003888797,-1.5916554237753215,False
0.20661075067703355,-1.5940600317988811,False
0.2037853693455258,-1.5963369190675576,False
0.20095589773182174,-1.5984863091656967,False
0.1981499276806638,-1.6005096073889493,False
0.19539475008018492,-1.6024093759562756,False
0.19271706822610715,-1.604189298648052,False
0.1901427197360121,-1.6058541353281515,False
0.1876964108805908,-1.607409666896962,False
0.18540146689985193,-1.608862631304274,False
0.18327960149212025,-1.6102206513252837,False
0.18135070821805319,-1.611492154869153,False
0.17963267606873162,-1.6126862886473528,False
0.17814123092510895,-1.6138128260781572,False
0.17688980410472185,-1.614882070344022,False
0.1758894286685907,-1.6159047535501199,False
0.1751486636628914,-1.6168919329550266,False
0.17467354601000726,-1.6178548852585126,False
0.17446756935283841,-1.6188049999366982,False
0.17453168880248185,-1.6197536726116442,False
0.17486435024721145,-1.6207121994309275,False
0.17546154265170938,-1.621691673413136,False
0.17631687160871193,-1.6227028836877462,False
0.177421652297345,-1.6237562185228205,False
0.17876501994836422,-1.6248615729916915,False
0.18033405590990007,-1.6260282620806699,False
0.18211392744089688,-1.6272649399842152,False
0.18408803942557542,-1.628579526272404,False
0.1862381962932139,-1.6299791395484111,False
0.1885447725358455,-1.6314700391416193,False
0.1909868903350826,-1.6330575753054886,False
0.19354260293177467,-1.6347461483090477,False
0.19618908249287806,-1.636539176727493,False
0.19890281134380303,-1.6384390751515787,False
0.20165977553740413,-1.6404472414479805,False
0.20443565981924308,-1.6425640536143484,False
0.20720604312003116,-1.6447888761841076,False
0.20994659375818747,-1.6471200760479767,False
0.2126332635668114,-1.6495550474724474,False
0.21524248016927378,-1.6520902460108646,False
0.21775133661592597,-1.6547212309210497,False
0.22013777756158584,-1.6574427156253762,False
0.2223807811106509,-1.6602486256755615,False
0.22446053538577174,-1.6631321636159142,False
0.22635860878964073,-1.66608588007602,False
0.22805811283104907,-1.6691017503675447,False
0.2295438562802364,-1.6721712558105153,False
0.2308024893098446,-1.6752854689727035,False
0.23182263617246796,-1.6784351419720143,False
0.23259501487059323,-1.6816107969665144,False
0.23311254219700417,-1.684802817940232,False
0.23337042247125128,-1.6880015428853843,False
0.23336621827848553,-1.6911973554833943,False
0.23309990153854496,-1.694380775397992,False
0.23257388330278095,-1.6975425463138234,False
0.23179302079975833,-1.700673720883143,False
0.23076460043316077,-1.7037657417810637,False
0.22949829567842633,-1.7068105181160835,False
0.22800609912882247,-1.7098004964967017,False
0.2263022283039726,-1.712728726116209,False
0.22440300524837076,-1.715588917285482,False
0.22232671040509583,-1.7183754929169497,False
0.22009341173871189,-1.721083632540918,False
0.2177247705864845,-1.7237093085170998,False
0.21524382622170893,-1.726249314188467,False
0.21267476159892584,-1.728701283810291,False
0.21004265319943163,-1.7310637041733847,False
0.2073732082886528,-1.7333359179259915,False
0.20469249321814204,-1.7355181186824598,False
0.2020266566402318,-1.737611338087772,False
0.1994016516422853,-1.7396174250842924,False
0.19684296084366149,-1.7415390176999301,False
0.19437532843014244,-1.74337950774459,False
0.19202250293047432,-1.7451429988637375,False
0.18980699427513453,-1.746834258453665,False
0.18774984832970834,-1.7484586639922821,False
0.18587044167887826,-1.7500221443817545,False
0.1841862989688961,-1.7515311169349244,False
0.18271293461480317,-1.7529924206661813,False
0.1814637201622038,-1.7544132465693079,False
0.18044977808007873,-1.7558010655799559,False
0.17967990226743363,-1.7571635549289437,False
0.1791605050968289,-1.758508523594715,False
0.17889559040363598,-1.7598438375592884,False
0.17888675146985758,-1.7611773455620945,False
0.1791331927511033,-1.7625168060305105,False
0.1796317738574189,-1.7638698158449162,False
0.180377074123017,-1.7652437415700077,False
0.18136147598402164,-1.7666456537531858,False
0.18257526532269802,-1.7680822648553878,False
0.18400674692533017,-1.769559871340068,False
0.18564237323197932,-1.7710843004024728,False
0.18746688462221944,-1.7726608617742339,False
0.1894634595738098,-1.7742943049879938,False
0.19161387314340908,-1.7759887824336411,False
0.19389866234251016,-1.7777478184821773,False
0.1962972971109337,-1.7795742848956841,False
0.1987883557183031,-1.7814703826827427,False
0.20134970354548892,-1.7834376304984414,False
0.2039586743083978,-1.7854768596272619,False
0.20659225288180408,-1.7875882155261593,False
0.20922725895805416,-1.789771165844536,False
0.21184053083204307,-1.7920245147780764,False
0.21440910863820245,-1.79434642355506,False
0.21691041637640143,-1.796734436797332,False
0.219322442051389,-1.7991855144440851,False
0.22162391521515143,-1.8016960688755026,False
0.22379448114450215,-1.8042620068256199,False
0.22581487080929874,-1.8068787756299605,False
0.22766706569262157,-1.809541413314037,False
0.22933445641660488,-1.8122446019941212,False
0.2308019940107745,-1.8149827240321554,False
0.23205633253897232,-1.817749920362692,False
0.2330859616822765,-1.820540150391584,False
0.2338813277655688,-1.8233472528541248,False
0.23443494162194325,-1.8261650070146151,False
0.23474147161981665,-1.828987193590114,False
0.23479782014036338,-1.831807654788463,False
0.23460318179554346,-1.8346203528645781,False
0.23415908172677025,-1.8374194266194182,False
0.23346939242740505,-1.8401992452927778,False
0.23254032769354133,-1.8429544593339078,False
0.2313804125297895,-1.8456800475725466,False
0.23000042812047516,-1.8483713603568592,False
0.2284133313195546,-1.851024158273464,False
0.22663414850941563,-1.8536346461175854,False
0.22467984412126565,-1.8561995018376973,False
0.22256916458672898,-1.8587159002380407,False
0.22032245898760128,-1.8611815312833175,False
0.21796147817224926,-1.863594612911771,False
0.21550915459519787,-1.8659538983249286,False
0.2129893655926521,-1.8682586777835837,False
0.21042668321298788,-1.870508774999298,False
0.2078461140608735,-1.8727045382679726,False
0.20527283287220083,-1.8748468265461413,False
0.20273191370314583,-1.8769369907208835,False
0.20024806268306253,-1.8789768503700854,False
0.197845356244513,-1.880968666350716,False
0.19554698860606273,-1.882915109588484,False
0.1933750320504804,-1.884819226472463,False
0.19135021322268536,-1.8866844012828838,False
0.18949170828161788,-1.8885143160992948,False
0.18781695929419437,-1.8903129086497306,False
0.1863415137753193,-1.8920843285696014,False
0.1850788887738717,-1.8938328925419061,False
0.18404046039863456,-1.8955630387884006,False
0.18323537918705401,-1.897279281374809,False
0.1826705112583041,-1.8989861647823973,False
0.18235040477269573,-1.9006882191836005,False
0.18227728085145928,-1.9023899168412353,False
0.18245104780078342,-1.9040956300295209,False
0.18286933723519475,-1.9058095908509747,False
0.18352756050858765,-1.907535853296587,False
0.18441898373470217,-1.9092782578678125,False
0.1855348196087203,-1.9110403990481315,False
0.18686433422243665,-1.9128255958794964,False
0.18839496709045997,-1.9146368658651725,False
0.19011246266668524,-1.9164769023855326,False
0.1920010117210404,-1.9183480557775399,False
0.1940434010584199,-1.9202523181921796,False
0.19622117018719504,-1.9221913123072238,False
0.19851477367660747,-1.9241662839356828,False
0.20090374807421466,-1.9261780985333352,False
0.20336688238056005,-1.9282272415721144,False
0.20588239119338214,-1.9303138227100771,False
0.20842808973372037,-1.9324375836534766,False
0.2109815700478094,-1.9345979095723467,False
0.21352037773902374,-1.9367938438982433,False
0.21602218862147657,-1.939024106301645,False
0.2184649847000629,-1.9412871136172478,False
0.22082722887039305,-1.943581003458266,False
0.22308803769655713,-1.9459036602361064,False
0.2252273515661218,-1.9482527432797105,False
0.22722610144210045,-1.9506257167296357,False
0.22906637133356686,-1.9530198808658714,False
0.23073155549364854,-1.9554324045156204,False
0.2322065092302306,-1.9578603581780425,False
0.23347769208604943,-1.960300747497434,False
0.23453330201700223,-1.962750546714635,False
0.23536339907721085,-1.9652067317287547,False
0.2359600170140483,-1.9676663124076614,False
0.2363172610937689,-1.9701263637961257,False
0.23643139042659295,-1.972584055885063,False
0.23630088304694707,-1.9750366816239027,False
0.23592648203744893,-1.9774816828806325,False
0.2353112210706006,-1.9799166740803391,False
0.23446042788513596,-1.9823394632828586,False
0.23338170441780556,-1.9847480704931508,False
0.23208488257711274,-1.9871407430338457,False
0.23058195497149953,-1.9895159678476337,False
0.22888698028621393,-1.991872480637274,False
0.2270159634330229,-1.9942092717924094,False
0.22498671106452384,-1.9965255890944797,False
0.22281866353677282,-1.9988209372331762,False
0.22053270490467822,-2.0010950742093696,False
0.2181509530268333,-2.0033480047396295,False
0.21569653232201685,-2.005579970815609,False
0.21319333214038497,-2.007791439607087,False
0.21066575407135016,-2.0099830889297374,False
0.20813845179227916,-2.0121557905271743,False
0.20563606725534475,-2.0143105914410993,False
0.20318296710573652,-2.016448693763076,False
0.2008029832187645,-2.0185714330763287,False
0.1985191611364498,-2.0206802559058983,False
0.19635351998070233,-2.022776696500437,False
0.19432682712899987,-2.0248623532690027,False
0.19245839057204225,-2.0269388651915796,False
0.19076587144641285,-2.029007888513001,False
0.189265118765984,-2.03107107401684,False
0.18797002788171713,-2.0331300451590546,False
0.18689242369863063,-2.0351863773212004,False
0.18604196918807683,-2.037241578420342,False
0.18542609926837086,-2.03929707108788,False
0.18504997970020953,-2.041354176602868,False
0.18491649026540244,-2.043414100737515,False
0.18502623117547254,-2.0454779216438546,False
0.18537755139492754,-2.0475465798814922,False
0.18596659736391144,-2.049620870657261,False
0.18678738046538973,-2.051701438318855,False
0.18783186149970305,-2.053788773116412,False
0.18909005039916593,-2.055883210218785,False
0.19055011943100675,-2.0579849309451452,False
0.192198528191057,-2.0600939661477553,False
0.1940201587754634,-2.062210201658396,False
0.19599845962542572,-2.0643333856891664,False
0.1981155966628567,-2.066463138058278,False
0.20035261046561276,-2.068598961093156,False
0.20268957836283066,-2.0707402520466567,False
0.20510578045790162,-2.072886316847608,False
0.20757986870345443,-2.075036384994194,False
0.2100900382549578,-2.077189625387989,False
0.0,0.0,True
0.010341856730391745,-0.0005491794881624127,True
0.020527463722532748,-0.0021104287432408696,True
0.030582355258909868,-0.004617641180763606,True
0.040386959105103475,-0.008066557161528196,True
0.04986202463489883,-0.012381052526500904,True
0.05893011152874573,-0.017530347450715272,True
0.06751830477553122,-0.023452639332337006,True
0.07555719521447304,-0.030100707563295914,True
0.08298319249586751,-0.03740956067561427,True
0.08973754749914672,-0.04531887217652586,True
0.09576820023264836,-0.05375763981729558,True
0.10102916166327144,-0.06265553419670743,True
0.10548179545924379,-0.07193579933986836,True
0.10909448747244695,-0.08152114757431635,True
0.11184346001991173,-0.09133069738031994,True
0.11371259386804163,-0.10128321619288053,True
0.11469388405181713,-0.11129602952466147,True
0.11478730014814291,-0.12128697425788401,True
0.11400096572091338,-0.131174255921935,True
0.11235097839904265,-0.1408777629096194,True
0.10986136711676192,-0.150319359614747,True
0.10656382449798023,-0.15942386317721036,True
0.10249747671372714,-0.16811951041019707,True
0.09770850379560721,-0.1763387297293216,True
0.0922497466673277,-0.18401864293462986,True
0.08618020803888658,-0.19110168472302524,True
0.07956451807395404,-0.1975360619908962,True
0.07247232180793581,-0.20327623673800727,True
0.0649776267388386,-0.208283297647037,True
0.057158093784809426,-0.21252530711244186,True
0.04909429467316696,-0.2159775579532619,True
0.040868932732299114,-0.218622780847708,True
0.03256604325049771,-0.22045127056978836,True
0.024270177470726947,-0.22146095088472514,True
0.01606558324730903,-0.22165736314066375,True
0.008035389719846946,-0.22105358896159294,True
0.0002608072053434142,-0.21967010092857814,True
-0.007179649406359046,-0.2175345477754943,True
-0.014210904216807995,-0.2146814728972008,True
-0.02076202314087819,-0.21115197142474118,True
-0.026766868342991718,-0.2069932876069652,True
-0.03216469807319714,-0.20225835764871875,True
-0.0369007063554575,-0.19700530163998511,True
-0.040926498208937484,-0.19129687008058138,True
-0.04420049695131178,-0.18519984991003383,True
-0.04668828118249379,-0.17878443600556676,True
-0.048362849888479366,-0.17212357390667166,True
-0.0492048149583703,-0.16529228010986427,True
-0.0492025211176898,-0.1583669462007316,True
-0.04835209394277385,-0.15142463337702866,True
-0.046657417180390154,-0.14454236383868796,True
-0.0441300411011066,-0.13779641559425337,True
-0.040789024051777756,-0.13126162709305622,True
-0.036660709769028355,-0.12501071800043845,True
-0.03177844337289894,-0.11911363220678231,True
-0.026182229293584772,-0.1136369089347993,True
-0.019918334696941556,-0.10864308749338097,True
-0.013038842273403677,-0.10419015089118568,True
-0.005601156539763257,-0.10033101312603476,True
0.0023325319251183583,-0.09711305454569545,True
0.010695819634701429,-0.09457770921254555,True
0.01941869582802382,-0.09276010772095832,True
0.028428175460219703,-0.09168877840460747,True
0.03764895424767667,-0.09138540934452911,True
0.047004080318819405,-0.0918646730458795,True
0.05641563691383671,-0.0931341151003467,True
0.06580543051161683,-0.0951941075928297,True
0.07509567874216622,-0.09803786745107942,True
0.0842096924695073,-0.10165153937737666,True
0.09307254650358665,-0.10601434244644088,True
0.10161173351910885,-0.11109877890617319,True
0.10975779592201945,-0.11687090318148848,True
0.11744493060710658,-0.12329064855953706,True
0.12461156178821994,-0.13031220853104097,True
0.13120087735049785,-0.13788446928100642,True
0.13716132446570484,-0.1459514893669427,True
0.14244706052112047,-0.15445302219808052,True
0.14701835573339855,-0.16332507653930214,True
0.15084194414621235,-0.17250050991282811,True
0.15389132004033812,-0.1819096494633463,True
0.15614697711493059,-0.19148093459212095,True
0.15759658812916919,-0.2011415754562682,True
0.15823512302685183,-0.2108182212739386,True
0.15806490390825356,-0.22043763227716157,True
0.15709559557163172,-0.22992734911350507,True
0.1553441307313025,-0.2392163535167165,True
0.1528345694417939,-0.24823571414563197,True
0.14959789273004068,-0.25691921162961057,True
0.14567173097065433,-0.2652039370565417,True
0.14110002814099468,-0.27303085839431757,True
0.13593264376676825,-0.28034534964606045,True
0.1302248951130413,-0.2870976779001583,True
0.12403704298078279,-0.2932434438444727,True
0.11743372531871216,-0.29874397176553863,True
0.1104833437302706,-0.3035666455432724,True
0.10325740881544034,-0.30768518767429465,True
0.09582985110163116,-0.31107987890680805,True
0.08827630504933949,-0.31373771664107597,True
0.0806733742297565,-0.31565251083589185,True
0.07309788622963434,-0.31682491675681657,True
0.06562614611682555,-0.31726240450031246,True
0.0583331973803789,-0.3169791658231671,True
0.05129209913503377,-0.31599595939297415,True
0.044573228055923,-0.3143398961472852,True
0.038243613000773655,-0.31204416700105286,True
0.03236630960893229,-0.30914771566911503,True
0.0269998213714737,-0.3056948598680178,True
0.02219757278128044,-0.3017348646250747,True
0.018007439234544967,-0.29732147184818924,True
0.014471337402398355,-0.2925123906939956,True
0.01162487885607115,-0.2873687536109629,True
0.009497088838039711,-0.28195454322550806,True
0.008110191244904554,-0.27633599548027904,True
0.007479460137847004,-0.2705809846228233,True
0.007613137428965875,-0.26475839577820937,True
0.008512415806069491,-0.25893749092007085,True
0.010171485449234545,-0.25318727408051483,True
0.012577642650969398,-0.24757586161072456,True
0.015711458067614013,-0.24216986322166245,True
0.01954700199170538,-0.2370337793995315,True
0.024052123733106844,-0.2322294206055225,True
0.029188781921949746,-0.2278153534364326,True
0.034913422292084474,-0.22384637864492,True
0.04117739926530227,-0.2203730455988868,True
0.047927437431838485,-0.2174412074024282,True
0.05510612881143645,-0.21509162050989494,True
0.0626524615830834,-0.21335959224400106,True
0.07050237579324939,-0.21227467918269471,True
0.07858934139572599,-0.21186043891191453,True
0.0868449538449994,-0.21213423715648186,True
0.09519954236349427,-0.21310711180327868,True
0.10358278593458374,-0.2147836948234728,True
0.1119243320408744,-0.21716219258770403,True
0.12015441317292354,-0.22023442455358436,True
0.1282044561781295,-0.22398591979221033,True
0.13600767960279272,-0.2283960703133284,True
0.1434996743008214,-0.2334383396508542,True
0.15061896273766134,-0.239080524685313,True
0.15730753260414618,-0.24528506821108834,True
0.16351134056763217,-0.25200941930780774,True
0.16918078222196445,-0.25920643815056743,True
0.17427112454821816,-0.26682484149666824,True
0.17874289745961588,-0.27480968472093564,True
0.1825622412719555,-0.28310287594102046,True
0.18570120721176409,-0.2916437174819729,True
0.1881380083462031,-0.30036946967900957,True
0.1898572185914016,-0.3092159318117454,True
0.19084991773155233,-0.3181180348049196,True
0.19111378066434356,-0.32701044022188924,True
0.19065310938605196,-0.335828140019648,True
0.18947880655087623,-0.3445070515289643,True
0.18760828979427743,-0.35298460217098715,True
0.18506534641020428,-0.36120029852228774,True
0.18187992842750234,-0.36909627449313426,True
0.17808788864996927,-0.3766178135875156,True
0.1737306588124797,-0.3837138404661527,True
0.16885487166266513,-0.3903373773329309,True
0.16351192949823398,-0.3964459610077909,True
0.15775752246198035,-0.40200201693151905,True
0.1516511007009254,-0.4069731867660269,True
0.1452553053076425,-0.41133260670306654,True
0.13863536375033633,-0.4150591340701296,True
0.13185845623013173,-0.41813752031936985,True
0.12499306004484383,-0.4205585289985126,True
0.11810827955559967,-0.42231899782650956,True
0.11127316971787882,-0.4234218445257097,True
0.10455606133056787,-0.42387601659128765,True
0.09802389616301137,-0.4236963857022773,True
0.09174157993825564,-0.4229035879918979,True
0.08577136078836334,-0.42152381189304283,True
0.08017224027195832,-0.41958853575330163,True
0.07499942338016397,-0.4171342178685374,True
0.07030381318576488,-0.4142019420107962,True
0.06613155494597008,-0.41083702192162463,True
0.06252363358641597,-0.4070885686023866,True
0.0595155276059677,-0.40300902455589105,True
0.057136921577444086,-0.39865366941598007,True
0.05541147860210449,-0.3940801016413326,True
0.05435667332274065,-0.38934770114478295,True
0.05398368542210584,-0.38451707787830885,True
0.054297352934585666,-0.37964951149561466,True
0.055296184178513876,-0.3748063872680492,True
0.056972426669204976,-0.3700486334355745,True
0.05931219099052513,-0.3654361651326282,True
0.06229562727597077,-0.3610273399401523,True
0.06589715166862611,-0.3568784299807106,True
0.07008571988347097,-0.35304311529549653,True
0.07482514477700038,-0.349572003022097,True
0.08007445463148956,-0.34651217663269657,True
0.08578828867993274,-0.3439067791969439,True
0.09191732623015861,-0.3417946343048696,True
0.09840874559213246,-0.34020990792669775,True
0.10520670887178663,-0.339181814101349,True
0.11225286856982451,-0.3387343669378438,True
0.11948689181750921,-0.3388861809871864,True
0.12684699799652807,-0.3396503216004392,True
0.13427050542964364,-0.34103420643549265,True
0.1416943827956654,-0.3430395588139406,True
0.14905580091836565,-0.3456624131645466,True
0.15629268060553375,-0.3488931723243148,True
0.1633442322716975,-0.3527167160062465,True
0.17015148316537282,-0.3571125592875578,True
0.17665778813728464,-0.36205505952757466,True
0.1828093200271274,-0.36751366969378674,True
0.1885555359096376,-0.3734532356614813,True
0.1938496156220018,-0.3798343346602911,True
0.1986488691896321,-0.38661365167340606,True
0.20291510997188536,-0.3937443902552402,True
0.20661499055965138,-0.4011767139245953,True
0.20972029867002664,-0.4088582140152634,True
0.21220821049797672,-0.41673439962807535,True
0.21406149920108855,-0.424749205129509,True
0.21526869641329968,-0.4328455104848772,True
0.21582420491106502,-0.4409656696004206,True
0.2157283607970649,-0.4490520417798329,True
0.21498744383042906,-0.45704752137805393,True
0.21361363482806853,-0.46489606075899903,True
0.2116249193992279,-0.4725431817342176,True
0.20904493766463705,-0.4799364707762814,True
0.20590278006099177,-0.48702605346235806,True
0.2022327298465693,-0.49376504380923714,True
0.19807395350626775,-0.500109964408143,True
0.19347014090094034,-0.5060211335545228,True
0.1884690977074796,-0.511463015890554,True
0.1831222934375465,-0.5164045334340975,True
0.17748436908307408,-0.5208193342524672,True
0.1716126091896386,-0.5246860164493394,True
0.16556638387473038,-0.5279883055635225,True
0.15940656695539207,-0.5307151839249561,True
0.1531949368976291,-0.5328609709710996,True
0.1469935677203483,-0.5344253539916118,True
0.14086421725640952,-0.5354133692356526,True
0.1348677202768709,-0.5358353337800681,True
0.1290633939143145,-0.5357067290133827,True
0.12350846257902588,-0.5350480370357756,True
0.11825750915851237,-0.5338845317050656,True
0.11336195874515706,-0.5322460264689569,True
0.10886960047401589,-0.5301665815116037,True
0.10482415230253016,-0.5276841731037766,True
0.10126487275808155,-0.5248403283783226,True
0.09822622284943812,-0.5216797290531392,True
0.09573758051354647,-0.5182497878900241,True
0.09382300917511449,-0.5146002019079452,True
0.0925010812531262,-0.5107824865609035,True
0.09178475677016351,-0.5068494952429948,True
0.0916813166156563,-0.5028549285948347,True
0.09219234948596741,-0.4988528381555926,True
0.09331379107094152,-0.49489712893317916,True
0.09503601367296545,-0.4910410654516303,True
0.09734396412299393,-0.48733678577960804,True
0.1002173475893153,-0.4838348279482795,True
0.10363085464967323,-0.4805836730317106,True
0.10755442880679748,-0.47762930898955663,True
0.11195357146369087,-0.47501481916282995,True
0.116789681231896,-0.47277999907021373,True
0.12202042431894879,-0.4709610048779981,True
0.12760013262749598,-0.4695900366135945,True
0.13348022609692956,-0.4686950588637533,True
0.13960965572897324,-0.46829956134719175,True
0.14593536366259002,-0.4684223613807458,True
0.15240275660262873,-0.46907744987135946,True
0.1589561888628923,-0.4702738820671539,True
0.16553945125983288,-0.4720157138922589,True
0.17209626208963022,-0.47430198427650944,True
0.17857075644016476,-0.47712674347446166,True
0.1849079701309072,-0.48047912695402095,True
0.191054314637651,-0.4843434740242745,True
0.19695803944424187,-0.4886994899707797,True
0.20256967836804313,-0.49352245007573275,True
0.20784247652725873,-0.49878344352513554,True
0.2127327947533431,-0.5044496548473059,True
0.2172004883972426,-0.5104846801907988,True
0.22120925763091429,-0.5168488754374457,True
0.2247269665026132,-0.5234997328609787,True
0.22772592816378326,-0.5303922827862357,True
0.23018315384610577,-0.537479516480503,True
0.2320805633298949,-0.5447128263196893,True
0.23340515481184299,-0.5520424591195645,True
0.23414913225520154,-0.5594179784077067,True
0.2343099884948176,-0.5667887313369533,True
0.23389054258059952,-0.5741043159062396,True
0.23289893008484366,-0.5813150441610826,True
0.23134854538084942,-0.5883723970929485,True
0.22925793523168977,-0.5952294670450694,True
0.2266506434169319,-0.60184138355997,True
0.2235550065773572,-0.6081657187710311,True
0.2200039019757477,-0.6141628686445031,True
0.2160344484537173,-0.6197964066176691,True
0.21168766250343155,-0.6250334064509826,True
0.20700807205645955,-0.6298447314139557,True
0.20204329130213852,-0.63420528725322,True
0.1968435605620304,-0.638094236743131,True
0.19146125593889524,-0.6414951739907124,True
0.18595037409942902,-0.6443962570535218,True
0.18036599811083356,-0.6467902978275694,True
0.17476375070486716,-0.6486748085680681,True
0.1691992416659769,-0.6500520048147401,True
0.16372751621475712,-0.6509287649015014,True
0.15840251127378932,-0.6513165466335941,True
0.1532765263574187,-0.6512312621097925,True
0.1483997155259781,-0.6506931120495301,True
0.14381960640195574,-0.6497263813517409,True
0.1395806516808128,-0.6483591979596357,True
0.13572381790792176,-0.6466232574319536,True
0.13228621556379141,-0.6445535159228178,True
0.12930077373185933,-0.6421878545471063,True
0.12679596184515435,-0.6395667183539945,True
0.12479556024594424,-0.6367327333464622,True
0.1233184805678271,-0.6337303051666704,True
0.12237863627956931,-0.6306052032159457,True
0.12198486312585255,-0.6274041340911597,True
0.12214088866842333,-0.6241743082977083,True
0.12284534967346901,-0.62096300423997,True
0.12409185570506255,-0.6178171334958926,True
0.1258690969647158,-0.6147828113505289,True
0.12816099415596477,-0.6119049364966666,True
0.13094688794186934,-0.6092267837081293,True
0.13420176539351517,-0.606789613155754,True
0.13789652069072264,-0.6046322998670648,True
0.1419982472248746,-0.6027909866315649,True
0.14647055816211194,-0.6012987634253245,True
0.15127393244862303,-0.6001853761738989,True
0.15636608317539732,-0.599476967393474,True
0.16170234516602128,-0.5991958509501636,True
0.16723607860733788,-0.5993603228577785,True
0.17291908550950816,-0.5999845096998314,True
0.17870203576007415,-0.6010782559134819,True
0.18453489952726668,-0.6026470508160261,True
0.19036738277214701,-0.6046919958900129,True
0.19614936264817065,-0.60720981247614,True
0.20183131960083137,-0.6101928896549997,True
0.20736476302912973,-0.6136293717343037,True
0.21270264743395456,-0.6175032843992434,True
0.21779977605478754,-0.6217946982345482,True
0.22261318908354655,-0.6264799279889597,True
0.22710253364070226,-0.6315317656312853,True
0.23123041280159212,-0.6369197449423123,True
0.2349627110678625,-0.6426104351041769,True
0.23826889378822796,-0.6485677604877318,True
0.2411222781430781,-0.654753343604873,True
0.24350027341862593,-0.6611268679853375,True
0.24538458840941618,-0.6676464575617589,True
0.24676140390562892,-0.6742690690008859,True
0.24762150834800759,-0.6809508933081351,True
0.24796039487416974,-0.6876477629541997,True
0.24777831814288573,-0.6943155607312897,True
0.2470803095159388,-0.7009106265396114,True
0.24587614940939284,-0.7073901583345545,True
0.24418029590626958,-0.7137126035310942,True
0.24201176905847932,-0.7198380372615226,True
0.23939399070329137,-0.7257285240196046,True
0.23635458008136911,-0.731348459390566,True
0.23292510606869374,-0.7366648887675314,True
0.22914079741794643,-0.7416478001828489,True
0.22504021303589208,-0.7462703886390878,True
0.22066487498657578,-0.7505092896045507,True
0.21605886758586698,-0.7543447796390933,True
0.21126840661738258,-0.7577609424355506,True
0.20634138332700558,-0.7607457988963042,True
0.2013268884160364,-0.7632914002086539,True
0.19627472172553292,-0.7653938832364653,True
0.1912348936632901,-0.7670534879006918,True
0.18625712465167754,-0.7682745365789901,True
0.18139034895655964,-0.7690653759078092,True
0.17668222918926335,-0.7694382817173386,True
0.17217868755703794,-0.7694093281667381,True
0.1679234595819701,-0.7689982224721311,True
0.1639576755298001,-0.7682281069276998,True
0.16031947420986792,-0.7671253302120251,True
0.15704365315049496,-0.765719190240827,True
0.15416135844757733,-0.7640416510760483,True
0.15169981685503217,-0.7621270366226331,True
0.149682111959717,-0.7600117040427036,True
0.1481270055828805,-0.7577336999840725,True
0.14704880489384495,-0.7553324028613586,True
0.1464572751231413,-0.7528481545370292,True
0.14635759723090416,-0.750321884829539,True
0.14675036942624353,-0.747794732323217,True
0.14763165104488457,-0.745307664971619,True
0.14899304697230958,-0.7429011039703419,True
0.1508218305423055,-0.7406145543297683,True
0.1531011026386606,-0.7384862455006469,True
0.1558099845725919,-0.7365527852989091,True
0.1589238421918583,-0.7348488302402183,True
0.16241453859160693,-0.7334067752320733,True
0.1662507127347826,-0.732256465381625,True
0.17039808124571926,-0.731424932464905,True
0.17481976060978374,-0.7309361583672801,True
0.17947660699157272,-0.730810867550714,True
0.1843275708720798,-0.731066350329788,True
0.18933006370050892,-0.7317163184516127,True
0.1944403337586396,-0.7327707941741798,True
0.19961384844505506,-0.7342360337279535,True
0.20480568020353365,-0.7361144857287252,True
0.20997089334483798,-0.738404784789028,True
0.21506492904424437,-0.7411017802525494,True
0.2200439858383392,-0.744196599655854,True
0.22486539299333066,-0.747676746204978,True
0.22948797417249733,-0.7515262292453284,True
0.23387239889113723,-0.7557257264037935,True
0.23798151931199268,-0.7602527757953608,True
0.24178069000099575,-0.7650819964143397,True
0.24523806833088826,-0.7701853345765802,True
0.24832489328773066,-0.775532334044228,True
0.2510157405021341,-0.7810904272524581,True
0.25328875139375584,-0.7868252448692039,True
0.25512583438584346,-0.7927009407565327,True
0.25651283621941834,-0.7986805292667976,True
0.25743968147852003,-0.804726231700968,True
0.25790047853460774,-0.8107998286792295,True
0.2578935902369087,-0.8168630151288269,True
0.2574216678242435,-0.8228777545789822,True
0.25649164672120184,-0.828806629469654,True
0.25511470311590256,-0.8346131842290389,True
0.2533061705053742,-0.8402622579539426,True
0.25108541574362175,-0.845720303636292,True
0.24847567453977115,-0.8509556910174555,True
0.24550384682906295,-0.8559389903183764,True
0.24220025297353476,-0.8606432342858588,True
0.2385983523331642,-0.8650441562109801,True
0.23473442636870745,-0.8691204018146866,True
0.23064722907667695,-0.8728537131508693,True
0.22637760819366184,-0.876229082953143,True
0.22196810121742633,-0.8792348781359455,True
0.21746251085096008,-0.8818629314604709,True
0.2129054649579513,-0.884108600677855,True
0.20834196650155545,-0.8859707947741706,True
0.20381693920354613,-0.8874519672480414,True
0.19937477479445678,-0.888558076662461,True
0.1950588877190819,-0.8892985150132908,True
0.19091128301511862,-0.8896860047522032,True
0.18697214280150365,-0.8897364655871837,True
0.18327943640956665,-0.88946885245336,True
0.17986855868228507,-0.8889049663052574,True
0.1767720003765409,-0.8880692396187164,True
0.17401905395498704,-0.8869884987115852,True
0.17163555737328925,-0.8856917051910221,True
0.1696436777799265,-0.8842096790113804,True
0.16806173637212352,-0.8825748057803131,True
0.16690407501224283,-0.8808207310789795,True
0.16618096461959936,-0.8789820446642724,True
0.16589855482426843,-0.8770939574987097,True
0.16605886390865948,-0.8751919746021408,True
0.16665980767204164,-0.8733115667433546,True
0.16769526553166614,-0.871487843983408,True
0.16915518191785295,-0.8697552340539403,True
0.17102570082303084,-0.8681471684923501,True
0.17328933121912937,-0.8666957793747623,True
0.17592514095555212,-0.8654316093763982,True
0.1789089766834213,-0.8643833377573789,True
0.18221370731311726,-0.8635775247141423,True
0.1858094884948565,-0.8630383763611921,True
0.18966404561030653,-0.8627875324081126,True
0.19374297277281247,-0.8628438783842901,True
0.1980100453510384,-0.8632233840299148,True
0.2024275435536673,-0.8639389692289149,True
0.20695658463944164,-0.8650003986008251,True
0.21155746134664077,-0.8664142056048536,True
0.2161899841683308,-0.8681836467332762,True
0.2208138251344667,-0.8703086860975296,True
0.22538886079861092,-0.8727860104271994,True
0.22987551216570123,-0.8756090742263661,True
0.23423507933721974,-0.87876817455312,True
0.23843006869079894,-0.882250554619622,True
0.2424245104517752,-0.8860405351460198,True
0.2461842645535925,-0.8901196721498412,True
0.24967731272131635,-0.8944669396122096,True
0.25287403474717307,-0.8990589352378827,True
0.2557474669585965,-0.9038701073157798,True
0.25827354090829824,-0.9088730004996411,True
0.26043130034331197,-0.914038518156747,True
0.26220309453831997,-0.9193361987869675,True
0.26357474611115894,-0.9247345038902625,True
0.26453569148000206,-0.9302011145614928,True
0.26507909217835884,-0.9357032340192629,True
0.2652019153227026,-0.9412078932278415,True
0.26490498163618725,-0.946682256751338,True
0.26419297957886306,-0.9520939259887696,True
0.26307444432796406,-0.9574112369711011,True
0.2615617005986975,-0.9626035499647598,True
0.2596707686019943,-0.9676415282142782,True
0.2574212328041989,-0.9724974032696633,True
0.25483607358493227,-0.9771452244829526,True
0.25194146237976317,-0.9815610904192178,True
0.24876652143630182,-0.9857233601089064,True
0.24534304989409675,-0.9896128422713357,True
0.24170521850422233,-0.9932129608554046,True
0.23788923591454023,-0.9965098954793046,True
0.23393299003898055,-0.9994926955942309,True
0.2298756685805923,-1.002153367453637,True
0.22575736326484144,-1.0044869332301745,True
0.22161866273975675,-1.0064914618885537,True
0.2175002393939785,-1.0081680716907384,True
0.21344243551774947,-1.0095209044734084,True
0.2094848542763476,-1.0105570721023516,True
0.20566596087697264,-1.011286575761308,True
0.20202269909216358,-1.0117221989818495,True
0.1985901279645059,-1.0118793755552253,True
0.19540108307367593,-1.0117760336914645,True
0.19248586621671915,-1.011432417998678,True
0.1898719667581699,-1.010870891049065,True
0.18758381727173454,-1.0101157164711985,True
0.18564258544372095,-1.00919282566592,True
0.1840660035623563,-1.0081295703770816,True
0.18286823629678695,-1.0069544634646153,True
0.18205978689117708,-1.0056969103196334,True
0.18164744137578306,-1.0043869334327784,True
0.1816342499365274,-1.0030548926739014,True
0.18201954419214486,-1.0017312038681832,True
0.1827989888040678,-1.0004460582534143,True
0.18396466558685146,-0.9992291453835367,True
0.1855051880912688,-0.9981093819996475,True
0.18740584449179337,-0.9971146493225685,True
0.18964876651767942,-0.9962715411341162,True
0.19221312211413424,-0.9956051249050649,True
0.19507532949956014,-0.9951387181001068,True
0.19820929028892897,-0.9948936816403592,True
0.20158663937599242,-0.9948892323437607,True
0.20517700930209118,-0.9951422759790883,True
0.20894830688281685,-0.9956672623766518,True
0.2128669999118737,-0.9964760638321629,True
0.21689841181149044,-0.9975778778218133,True
0.22100702214886708,-0.9989791548192731,True
0.22515677098700357,-1.0006835517764368,True
0.22931136508466463,-1.0026919115863209,True
0.23343458400392617,-1.0050022686139675,True
0.23749058422352415,-1.0076098801340188,True
0.24144419939218167,-1.010507283283048,True
0.24526123488696588,-1.013684376893878,True
0.2489087548676199,-1.0171285273581359,True
0.2523553600375879,-1.020824697439111,True
0.25557145433616435,-1.024755596749817,True
0.25852949879365605,-1.0289018524158755,True
0.2612042507828204,-1.0332421982572129,True
0.26357298689652425,-1.0377536806576806,True
0.2656157076751027,-1.0424118791411519,True
0.2673153224002391,-1.047191139542112,True
0.268657812169239,-1.0520648175471383,True
0.26963236946935865,-1.057005530294125,True
0.27023151249258537,-1.0619854136488152,True
0.27045117247396544,-1.066976382731898,True
0.2702907524091368,-1.0719503932489283,True
0.26975315561718677,-1.0768797011762423,True
0.2688447827712315,-1.0817371183820006,True
0.2675754962282698,-1.086496261808559,True
0.2659585507575015,-1.0911317939145369,True
0.2640104900958611,-1.0956196521681048,True
0.26175100915145594,-1.0999372654971307,True
0.25920278212724474,-1.1040637557363966,True
0.2563912573418463,-1.107980122265996,True
0.2533444200713656,-1.1116694082030902,True
0.25009252531109155,-1.115116846694704,True
0.2466678029412081,-1.1183099860590737,True
0.24310413835549122,-1.1212387927262972,True
0.23943673215492906,-1.1238957311539164,True
0.23570174299601518,-1.1262758201067562,True
0.23193591809583677,-1.1283766649274904,True
0.2281762162128816,-1.130198465642472,True
0.2244594281296997,-1.1317440009850288,True
0.2208217997495251,-1.1330185886326212,True
0.217298662880003,-1.1340300221833786,True
0.21392407861306095,-1.134788485599241,True
0.21073049792874962,-1.135306446055513,True
0.207748443763485,-1.135598526318654,True
0.20500621830745597,-1.1356813579630909,True
0.20252963875065913,-1.1355734168942275,True
0.2003418041054317,-1.1352948428046634,True
0.19846289511669035,-1.1348672443168586,True
0.19691000865255304,-1.1343134916904627,True
0.19569702736656383,-1.1336574990679877,True
0.19483452485635797,-1.132923998315537,True
0.19432970602578417,-1.132138306580896,True
0.19418638189814977,-1.1313260897297097,True
0.19440497773408244,-1.1305131238518518,True
0.19498257298034138,-1.129725057027587,True
0.1959129713159772,-1.128987173536598,True
0.1971867988653557,-1.1283241626518312,True
0.19879162850912557,-1.1277598941132847,True
0.200712128136885,-1.1273172023034348,True
0.20293023064178473,-1.1270176810573516,True
0.20542532344974226,-1.126881490936704,True
0.20817445539653814,-1.1269271806735977,True
0.21115255880786193,-1.12717152435502,True
0.21433268469390448,-1.1276293757689027,True
0.21768624903583184,-1.128313541169587,True
0.22118328821192954,-1.1292346715476518,True
0.2247927216826163,-1.130401175307549,True
0.22848262012293008,-1.1318191520643615,True
0.2322204772563883,-1.1334923480768209,True
0.2359734837034471,-1.1354221336318222,True
0.23970880120997698,-1.1376075024934764,True
0.24339383566518658,-1.1400450933264696,True
0.24699650735346979,-1.142729232800158,True
0.2504855169102313,-1.1456519998827603,True
0.25383060546725056,-1.1488033106378626,True
0.2570028074785704,-1.1521710226508934,True
0.25997469471306406,-1.1557410580317877,True
0.2627206098852927,-1.159497543771061,True
0.26521688837302865,-1.1634229680711115,True
0.2674420664391553,-1.167498351125854,True
0.26937707434053587,-1.1717034286975476,True
0.2710054126694471,-1.1760168467183554,True
0.2723133102394577,-1.180416365054028,True
0.2732898618017814,-1.1848790684813233,True
0.2739271438671237,-1.1893815828740726,True
0.27422030691862764,-1.1939002945476747,True
0.2741676423417967,-1.1984115706936629,True
0.27377062247491685,-1.2028919788297248,True
0.2730339123066365,-1.207318503211638,True
0.27196535152268925,-1.2116687561913346,True
0.2705759058369195,-1.215921182560431,True
0.26887958683651286,-1.220055254998878,True
0.26689333992814224,-1.224051658838723,True
0.26463690038892135,-1.2278924644702256,True
0.26213261799705306,-1.2315612858381675,True
0.2594052512332847,-1.2350434236274264,True
0.25648173259150703,-1.2383259918821365,True
0.25339090709978435,-1.2413980269796447,True
0.25016324671157497,-1.244250578046902,True
0.24683054376114316,-1.246876778096655,True
0.2434255871649896,-1.2492718953459034,True
0.23998182547229724,-1.2514333643723028,True
0.2365330212029211,-1.253360796956959,True
0.2331129011457356,-1.2550559726544526,True
0.2297548074119236,-1.2565228093196152,True
0.22649135404084322,-1.257767314010075,True
0.22335409383904062,-1.2587975148528965,True
0.22037319990164728,-1.259623374649176,True
0.21757716592814932,-1.2602566871387229,True
0.2149925290173421,-1.2607109570069666,True
0.21264361812596358,-1.2610012648528843,True
0.21055233082309918,-1.261144118464881,True
0.20873794038907081,-1.261157291865523,True
0.20721693471448988,-1.2610596536846082,True
0.20600288787252918,-1.260870986505099,True
0.205106364682848,-1.260611798898447,True
0.20453485807353702,-1.2603031319142461,True
0.20429275858959295,-1.2599663618325188,True
0.20438135499981364,-1.2596230010049378,True
0.20479886462332814,-1.2592944986200312,True
0.2055404917324424,-1.2590020432114752,True
0.2065985121887454,-1.2587663687104123,True
0.20796238232946157,-1.2586075657916138,True
0.2096188700355541,-1.258544900212512,True
0.21155220587453288,-1.2585966397704302,True
0.21374425221158794,-1.2587798914133816,True
0.2161746882153143,-1.2591104499485142,True
0.2188212087403612,-1.2596026596694472,True
0.22165973514311976,-1.260269290112461,True
0.22466463617038712,-1.2611214270057858,True
0.22780895715069735,-1.2621683793439307,True
0.2310646558078893,-1.2634176033584432,True
0.23440284310367054,-1.2648746440067162,True
0.23779402759665585,-1.2665430944329508,True
0.24120836187753733,-1.2684245736890996,True
0.2446158897018788,-1.270518722837427,True
0.24798679249169317,-1.2728232193824265,True
0.25129163391399156,-1.2753338098154052,True
0.2545016012675814,-1.2780443598843783,True
0.2575887424186177,-1.2809469220411085,True
0.26052619702053015,-1.2840318193602946,True
0.2632884207351052,-1.2872877450716615,True
0.26585140114007144,-1.2907018767092513,True
0.26819286396507364,-1.2942600037409402,True
0.2702924682453839,-1.2979466674265643,True
0.2721319889232364,-1.3017453115379627,True
0.2736954853644478,-1.3056384424793304,True
0.274969454197506,-1.3096077972602573,True
0.2759429648293974,-1.3136345177090833,True
0.27660777595341424,-1.3176993292581434,True
0.27695843134654496,-1.321782722597287,True
0.27699233326545714,-1.3258651364717244,True
0.27670979179855304,-1.3299271398959187,True
0.27611404862485717,-1.3339496120706549,True
0.27521127377541726,-1.3379139183181958,True
0.2740105341952335,-1.3418020803995037,True
0.27252373316703865,-1.3455969396387388,True
0.2707655199838516,-1.3492823113602024,True
0.2687531696432366,-1.352843129231924,True
0.26650643277779673,-1.356265578221959,True
0.2640473565245983,-1.359537214985608,True
0.26140007755938166,-1.3626470746366104,True
0.25859058906383325,-1.3655857629902826,True
0.2556464839383557,-1.368345533514172,True
0.25259667709883044,-1.3709203483777541,True
0.24947111018317333,-1.3733059231447817,True
0.2463004424221985,-1.3754997548149495,True
0.2431157317805183,-1.3775011330835363,True
0.23994811073121908,-1.3793111348447447,True
0.23682846118070697,-1.3809326021243316,True
0.23378709310002635,-1.3823701037801714,True
0.23085343134359168,-1.3836298814595016,True
0.22805571494858043,-1.384719780438513,True
0.22542071291637722,-1.3856491661131047,True
0.2229734600932744,-1.3864288270199865,True
0.22073701630842618,-1.3870708654004311,True
0.21873225141023556,-1.3875885764063893,True
0.21697765828958507,-1.3879963171533714,True
0.2154891954091574,-1.3883093668991158,True
0.21428015979306375,-1.3885437797009474,True
0.2133610908872954,-1.3887162309553083,True
0.21273970519531116,-1.3888438592730667,True
0.21242086113568942,-1.3889441051665528,True
0.2124065531699233,-1.3890345480505297,True
0.21269593391269365,-1.3891327430559204,True
0.21328536266704887,-1.3892560591476788,True
0.21416847862187796,-1.3894215200223021,True
0.21533629680531768,-1.3896456492155886,True
0.21677732480083806,-1.3899443208149553,True
0.21847769819518692,-1.3903326171016839,True
0.22042133273289075,-1.3908246943909426,True
0.22259009119138395,-1.3914336582414413,True
0.22496396305786828,-1.3921714491301749,True
0.22752125517477428,-1.3930487395753686,True
0.23023879161951194,-1.3940748435933228,True
0.2330921211889043,-1.39525763924655,True
0.2360557309648184,-1.3966035049299228,True
0.23910326453959485,-1.3981172699022382,True
0.2422077435749069,-1.3998021794477498,True
0.24534179145192264,-1.401659874908548,True
0.24847785784208623,-1.4036903886971468,True
0.25158844308438033,-1.4058921542547507,True
0.25464632129535897,-1.4082620307886242,True
0.25762476116146954,-1.4107953424793243,True
0.2604977433690901,-1.4134859317215638,True
0.26324017361595675,-1.4163262258282454,True
0.2658280901190916,-1.4193073165084336,True
0.2682388644897827,-1.4224190513081085,True
0.27045139478758506,-1.4256501360983485,True
0.2724462894948498,-1.4289882475914533,True
0.2742060410744068,-1.4324201547754223,True
0.2757151876897929,-1.4359318480789807,True
0.2769604615846231,-1.4395086750084396,True
0.27793092254160057,-1.4431354809425292,True
0.27861807477855355,-1.4467967537259983,True
0.2790159655966652,-1.4504767706762425,True
0.27912126408191557,-1.4541597465945062,True
0.2789333181834155,-1.4578299813761522,True
0.2784541885587662,-1.4614720058207487,True
0.27768865769440554,-1.465070724271941,True
0.2766442129832845,-1.468611552751865,True
0.27533100267741134,-1.4720805513076374,True
0.27376176393031587,-1.4754645493548189,True
0.2719517225026856,-1.478751262873614,True
0.2699184641195908,-1.4819294024075718,True
0.2676817779311928,-1.484988770905092,True
0.26526347303046177,-1.487920350558373,True
0.2626871695060146,-1.4907163779020487,True
0.25997806603964724,-1.4933704065576243,True
0.2571626865773008,-1.4958773571365074,True
0.2542686090892819,-1.498233553939366,True
0.2513241798712317,-1.5004367482245018,True
0.24835821720271214,-1.5024861279485633,True
0.24539970845956366,-1.5043823140099644,True
0.24247750495658382,-1.5061273431595228,True
0.23962001886999867,-1.5077246378612859,True
0.2368549265510481,-1.509178963512245,True
0.23420888239385365,-1.5104963735357255,True
0.23170724716925434,-1.511684142980468,True
0.22937383439149953,-1.5127506913455806,True
0.2272306778621218,-1.513705495453366,True
0.22529782305121382,-1.514558993261694,True
0.22359314445149545,-1.515322479596278,True
0.22213219049295294,-1.5160079948279255,True
0.22092805705704038,-1.5166282075876572,True
0.219991290095696,-1.5171962926457871,True
0.21932981735889148,-1.5177258051167102,True
0.21894890877740225,-1.518230552174438,True
0.21885116464493742,-1.5187244634685755,True
0.21903653040268597,-1.5192214614403197,True
0.21950233655220433,-1.5197353327207328,True
0.22024336201059996,-1.5202796017806515,True
0.2212519190721477,-1.5208674079628084,True
0.22251795804934654,-1.5215113870059678,True
0.22402918962648682,-1.5222235580933787,True
0.22577122296550928,-1.5230152174387117,True
0.22772771764627295,-1.5238968393205077,True
0.22988054759690532,-1.524877985431566,True
0.23220997526408382,-1.5259672233140211,True
0.2346948343822617,-1.52717205456607,True
0.2373127198178748,-1.5284988534241943,True
0.24004018308271585,-1.5299528162121836,True
0.24285293222589532,-1.5315379220582366,True
0.2457260349206687,-1.5332569051731497,True
0.2486341236575912,-1.5351112388711536,True
0.2515516020362064,-1.537101131415798,True
0.2544528512107857,-1.5392255336499148,True
0.2573124355909193,-1.5414821582775267,True
0.2601053069224317,-1.5438675105387871,True
0.2628070058793837,-1.5463769299325745,True
0.2653938602819866,-1.5490046425226243,True
0.2678431790205917,-1.5517438232830085,True
0.2701334407117537,-1.554586667827071,True
0.272244476042967,-1.5575244727994133,True
0.274157642678194,-1.560547724111557,True
0.2758559915025853,-1.5636461921473788,True
0.2773244228842977,-1.566809032986067,True
0.2785498315308209,-1.5700248946560045,True
0.27952123842131643,-1.5732820273647448,True
0.28022990821349136,-1.5765683966423136,True
0.2806694504598067,-1.5798717982924801,True
0.28083590293169686,-1.5831799740450812,True
0.2807277953502587,-1.5864807267976353,True
0.2803461918646054,-1.5897620343481522,True
0.27969471071248,-1.5930121605367118,True
0.27877951964719405,-1.5962197627539205,True
0.27760930592476274,-1.599373994806789,True
0.27619521991742285,-1.6024646042021518,True
0.274550791752849,-1.605482022946126,True
0.27269182077019954,-1.6084174510587474,True
0.2706362380254772,-1.6112629320537968,True
0.2684039425616259,-1.6140114197477826,True
0.2660166126675557,-1.6166568358257862,True
0.2634974938715317,-1.6191941177191023,True
0.26087116592753073,-1.6216192564242635,True
0.25816329154127143,-1.6239293240129327,True
0.25540035002516004,-1.626122490682351,True
0.2526093594502434,-1.6281980312935451,True
0.24981759116270305,-1.630156321460417,True
0.24705228073800503,-1.6319988233390839,True
0.24434033954953013,-1.633728061376302,True
0.2417080711239638,-1.6353475883602926,True
0.23918089634397038,-1.6368619422071615,True
0.23678309134366282,-1.638276593998477,True
0.2345375416336742,-1.6395978878588156,True
0.2324655156031079,-1.6408329733307216,True
0.23058646009172057,-1.6419897309627982,True
0.22891782022530138,-1.6430766918791075,True
0.22747488518027023,-1.6441029521502366,True
0.22627066100786108,-1.645078082801466,True
0.2253157711243585,-1.6460120363532538,True
0.2246183845749126,-1.6469150507763637,True
0.22418417172125832,-1.6477975517797379,True
0.22401628659661957,-1.648670054342374,True
0.22411537482290086,-1.6495430643966214,True
0.22447960570021602,-1.6504269815639714,True
0.22510472685777913,-1.6513320038200263,True
0.22598413969746803,-1.6522680349428773,True
0.22710899376292915,-1.653244595562662,True
0.22846829812292688,-1.6542707385966842,True
0.23004904786062538,-1.6553549697984373,True
0.23183636380389794,-1.6565051741104757,True
0.2338136437064511,-1.657728548435576,True
0.23596272318956915,-1.659031541403297,True
0.23826404486915143,-1.6604198006115505,True
0.24069683421868002,-1.6618981277836427,True
0.2432392808457452,-1.6634704421760333,True
0.245868723985319,-1.6651397525263871,True
0.24856184112887156,-1.6669081377186883,True
0.2512948388137147,-1.668776736292513,True
0.25404364468495244,-1.670745744817952,True
0.2567841000132635,-1.6728144250908143,True
0.2594921519011671,-1.674981120009451,True
0.262144044438861,-1.6772432779296989,True
0.26471650807583896,-1.6795974851942095,True
0.2671869464581005,-1.6820395064835303,True
0.269533619941426,-1.6845643325388873,True
0.2717358249322818,-1.6871662347586989,True
0.2737740681297542,-1.689838826094323,True
0.27563023464851194,-1.6925751276200596,True
0.2772877488974428,-1.695367640101538,True
0.2787317269751502,-1.6982084198317127,True
0.2799491192290864,-1.7010891579835763,True
0.2809288415132265,-1.704001262675599,True
0.28166189358014626,-1.706935942951656,True
0.28214146296079007,-1.7098842938253345,True
0.2823630126316615,-1.7128373815800397,True
0.2823243507475463,-1.7157863284717154,True
0.2820256807408092,-1.7187223960265077,True
0.28146963015962806,-1.7216370661302223,True
0.2806612567444521,-1.7245221191360387,True
0.2796080304295839,-1.7273697082599464,True
0.27831979020542463,-1.7301724295648189,True
0.276808675088992,-1.7329233869036975,True
0.2750890288197469,-1.7356162512301336,True
0.2731772783209245,-1.7382453137649048,True
0.2710917864319921,-1.740805532563878,True
0.2688526799144417,-1.7432925721174453,True
0.26648165424453396,-1.745702835671564,True
0.2640017572170363,-1.7480334900602115,True
0.2614371538730229,-1.7502824828974666,True
0.2588128757154852,-1.7524485520715967,True
0.2561545575688745,-1.7545312275585292,True
0.2534881657571565,-1.7565308256454086,True
0.2508397215053233,-1.7584484357352037,True
0.2482350236012505,-1.7602858999722952,True
0.24569937438220313,-1.76204578599424,True
0.24325731303189874,-1.7637313531746792,True
0.24093235999319304,-1.7653465127904693,True
0.23874677602530456,-1.7668957825800673,True
0.23672133907574455,-1.7683842362152857,True
0.23487514171022042,-1.769817448247677,True
0.23322541136599426,-1.7712014351166312,True
0.23178735518467863,-1.7725425928346596,True
0.23057403065774004,-1.7738476319870242,True
0.2295962428003907,-1.7751235106927095,True
0.22886246807361996,-1.7763773661791835,True
0.22837880481444972,-1.7776164456305728,True
0.2281489495220449,-1.7788480369600892,True
0.22817419799103128,-1.7800794001427178,True
0.22845346998868635,-1.7813176997429507,True
0.2289833559410492,-1.7825699392356784,True
0.2297581839254129,-1.7838428977081635,True
0.23077010515854565,-1.7851430694856147,True
0.2320091961187623,-1.7864766072132126,True
0.23346357543650767,-1.7878492688588947,True
0.23511953372874494,-1.7892663690941235,True
0.23696167462549597,-1.7907327354356806,True
0.23897306533786028,-1.7922526695072079,True
0.24113539523520988,-1.7938299137155431,True
0.24342914102915963,-1.7954676235941196,True
0.24583373729558794,-1.7971683460047185,True
0.24832775119755685,-1.7989340033395183,True
0.25088906039598446,-1.8007658838083496,True
0.2534950332463373,-1.8026646378348388,True
0.2561227104753118,-1.8046302805382846,True
0.2587489876073222,-1.8066622002092452,True
0.26135079746559364,-1.808759172642023,True
0.26390529210395264,-1.8109193811304618,True
0.2663900235329622,-1.8131404418733557,True
0.26878312258764486,-1.8154194344993937,True
0.271063475243766,-1.817752937364553,True
0.27321089562739304,-1.8201370672303778,True
0.2752062948801497,-1.822567522902057,True
0.2770318449424885,-1.8250396323459248,True
0.27867113620512785,-1.8275484028159432,True
0.2801093278551666,-1.830088573433171,True
0.2813332896194775,-1.8326546697009864,True
0.28233173348367946,-1.835241059374824,True
0.28309533385297014,-1.8378420091320187,True
0.2836168345240763,-1.8404517414456556,True
0.28389114076822547,-1.8430644911093537,True
0.28391539478638306,-1.8456745608269425,True
0.283689032803272,-1.8482763753320317,True
0.2832138221179714,-1.8508645334896432,True
0.2824938765370307,-1.8534338578833414,True
0.2815356487822194,-1.8559794414090085,True
0.28034789869429677,-1.858496690442216,True
0.2789416363449585,-1.8609813641724435,True
0.2773300395212665,-1.863429609766232,True
0.2755283454517283,-1.8658379930546365,True
0.2735537170950495,-1.8682035244946245,True
0.27142508479776883,-1.87052368022051,True
0.269162964632028,-1.8727964180453507,True
0.2667892552325304,-1.875020188340506,True
0.2643270154445704,-1.877193939773345,True
0.2618002255537883,-1.8793171199362713,True
0.25923353527561904,-1.8813896709792193,True
0.2566520020189659,-1.8834120203610545,True
0.2540808231946654,-1.8853850669557553,True
0.25154506649689085,-1.8873101627199567,True
0.24906940214525153,-1.8891890902343618,True
0.24667784102716245,-1.8910240364164794,True
0.24439348253233065,-1.8928175627869444,True
0.2422382756244693,-1.8945725726422709,True
0.24023279636587092,-1.8962922755546958,True
0.23839604470759423,-1.897980149616113,True
0.23674526290086845,-1.8996399018520382,True
0.2352957773914406,-1.9012754272458712,True
0.23406086554640973,-1.9028907668196255,True
0.2330516480504335,-1.9044900651891754,True
0.23227700731411752,-1.9060775280494353,True
0.2317435317727404,-1.9076573799810443,True
0.23145548553580927,-1.9092338230089023,True
0.23141480248060617,-1.9108109962732065,True
0.23162110357837812,-1.9123929372059751,True
0.23207173599701802,-1.9139835445343154,True
0.23276183234500097,-1.9155865434391341,True
0.23368438830207564,-1.9172054531654654,True
0.2348303568195157,-1.918843557331351,True
0.23618875706262457,-1.9205038771835343,True
0.23774679630023263,-1.922189147986032,True
0.23949000301611414,-1.9239017987198064,True
0.2414023696146883,-1.9256439352242174,True
0.24346650321132618,-1.927417326873052,True
0.2456637831290833,-1.9292233968640176,True
0.247974523859311,-1.9310632161429653,True
0.2503781423789731,-1.9329375009613354,True
0.25285332884613637,-1.9348466140355227,True
0.2553782198107035,-1.936790569224903,True
0.2579305731787771,-1.9387690396442834,True
0.2604879442485648,-1.9407813690495523,True
0.2630278621961339,-1.9428265863621603,True
0.26552800642249974,-1.944903423104469,True
0.26796638218565844,-1.9470103335568394,True
0.27032149492440183,-1.949145517361155,True
0.2725725226429088,-1.951306944325718,True
0.2746994856607765,-1.9534923811181617,True
0.2766834129504586,-1.9556994195664184,True
0.2785065041798463,-1.957925506214932,True
0.28015228646195983,-1.9601679728301566,True
0.2816057646847672,-1.96242406749598,True
0.28285356416255575,-1.9646909859641093,True
0.283884064218478,-1.9669659028985405,True
0.28468752118590657,-1.9692460026911816,True
0.28525617920808005,-1.9715285094858173,True
0.28558436713350493,-1.9738107161055647,True
0.28566857975211857,-1.9760900115533404,True
0.285507541606826,-1.9783639068084897,True
0.2851022516497458,-1.980630058627082,True
0.28445600710336194,-1.9828862911138636,True
0.28357440503449266,-1.9851306148448575,True
0.28246532035986965,-1.9873612433425354,True
0.2811388592758366,-1.9895766067655851,True
0.27960728743897295,-1.9917753626888752,True
0.27788493261518915,-1.993956403893256,True
0.27598806195427855,-1.9961188631329765,True
0.27393473452285755,-1.998262114876684,True
0.27174463022911044,-2.0003857740600206,True
0.26943885678028906,-2.0024896919383894,True
0.2670397368112754,-2.004573949140994,True
0.26457057779212395,-2.0066388461013043,True
0.2620554277432959,-2.008684891017993,True
0.25951882014659927,-2.010712785597392,True
0.2569855117163362,-2.012723408779684,True
0.25448021688415207,-2.0147177987506026,True
0.25202734293663864,-2.0166971334820256,True
0.2496507297304492,-2.018662710126362,True
0.2473733977895297,-2.0206159235429837,True
0.2452173083738008,-2.0225582442742662,True
0.24320313880379996,-2.0244911962740724,True
0.24135007594616914,-2.02641633467988,True
0.23967563032679542,-2.028335223933071,True
0.23819547285676662,-2.0302494165002973,True
0.2369232956543689,-2.0321604324863585,True
0.23587069793596738,-2.034069740343486,True
0.23504709745449917,-2.0359787389305892,True
0.23445966749427896,-2.03788874108518,True
0.2341132990046357,-2.039800958901156,True
0.23401058707722833,-2.0417164908416527,True
0.23415184065327282,-2.04363631080419,True
0.2345351140900416,-2.045561259233344,True
0.23515625902127196,-2.0474920363298077,True
0.23600899481429793,-2.049429197401606,True
0.23708499585120288,-2.0513731503560577,True
0.238373993839697,-2.0533241553230237,True
0.23986389338217373,-2.0552823263558087,True
0.24154089909393608,-2.0572476351605116,True
0.2433896526525199,-2.0592199167491136,True
0.24539337827518098,-2.0611988769269707,True
0.24753403524903597,-2.063184101475767,True
0.24979247627444692,-2.0651750668966646,True
0.2521486105172302,-2.06717115255125,True
0.2545815703953839,-2.0691716540391694,True
0.2570698812436718,-2.071175797612525,True
0.2595916331034761,-2.0731827554524402,True
0.2621246539678818,-2.0751916615956767,True
0.2646466838748025,-2.0772016283093717,True
