percent_displacement,x_0,St,beta,mean,median,stdev,max,min
128.38938519643216,0.0,0.05,0.98684,117.94563227905628,117.90642850993814,7.81421862436052,128.38938519643216,106.94080247561263
124.36745963624111,0.07162,0.05,0.98684,117.94563227905628,117.90642850993814,7.81421862436052,128.38938519643216,106.94080247561263
117.90642850993814,0.14324,0.05,0.98684,117.94563227905628,117.90642850993814,7.81421862436052,128.38938519643216,106.94080247561263
112.12408557705734,0.21486,0.05,0.98684,117.94563227905628,117.90642850993814,7.81421862436052,128.38938519643216,106.94080247561263
106.94080247561263,0.28648,0.05,0.98684,117.94563227905628,117.90642850993814,7.81421862436052,128.38938519643216,106.94080247561263
-4.392355772278734,0.0,0.056,0.98684,3.1866175959536376,4.7646552698145115,4.444753996577375,8.048645905123863,-4.392355772278734
1.0578982086030209,0.07162,0.056,0.98684,3.1866175959536376,4.7646552698145115,4.444753996577375,8.048645905123863,-4.392355772278734
4.7646552698145115,0.14324,0.056,0.98684,3.1866175959536376,4.7646552698145115,4.444753996577375,8.048645905123863,-4.392355772278734
6.4542443685055275,0.21486,0.056,0.98684,3.1866175959536376,4.7646552698145115,4.444753996577375,8.048645905123863,-4.392355772278734
8.048645905123863,0.28648,0.056,0.98684,3.1866175959536376,4.7646552698145115,4.444753996577375,8.048645905123863,-4.392355772278734
171.54029757118826,0.0,0.061,0.98684,154.61050870917472,155.18099044645405,12.582898002431284,171.54029757118826,136.6724024788799
164.39059552286278,0.07162,0.061,0.98684,154.61050870917472,155.18099044645405,12.582898002431284,171.54029757118826,136.6724024788799
155.18099044645405,0.14324,0.061,0.98684,154.61050870917472,155.18099044645405,12.582898002431284,171.54029757118826,136.6724024788799
145.26825752648853,0.21486,0.061,0.98684,154.61050870917472,155.18099044645405,12.582898002431284,171.54029757118826,136.6724024788799
136.6724024788799,0.28648,0.061,0.98684,154.61050870917472,155.18099044645405,12.582898002431284,171.54029757118826,136.6724024788799
123.26903724087003,0.0,0.067,0.98684,93.1507198307338,87.97808006743969,18.207312117830735,123.26903724087003,72.13274223062271
102.89569192606766,0.07162,0.067,0.98684,93.1507198307338,87.97808006743969,18.207312117830735,123.26903724087003,72.13274223062271
87.97808006743969,0.14324,0.067,0.98684,93.1507198307338,87.97808006743969,18.207312117830735,123.26903724087003,72.13274223062271
79.47804768866894,0.21486,0.067,0.98684,93.1507198307338,87.97808006743969,18.207312117830735,123.26903724087003,72.13274223062271
72.13274223062271,0.28648,0.067,0.98684,93.1507198307338,87.97808006743969,18.207312117830735,123.26903724087003,72.13274223062271
272.685703980065,0.0,0.072,0.98684,217.66372535868427,212.8018018644671,35.26084865839937,272.685703980065,172.29270494231451
238.6741635546678,0.07162,0.072,0.98684,217.66372535868427,212.8018018644671,35.26084865839937,272.685703980065,172.29270494231451
212.8018018644671,0.14324,0.072,0.98684,217.66372535868427,212.8018018644671,35.26084865839937,272.685703980065,172.29270494231451
191.8642524519069,0.21486,0.072,0.98684,217.66372535868427,212.8018018644671,35.26084865839937,272.685703980065,172.29270494231451
172.29270494231451,0.28648,0.072,0.98684,217.66372535868427,212.8018018644671,35.26084865839937,272.685703980065,172.29270494231451
190.42678912632175,0.0,0.078,0.98684,175.88135747270482,175.44561843648944,11.739895204196156,190.42678912632175,158.1072756632185
186.50941439952442,0.07162,0.078,0.98684,175.88135747270482,175.44561843648944,11.739895204196156,190.42678912632175,158.1072756632185
175.44561843648944,0.14324,0.078,0.98684,175.88135747270482,175.44561843648944,11.739895204196156,190.42678912632175,158.1072756632185
168.91768973797008,0.21486,0.078,0.98684,175.88135747270482,175.44561843648944,11.739895204196156,190.42678912632175,158.1072756632185
158.1072756632185,0.28648,0.078,0.98684,175.88135747270482,175.44561843648944,11.739895204196156,190.42678912632175,158.1072756632185
-55.24940799494373,0.0,0.083,0.98684,-49.88051074882175,-49.9066713155937,3.685703674489177,-44.87888580884371,-55.24940799494373
-52.32979781888921,0.07162,0.083,0.98684,-49.88051074882175,-49.9066713155937,3.685703674489177,-44.87888580884371,-55.24940799494373
-49.9066713155937,0.14324,0.083,0.98684,-49.88051074882175,-49.9066713155937,3.685703674489177,-44.87888580884371,-55.24940799494373
-47.037790805838426,0.21486,0.083,0.98684,-49.88051074882175,-49.9066713155937,3.685703674489177,-44.87888580884371,-55.24940799494373
-44.87888580884371,0.28648,0.083,0.98684,-49.88051074882175,-49.9066713155937,3.685703674489177,-44.87888580884371,-55.24940799494373
110.76217217451563,0.0,0.089,0.98684,73.29886796604694,65.14181611179549,22.22118091915951,110.76217217451563,49.20319322780904
84.9184016420788,0.07162,0.089,0.98684,73.29886796604694,65.14181611179549,22.22118091915951,110.76217217451563,49.20319322780904
65.14181611179549,0.14324,0.089,0.98684,73.29886796604694,65.14181611179549,22.22118091915951,110.76217217451563,49.20319322780904
56.46875667403569,0.21486,0.089,0.98684,73.29886796604694,65.14181611179549,22.22118091915951,110.76217217451563,49.20319322780904
49.20319322780904,0.28648,0.089,0.98684,73.29886796604694,65.14181611179549,22.22118091915951,110.76217217451563,49.20319322780904
-18.873068010977306,0.0,0.094,0.98684,-7.412435541570136,-5.137668498397005,7.204424623691427,1.5527470128241703,-18.873068010977306
-11.91724092856623,0.07162,0.094,0.98684,-7.412435541570136,-5.137668498397005,7.204424623691427,1.5527470128241703,-18.873068010977306
-5.137668498397005,0.14324,0.094,0.98684,-7.412435541570136,-5.137668498397005,7.204424623691427,1.5527470128241703,-18.873068010977306
-2.686947282734309,0.21486,0.094,0.98684,-7.412435541570136,-5.137668498397005,7.204424623691427,1.5527470128241703,-18.873068010977306
1.5527470128241703,0.28648,0.094,0.98684,-7.412435541570136,-5.137668498397005,7.204424623691427,1.5527470128241703,-18.873068010977306
102.96471632071271,0.0,0.1,0.98684,62.98329729630327,54.54352101546539,23.738211564343064,102.96471632071271,36.25053896355314
75.09723478313109,0.07162,0.1,0.98684,62.98329729630327,54.54352101546539,23.738211564343064,102.96471632071271,36.25053896355314
54.54352101546539,0.14324,0.1,0.98684,62.98329729630327,54.54352101546539,23.738211564343064,102.96471632071271,36.25053896355314
46.060475398654006,0.21486,0.1,0.98684,62.98329729630327,54.54352101546539,23.738211564343064,102.96471632071271,36.25053896355314
36.25053896355314,0.28648,0.1,0.98684,62.98329729630327,54.54352101546539,23.738211564343064,102.96471632071271,36.25053896355314
346.40503405968764,0.0,0.03624,0.95,284.79288654100105,288.6350901062972,42.87798002628406,346.40503405968764,229.96628555617116
313.53305599377205,0.07162,0.03624,0.95,284.79288654100105,288.6350901062972,42.87798002628406,346.40503405968764,229.96628555617116
288.6350901062972,0.14324,0.03624,0.95,284.79288654100105,288.6350901062972,42.87798002628406,346.40503405968764,229.96628555617116
245.42496698907706,0.21486,0.03624,0.95,284.79288654100105,288.6350901062972,42.87798002628406,346.40503405968764,229.96628555617116
229.96628555617116,0.28648,0.03624,0.95,284.79288654100105,288.6350901062972,42.87798002628406,346.40503405968764,229.96628555617116
318.74508282624,0.0,0.03624,0.961,197.99487970033542,177.28912914919948,73.87276571323042,318.74508282624,114.57284382556978
240.57178131627353,0.07162,0.03624,0.961,197.99487970033542,177.28912914919948,73.87276571323042,318.74508282624,114.57284382556978
177.28912914919948,0.14324,0.03624,0.961,197.99487970033542,177.28912914919948,73.87276571323042,318.74508282624,114.57284382556978
138.79556138439432,0.21486,0.03624,0.961,197.99487970033542,177.28912914919948,73.87276571323042,318.74508282624,114.57284382556978
114.57284382556978,0.28648,0.03624,0.961,197.99487970033542,177.28912914919948,73.87276571323042,318.74508282624,114.57284382556978
189.94209596988117,0.0,0.03624,0.972,150.94953367143017,147.34828072518897,24.139518395355076,189.94209596988117,121.11147133256415
163.57524057420244,0.07162,0.03624,0.972,150.94953367143017,147.34828072518897,24.139518395355076,189.94209596988117,121.11147133256415
147.34828072518897,0.14324,0.03624,0.972,150.94953367143017,147.34828072518897,24.139518395355076,189.94209596988117,121.11147133256415
132.77057975531412,0.21486,0.03624,0.972,150.94953367143017,147.34828072518897,24.139518395355076,189.94209596988117,121.11147133256415
121.11147133256415,0.28648,0.03624,0.972,150.94953367143017,147.34828072518897,24.139518395355076,189.94209596988117,121.11147133256415
106.10035296770849,0.0,0.03624,0.983,94.07399168263039,94.15358881220905,7.873039950677352,106.10035296770849,83.0341841445937
98.16900437765335,0.07162,0.03624,0.983,94.07399168263039,94.15358881220905,7.873039950677352,106.10035296770849,83.0341841445937
94.15358881220905,0.14324,0.03624,0.983,94.07399168263039,94.15358881220905,7.873039950677352,106.10035296770849,83.0341841445937
88.91282811098739,0.21486,0.03624,0.983,94.07399168263039,94.15358881220905,7.873039950677352,106.10035296770849,83.0341841445937
83.0341841445937,0.28648,0.03624,0.983,94.07399168263039,94.15358881220905,7.873039950677352,106.10035296770849,83.0341841445937
7.5614582293114125,0.0,0.03624,0.994,7.527758621962943,7.547025250654357,0.2577043161347235,7.897312453044563,7.087676530212349
7.545320646592032,0.07162,0.03624,0.994,7.527758621962943,7.547025250654357,0.2577043161347235,7.897312453044563,7.087676530212349
7.897312453044563,0.14324,0.03624,0.994,7.527758621962943,7.547025250654357,0.2577043161347235,7.897312453044563,7.087676530212349
7.547025250654357,0.21486,0.03624,0.994,7.527758621962943,7.547025250654357,0.2577043161347235,7.897312453044563,7.087676530212349
7.087676530212349,0.28648,0.03624,0.994,7.527758621962943,7.547025250654357,0.2577043161347235,7.897312453044563,7.087676530212349
4.691076818272222,0.0,0.03624,1.006,4.838779140392225,4.691076818272222,0.20489902303901902,5.161658688075647,4.659482359505162
4.659482359505162,0.07162,0.03624,1.006,4.838779140392225,4.691076818272222,0.20489902303901902,5.161658688075647,4.659482359505162
4.680067264869578,0.14324,0.03624,1.006,4.838779140392225,4.691076818272222,0.20489902303901902,5.161658688075647,4.659482359505162
5.0016105712385155,0.21486,0.03624,1.006,4.838779140392225,4.691076818272222,0.20489902303901902,5.161658688075647,4.659482359505162
5.161658688075647,0.28648,0.03624,1.006,4.838779140392225,4.691076818272222,0.20489902303901902,5.161658688075647,4.659482359505162
8.031591844712992,0.0,0.03624,1.017,7.9034294769377365,7.877906079586424,0.08352703000007675,8.031591844712992,7.787271002053416
7.9561381551030195,0.07162,0.03624,1.017,7.9034294769377365,7.877906079586424,0.08352703000007675,8.031591844712992,7.787271002053416
7.877906079586424,0.14324,0.03624,1.017,7.9034294769377365,7.877906079586424,0.08352703000007675,8.031591844712992,7.787271002053416
7.864240303232833,0.21486,0.03624,1.017,7.9034294769377365,7.877906079586424,0.08352703000007675,8.031591844712992,7.787271002053416
7.787271002053416,0.28648,0.03624,1.017,7.9034294769377365,7.877906079586424,0.08352703000007675,8.031591844712992,7.787271002053416
11.077315646319661,0.0,0.03624,1.028,19.88527853964203,12.495959552516993,9.81651456966205,33.077814901269704,11.077315646319661
12.1388599566925,0.07162,0.03624,1.028,19.88527853964203,12.495959552516993,9.81651456966205,33.077814901269704,11.077315646319661
12.495959552516993,0.14324,0.03624,1.028,19.88527853964203,12.495959552516993,9.81651456966205,33.077814901269704,11.077315646319661
33.077814901269704,0.21486,0.03624,1.028,19.88527853964203,12.495959552516993,9.81651456966205,33.077814901269704,11.077315646319661
30.636442641411293,0.28648,0.03624,1.028,19.88527853964203,12.495959552516993,9.81651456966205,33.077814901269704,11.077315646319661
-7.442573849659425,0.0,0.03624,1.039,13.950622966178665,24.285855563179368,17.17069340273973,32.20280211769071,-7.442573849659425
-6.239513891916928,0.07162,0.03624,1.039,13.950622966178665,24.285855563179368,17.17069340273973,32.20280211769071,-7.442573849659425
32.20280211769071,0.14324,0.03624,1.039,13.950622966178665,24.285855563179368,17.17069340273973,32.20280211769071,-7.442573849659425
26.9465448915996,0.21486,0.03624,1.039,13.950622966178665,24.285855563179368,17.17069340273973,32.20280211769071,-7.442573849659425
24.285855563179368,0.28648,0.03624,1.039,13.950622966178665,24.285855563179368,17.17069340273973,32.20280211769071,-7.442573849659425
3.0697113105719325,0.0,0.03624,1.05,5.397972324341424,6.4979802827804605,1.7588198687395225,7.14603194810276,3.0697113105719325
3.4579488191328807,0.07162,0.03624,1.05,5.397972324341424,6.4979802827804605,1.7588198687395225,7.14603194810276,3.0697113105719325
6.4979802827804605,0.14324,0.03624,1.05,5.397972324341424,6.4979802827804605,1.7588198687395225,7.14603194810276,3.0697113105719325
6.8181892611190875,0.21486,0.03624,1.05,5.397972324341424,6.4979802827804605,1.7588198687395225,7.14603194810276,3.0697113105719325
7.14603194810276,0.28648,0.03624,1.05,5.397972324341424,6.4979802827804605,1.7588198687395225,7.14603194810276,3.0697113105719325
