t_u,u,t_w,w,history
0.757229232986629,0.0933821195448979,6.716107195508635,-0.1053805512369967,False
0.7817290033912032,0.09247167683428067,6.735452001957853,-0.1053819854149671,False
0.8070214515262757,0.09156123412366346,6.755048246770769,-0.10538341959293751,False
0.8331322240805323,0.09065079141304623,6.77490179384654,-0.10538485377090791,False
0.8600877975283479,0.08974034870242902,6.795018705623932,-0.10538628794887832,False
0.8879155049771001,0.08882990599181179,6.815405251937042,-0.10538772212684872,False
0.9166435638830732,0.08791946328119457,6.836067919367605,-0.10538915630481913,False
0.9463011046641463,0.08700902057057734,6.857013421118311,-0.10539059048278952,False
0.9769182002381953,0.08609857785996013,6.878248707450296,-0.10539202466075992,False
1.0085258965171975,0.0851881351493429,6.8997809767180645,-0.10539345883873033,False
1.0411562438879818,0.08427769243872568,6.921617687043923,-0.10539489301670073,False
1.0748423297114975,0.08336724972810845,6.943766568681102,-0.10539632719467114,False
1.1096183118735867,0.08245680701749124,6.9662356371061,-0.10539776137264154,False
1.1455194534212851,0.08154636430687401,6.989033206899679,-0.10539919555061195,False
1.1825821583197533,0.0806359215962568,7.012167906469144,-0.10540062972858234,False
1.2208440083661056,0.07972547888563956,7.035648693675811,-0.10540206390655275,False
1.2603438012975703,0.07881503617502235,7.059484872431413,-0.10540349808452315,False
1.3011215901326283,0.07790459346440512,7.083686110339622,-0.10540493226249355,False
1.343218723784981,0.0769941507537879,7.108262457459986,-0.10540636644046396,False
1.3866778889916236,0.07608370804317068,7.1332243662781485,-0.10540780061843436,False
1.4315431535974166,0.07517326533255346,7.1585827129812785,-0.10540923479640477,False
1.4778600112401379,0.07426282262193623,7.184348820133316,-0.10541066897437516,False
1.5256754274813105,0.07335237991131902,7.210534480871412,-0.10541210315234557,False
1.5750378874295343,0.07244193720070179,7.237151984734648,-0.10541353733031597,False
1.6259974449046792,0.07153149449008457,7.264214145268544,-0.10541497150828637,False
1.6786057731927437,0.07062105177946734,7.2917343295437425,-0.10541640568625678,False
1.7329162174428632,0.06971060906885013,7.319726489755004,-0.10541783986422718,False
1.7889838487596093,0.0688001663582329,7.3482051970750115,-0.10541927404219759,False
1.8468655200453936,0.06788972364761568,7.377185677952993,-0.10542070822016798,False
1.9066199236496537,0.06697928093699845,7.406683853081058,-0.1054221423981384,False
1.9683076508832222,0.06606883822638124,7.436716379251577,-0.10542357657610879,False
2.031991253458285,0.06515839551576401,7.4673006943763705,-0.10542501075407919,False
2.0977353069161486,0.0642479528051468,7.498455065947744,-0.1054264449320496,False
2.1656064761072464,0.06333751009452956,7.530198643260333,-0.10542787911002,False
2.2356735827896674,0.06242706738391235,7.562551513752801,-0.1054293132879904,False
2.308007675414804,0.06151662467329512,7.595534763849293,-0.1054307474659608,False
2.3826821011709143,0.0606061819626779,7.629170544746175,-0.10543218164393121,False
2.459772580357587,0.059695739252060676,7.663482143622621,-0.10543361582190161,False
2.5393572831665603,0.05878529654144345,7.698494060819113,-0.10543504999987202,False
2.6215169089467425,0.05787485383082623,7.734232093583342,-0.10543648417784242,False
2.706334768033847,0.05696441112020901,7.7707234270648025,-0.10543791835581282,False
2.793896866227505,0.05605396840959179,7.807996733313656,-0.10543935253378323,False
2.884291992001703,0.055143525698974565,7.846082279132044,-0.10544078671175362,False
2.9776118065367596,0.05423308298835734,7.885012043743999,-0.10544222088972403,False
3.0739509366643087,0.05332264027774012,7.924819847352862,-0.10544365506769443,False
3.173407070819473,0.0524121975671229,7.965541491821804,-0.10544508924566484,False
3.2760810580974677,0.051501754856505676,8.007214914842955,-0.10544652342363524,False
3.3820770105151983,0.050591312145888453,8.049880359178715,-0.10544795760160564,False
3.491502408581434,0.04968086943527123,8.093580558746446,-0.10544939177957605,False
3.604468210282654,0.04877042672465401,8.138360943588228,-0.10545082595754644,False
3.721088963595104,0.04785998401403679,8.1842698660456,-0.10545226013551685,False
3.8414829226371054,0.046949541303419565,8.231358850793622,-0.10545369431348725,False
3.9657721675794146,0.04603909859280234,8.279682871804708,-0.10545512849145766,False
4.094082728435195,0.04512865588218512,8.329300659741081,-0.10545656266942806,False
4.226544712855235,0.0442182131715679,8.380275043855798,-0.10545799684739846,False
4.363292438057808,0.043307770460950676,8.432673333095241,-0.10545943102536887,False
4.50446456702713,0.042397327750333454,8.486567741868878,-0.10546086520333926,False
4.650204249118417,0.04148688503971623,8.542035866864586,-0.10546229938130967,False
4.800659265212188,0.04057644232909901,8.599161222333832,-0.10546373355928007,False
4.955982177564884,0.03966599961848179,8.658033842595794,-0.10546516773725048,False
5.116330484507923,0.038755556907864565,8.718750962029738,-0.10546660191522088,False
5.281866780151898,0.03784511419724734,8.781417784708369,-0.10546803609319128,False
5.452758919257935,0.03693467148663012,8.846148358078388,-0.10546947027116169,False
5.629180187443431,0.0360242287760129,8.913066567852841,-0.10547090444913208,False
5.811309476894632,0.035113786065395676,8.982307274666768,-0.1054723386271025,False
5.999331467764348,0.034203343354778454,9.054017617153836,-0.10547377280507289,False
6.193436815438725,0.03329290064416123,9.128358511274879,-0.1054752069830433,False
6.3938223438628725,0.03238245793354401,9.205506382046327,-0.1054766411610137,False
6.600691245121535,0.03147201522292679,9.285655171832376,-0.10547807533898411,False
6.8142532854769655,0.030561572512309565,9.36901867932124,-0.1054795095169545,False
7.0347250180731855,0.029651129801692336,9.455833296053173,-0.1054809436949249,False
7.26233000252212,0.02874068709107512,9.546361223492188,-0.10548237787289531,False
7.497299031594316,0.02783024438045789,9.640894274459024,-0.10548381205086571,False
7.739870365244158,0.026919801669840676,9.739758389632359,-0.10548524622883612,False
7.990289972206849,0.026009358959223447,9.843319034964836,-0.10548668040680652,False
8.248811779412097,0.02509891624860623,9.951987692180873,-0.10548811458477693,False
8.515697929467535,0.024188473537989003,10.066229716076748,-0.10548954876274733,False
8.791219046472815,0.023278030827371787,10.186573915119821,-0.10549098294071772,False
9.07565451043402,0.022367588116754558,10.313624324265769,-0.10549241711868813,False
9.369292740556574,0.021457145406137343,10.448074793515815,-0.10549385129665853,False
9.67243148770405,0.020546702695520114,10.59072723108369,-0.10549528547462894,False
9.985378136319191,0.0196362599849029,10.74251464405319,-0.10549671965259934,False
10.308450016113586,0.01872581727428567,10.904530555537212,-0.10549815383056975,False
10.641974723841784,0.017815374563668454,11.078067012929912,-0.10549958800854015,False
10.98629045548629,0.016904931853051225,11.264664345757483,-0.10550102218651054,False
11.34174634919028,0.01599448914243401,11.466177261233957,-0.10550245636448095,False
11.708702839285724,0.01508404643181678,11.684864080341322,-0.10550389054245135,False
12.087532021775782,0.014173603721199565,11.923509434144027,-0.10550532472042176,False
12.478618031642394,0.013263161010582336,12.185596483012361,-0.10550675889839216,False
12.882357432361367,0.01235271829996512,12.47555440135155,-0.10550819307636257,False
13.29915961801997,0.011442275589347892,12.799123784942179,-0.10550962725433297,False
13.729447228444982,0.010531832878730676,13.163913452223289,-0.10551106143230338,False
14.173656577761868,0.009621390168113447,13.580281042115331,-0.10551249561027377,False
14.632238096819826,0.008710947457496232,14.062789197983086,-0.10551392978824417,False
15.10565678993133,0.007800504746879003,14.632748377469648,-0.10551536396621458,False
15.594392706389115,0.006890062036261788,15.322970616910755,-0.10551679814418498,False
16.098941427239005,0.0059796193256445584,16.18747601154238,-0.10551823232215539,False
16.619814567801903,0.005069176615027343,17.323818888588434,-0.10551966650012579,False
17.157540296454727,0.004158733904410114,18.93405524290561,-0.1055211006780962,False
17.71266387019618,0.0032482911937929,21.54405559266946,-0.1055225348560666,False
1.6449905514885903,0.0956732068949691,1.300365047697754,-0.0923070538413701,True
1.681227655751378,0.09474499022542439,1.3184443982202358,-0.09241133070152553,True
1.7182630193998623,0.0938167735558797,1.336925118884491,-0.09251560756168097,True
1.7561142273039982,0.09288855688633499,1.3558195054682018,-0.0926198844218364,True
1.7947992517509244,0.09196034021679028,1.3751403358518828,-0.09272416128199183,True
1.834336460988796,0.09103212354724557,1.394900893124577,-0.09282843814214727,True
1.8747446279608642,0.09010390687770088,1.4151149900017825,-0.0929327150023027,True
1.916042939234439,0.08917569020815617,1.435796994641964,-0.09303699186245813,True
1.9582510041295462,0.08824747353861147,1.4569618579544832,-0.09314126872261358,True
2.001388864052341,0.08731925686906677,1.4786251424987886,-0.09324554558276901,True
2.0454770020385675,0.08639104019952207,1.5008030530823737,-0.09334982244292445,True
2.0905363525126255,0.08546282352997736,1.5235124691731805,-0.09345409930307988,True
2.1365883112681834,0.08453460686043265,1.5467709792512587,-0.09355837616323531,True
2.183654745676593,0.08360639019088796,1.5705969172341132,-0.09366265302339075,True
2.231758005129856,0.08267817352134325,1.5950094011209217,-0.09376692988354618,True
2.280920931725345,0.08174995685179855,1.6200283740123262,-0.09387120674370161,True
2.331166871200174,0.08082174018225385,1.6456746476751358,-0.09397548360385705,True
2.3825196841237237,0.07989352351270915,1.6719699488350444,-0.09407976046401248,True
2.4350037573577508,0.07896530684316444,1.6989369683954851,-0.09418403732416791,True
2.4886440157944794,0.07803709017361973,1.7265994137971525,-0.09428831418432335,True
2.543465934384267,0.07710887350407503,1.7549820647506627,-0.09439259104447878,True
2.5994955504658854,0.07618065683453033,1.7841108325944477,-0.09449686790463421,True
2.6567594764141607,0.07525244016498563,1.814012823551475,-0.09460114476478966,True
2.7152849126217555,0.07432422349544093,1.844716406181911,-0.0947054216249451,True
2.7750996608344085,0.07339600682589623,1.8762512833547675,-0.09480969848510053,True
2.8362321378618494,0.07246779015635152,1.9086485690897974,-0.09491397534525596,True
2.898711389690274,0.07153957348680681,1.9419408706522212,-0.0950182522054114,True
2.962567106026555,0.0706113568172621,1.9761623763170661,-0.09512252906556683,True
3.027829635309641,0.06968314014771741,2.011348949257679,-0.09522680592572226,True
3.0945300002309195,0.0687549234781727,2.0475382280545786,-0.0953310827858777,True
3.1626999138129985,0.06782670680862801,2.084769734366662,-0.09543535964603313,True
3.2323717961056797,0.0668984901390833,2.1230849883575638,-0.09553963650618856,True
3.3035787915691164,0.0659702734695386,2.1625276325258036,-0.095643913366344,True
3.3763547872278337,0.06504205679999389,2.2031435646494977,-0.09574819022649943,True
3.4507344316958,0.06411384013044918,2.244981080624963,-0.09585246708665486,True
3.5267531551928295,0.06318562346090449,2.288091028054706,-0.0959567439468103,True
3.604447190696903,0.062257406791359785,2.332526971524786,-0.09606102080696574,True
3.683853596406542,0.061329190121815085,2.3783453706054147,-0.09616529766712117,True
3.765010279723149,0.06040097345227038,2.425605771713308,-0.09626957452727661,True
3.847956023006779,0.05947275678272568,2.4743710150904814,-0.09637385138743204,True
3.9327305114114726,0.05854454011318097,2.5247074582842424,-0.09647812824758747,True
4.019374363170418,0.05761632344363627,2.5766852176580235,-0.09658240510774291,True
4.107929162778908,0.05668810677409157,2.6303784296248445,-0.09668668196789834,True
4.198437497617496,0.055759890104546864,2.6858655334767403,-0.09679095882805377,True
4.29094299867232,0.054831673435002164,2.743229577886983,-0.09689523568820921,True
4.385490386148799,0.05390345676545746,2.802558553390403,-0.09699951254836464,True
4.4821255209437885,0.05297524009591276,2.863945753403944,-0.09710378940852007,True
4.580895463146583,0.05204702342636805,2.927490166638765,-0.09720806626867551,True
4.681848538988209,0.05111880675682335,2.9932969040811326,-0.09731234312883094,True
4.785034417961129,0.05019059008727865,3.0614776640876578,-0.09741661998898637,True
4.890504202198877,0.04926237341773394,3.132151239556425,-0.09752089684914181,True
4.998310530651382,0.04833415674818924,3.205444071607397,-0.09762517370929726,True
5.108507701133727,0.047405940078644536,3.281490854740209,-0.09772945056945269,True
5.221151813984128,0.046477723409099836,3.360435199045653,-0.09783372742960812,True
5.3363009418663285,0.04554950673955513,3.442430355738863,-0.09793800428976356,True
5.45401533122223,0.04462129007001043,3.527640013071723,-0.09804228114991899,True
5.574357642059548,0.04369307340046573,3.616239170583366,-0.09814655801007442,True
5.697393234191062,0.04276485673092102,3.708415100679578,-0.09825083487022986,True
5.8231905097809085,0.04183664006137632,3.804368407715138,-0.09835511173038529,True
5.951821324165326,0.040908423391831615,3.90431419611262,-0.09845938859054072,True
6.083361479480103,0.039980206722286915,4.0084833606163555,-0.09856366545069616,True
6.217891318742192,0.03905199005274221,4.117124013585915,-0.09866794231085159,True
6.35549644181627,0.03812377338319751,4.230503066321109,-0.09877221917100702,True
6.496268569292043,0.0371955567136528,4.348907983829393,-0.09887649603116246,True
6.640306585878738,0.0362673400441081,4.472648735255747,-0.0989807728913179,True
6.787717801701172,0.0353391233745634,4.602059965464909,-0.09908504975147334,True
6.938619478113602,0.034410906705018694,4.737503417082077,-0.09918932661162877,True
7.093140674645521,0.033482690035473994,4.879370636760708,-0.0992936034717842,True
7.251424485836092,0.03255447336592929,5.028086004681873,-0.09939788033193964,True
7.413630751461652,0.03162625669638458,5.184110132444856,-0.09950215719209507,True
7.579939341571977,0.030698040026839887,5.347943681767746,-0.0996064340522505,True
7.750554139505018,0.02976982335729518,5.52013166500063,-0.09971071091240594,True
7.9257078724704755,0.028841606687750473,5.701268298634993,-0.09981498777256137,True
8.105667971381518,0.02791339001820578,5.892002493104885,-0.0999192646327168,True
8.290743680586784,0.026985173348661073,6.093044076630621,-0.10002354149287224,True
8.481294685488539,0.026056956679116366,6.305170868164081,-0.10012781835302767,True
8.677741583521398,0.02512874000957166,6.529236735290378,-0.1002320952131831,True
8.880578593787348,0.024200523340026966,6.766180798014863,-0.10033637207333854,True
9.090388985443296,0.02327230667048226,7.017037969709151,-0.10044064893349397,True
9.30786380793023,0.022344090000937553,7.2829510633540995,-0.1005449257936494,True
9.533824631221268,0.021415873331392846,7.565184736181022,-0.10064920265380485,True
9.769251156189448,0.020487656661848153,7.865141600882696,-0.10075347951396028,True
10.015314739712442,0.019559439992303446,8.184380899309373,-0.10085775637411572,True
10.273419103232348,0.01863122332275874,8.52464021827289,-0.10096203323427115,True
10.545249765666785,0.017703006653214046,8.887860831013558,-0.10106631009442658,True
10.832834072136766,0.01677478998366934,9.276217377556616,-0.10117058695458202,True
11.13861409146388,0.015846573314124632,9.692152759822818,-0.10127486381473745,True
11.465535143009019,0.014918356644579925,10.138419332444466,-0.10137914067489288,True
11.817153305654527,0.013990139975035232,10.618127730335924,-0.10148341753504832,True
12.197765981014808,0.013061923305490525,11.134805005910405,-0.10158769439520375,True
12.612570456552985,0.012133706635945818,11.692464174887744,-0.10169197125535918,True
13.067856475288915,0.011205489966401125,12.295687820287467,-0.10179624811551462,True
13.571240107412422,0.010277273296856418,12.949729120881965,-0.10190052497567006,True
14.13194778419792,0.009349056627311711,13.660634610076395,-0.1020048018358255,True
14.761161255461118,0.008420839957767004,14.43539421295643,-0.10210907869598093,True
15.472436540437045,0.007492623288222311,15.282125763860073,-0.10221335555613636,True
16.282212745876794,0.006564406618677604,16.210303431039065,-0.1023176324162918,True
17.210430030612272,0.005636189949132897,17.231042492958395,-0.10242190927644723,True
18.281280131872634,0.004707973279588204,18.357457046889728,-0.10252618613660266,True
19.524117891987068,0.0037797566100435,19.605112959654644,-0.1026304629967581,True
