t,inertial,stokes_drag,history,velocity,R^2
0.0,0.03454444181228793,0.004399693884269314,-0.01526336800947162,0.999116256540822,0.9229422287430148
0.005,0.03722426900616913,0.003537156825261969,-0.016729073137689333,0.998577491797586,0.9229422287430148
0.01,0.03985017644537127,0.0026651097471803967,-0.01816901139385814,0.9966382682686419,0.9229422287430148
0.015,0.04241808805562373,0.0017848922907536158,-0.019580945810174614,0.9933025061823788,0.9229422287430148
0.02,0.044924014833042314,0.0008978572211131696,-0.02096268099196446,0.9885762735768486,0.9229422287430148
0.025,0.047364061038967904,5.368349019707619e-06,-0.02231206652987725,0.9824677755233706,0.9229422287430148
0.03,0.04973443025458236,-0.0008912015657608239,-0.023627000345170342,0.974987340066676,0.9229422287430148
0.035,0.052031431285897975,-0.0017904729257099971,-0.02490543196288209,0.9661474009054101,0.9229422287430148
0.04,0.05425148390993051,-0.0026910614181889798,-0.026145365707795534,0.9559624768418626,0.9229422287430148
0.045,0.05639112445312011,-0.0035915801461869432,-0.027344863818217,0.9444491480347013,0.9229422287430148
0.05,0.0584470111933063,-0.004490641763904532,-0.028502049472711104,0.9316260290934337,0.9229422287430148
0.055,0.06041592957684138,-0.005386860613886903,-0.029615109725070265,0.9175137390580952,0.9229422287430148
0.06,0.06229479724269274,-0.0062788548624114655,-0.030682298342927447,0.9021348683125066,0.9229422287430148
0.065,0.06408066884568904,-0.007165248629841324,-0.031701938545572225,0.8855139424840852,0.9229422287430148
0.07,0.06577074067136891,-0.008044674112661937,-0.03267242563668197,0.8676773833877722,0.9229422287430148
0.075,0.06736235503519879,-0.008915773693925525,-0.033592229527833806,0.8486534670762409,0.9229422287430148
0.08,0.06885300445926446,-0.009777202038848817,-0.034459897148833754,0.8284722790628873,0.9229422287430148
0.085,0.07024033561987862,-0.010627628172331087,-0.03527405474107052,0.8071656667884084,0.9229422287430148
0.09,0.0715221530598884,-0.011465737535181859,-0.036033410030274424,0.7847671894060553,0.9229422287430148
0.095,0.07269642265983421,-0.0122902340158834,-0.03673675427525049,0.7613120649646488,0.9229422287430148
0.1,0.07376127486247834,-0.013099841954749445,-0.037382964189341915,0.7368371150723796,0.9229422287430148
0.105,0.07471500764559247,-0.013893308117378765,-0.037971003731571175,0.711380707128358,0.9229422287430148
0.11,0.07555608923828538,-0.014669403634352455,-0.03849992576460837,0.6849826942124486,0.9229422287430148
0.115,0.07628316057654275,-0.015426925904174374,-0.03896887357691865,0.6576843527274769,0.9229422287430148
0.12,0.07689503749404646,-0.01616470045650564,-0.03937708226664567,0.6295283178914035,0.9229422287430148
0.125,0.07739071264475184,-0.016881582772809118,-0.039723879985002694,0.6005585171801671,0.9229422287430148
0.13,0.07776935715410924,-0.0175764600615803,-0.04000868903715524,0.5708201018250998,0.9229422287430148
0.135,0.07803032199623446,-0.01824825298541359,-0.040231026838799755,0.5403593764716195,0.9229422287430148
0.14,0.07817313909475111,-0.01889591733722153,-0.04039050672686079,0.5092237271088295,0.9229422287430148
0.145,0.07819752214545515,-0.019518445663005448,-0.04048683862295596,0.4774615473821178,0.9229422287430148
0.15,0.07810336715937746,-0.020114868828657092,-0.04051982954850204,0.44512216340324257,0.9229422287430148
0.155,0.07789075272525084,-0.020684257528352883,-0.040489383990563635,0.41225575717478713,0.9229422287430148
0.16,0.07755993999082023,-0.021225723732194765,-0.04039550411777575,0.37891328874777536,0.9229422287430148
0.165,0.07711137236286641,-0.02173842207084385,-0.04023828984590161,0.34514641723309786,0.9229422287430148
0.17,0.07654567492624846,-0.022221551154986606,-0.040017938752818595,0.311007420789251,0.9229422287430148
0.175,0.0758636535827023,-0.02267435482757584,-0.03973474584295745,0.2765491157102232,0.9229422287430148
0.18,0.07506629391056412,-0.02309612334689087,-0.0393891031614509,0.24182477473866384,0.9229422287430148
0.185,0.07415475974702039,-0.023486194498565045,-0.0389814992584808,0.20688804473075037,0.9229422287430148
0.19,0.07313039149491316,-0.023843954634840177,-0.03851251850454372,0.17179286379987047,0.9229422287430148
0.195,0.07199470415655279,-0.02416883963941695,-0.03798284025758359,0.1365933780671255,0.9229422287430148
0.2,0.07074938509741759,-0.024460335816385882,-0.037393237883172246,0.10134385814700601,0.9229422287430148
0.205,0.0693962915430318,-0.02471798070183777,-0.03674457762914227,0.06609861549713382,0.9229422287430148
0.21,0.06793744781273152,-0.024941363796873037,-0.0360378173563051,0.030911918760911032,0.9229422287430148
0.215,0.06637504229442887,-0.025130127220849282,-0.035274005127106704,-0.004162089768158808,0.9229422287430148
0.22,0.06471142416489498,-0.02528396628382804,-0.03445427765429747,-0.039069477431813854,0.9229422287430148
0.225,0.06294909986047083,-0.025402629977306933,-0.03357985861190737,-0.07375660411402099,0.9229422287430148
0.23,0.06109072930349981,-0.025485921382448422,-0.03265205681103018,-0.10817020464225366,0.9229422287430148
0.235,0.05913912189016518,-0.025533697995142875,-0.03167226424313501,-0.1422574705563999,0.9229422287430148
0.24,0.05709723224577763,-0.02554587196737201,-0.030641953993825723,-0.17596613111987142,0.9229422287430148
0.245,0.05496815575391908,-0.025522410264467322,-0.029562678030169636,-0.20924453344872973,0.9229422287430148
0.25,0.05275512386621056,-0.025463334737987363,-0.028436064864919005,-0.24204172163592286,0.9229422287430148
0.255,0.05046149919980502,-0.025368722114067946,-0.027263817101136387,-0.27430751474952114,0.9229422287430148
0.26,0.04809077043003496,-0.02523870389722902,-0.02604770886092081,-0.305992583585653,0.9229422287430148
0.265,0.04564654698597748,-0.02507346618975284,-0.02478958310211903,-0.33704852605867697,0.9229422287430148
0.27,0.043132553556991964,-0.02487324942687769,-0.02349134882707426,-0.36742794111346794,0.9229422287430148
0.275,0.04055262441859374,-0.024638348028181118,-0.022154978187639885,-0.3970845010470392,0.9229422287430148
0.28,0.037910697586297434,-0.02436910996565659,-0.020782503490842093,-0.42597302212909277,0.9229422287430148
0.285,0.03521080880634968,-0.024065936249115145,-0.019376014109739746,-0.4540495334139785,0.9229422287430148
0.29,0.03245708539251423,-0.02372928032967217,-0.01793765330417271,-0.4812713436392461,0.9229422287430148
0.295,0.02965373991831479,-0.023359647422204508,-0.016469614956231567,-0.5075971061091358,0.9229422287430148
0.3,0.02680506377438161,-0.02295759374779024,-0.014974140225423337,-0.5329868814643455,0.9229422287430148
0.305,0.023915420600748544,-0.02252372569726588,-0.013453514128628583,-0.5574021982428798,0.9229422287430148
0.31,0.02098923960414475,-0.022058698917156904,-0.0119100620500641,-0.5808061111402387,0.9229422287430148
0.315,0.018031008770522012,-0.021563217319360294,-0.010346146186584514,-0.6031632568806848,0.9229422287430148
0.32,0.015045267983212266,-0.021038032016073398,-0.008764161933752297,-0.6244399076152016,0.9229422287430148
0.325,0.012036602057260454,-0.02048394018157913,-0.007166534218200385,-0.6446040217655957,0.9229422287430148
0.33,0.009009633700627696,-0.019901783842613294,-0.005555713781906126,-0.663625292238087,0.9229422287430148
0.335,0.0059690164130639205,-0.019292448599148183,-0.003934173424065681,-0.6814751919339379,0.9229422287430148
0.34,0.0029194273335509608,-0.01865686227753425,-0.0023044042063271215,-0.6981270164888762,0.9229422287430148
0.345,-0.0001344399526820555,-0.01799599351804964,-0.0006689116272093355,-0.7135559241772835,0.9229422287430148
0.35,-0.0031878826365200064,-0.01731085029900564,0.0009697882284249143,-0.7277389729216461,0.9229422287430148
0.355,-0.006236195925581839,-0.01660247839965759,0.0026091725589225344,-0.7406551543521798,0.9229422287430148
0.36,-0.009274680291962604,-0.01587195980426287,0.004246715728475871,-0.752285424866191,0.9229422287430148
0.365,-0.012298648715924052,-0.015120411049723252,0.005879893156861542,-0.7626127336412953,0.9229422287430148
0.37,-0.015303433914375927,-0.01434898151933364,0.007506185210296353,-0.7716220475614259,0.9229422287430148
0.375,-0.018284395543007127,-0.013558851685242818,0.00912308108741834,-0.7793003730193138,0.9229422287430148
0.38,-0.021236927360945432,-0.012751231302315723,0.010728082694396266,-0.785636774563923,0.9229422287430148
0.385,-0.02415646434689106,-0.01192735755615914,0.012318708503191481,-0.7906223903662499,0.9229422287430148
0.39,-0.027038489755737343,-0.011088493168144059,0.013892497387017692,-0.7942504444818028,0.9229422287430148
0.395,-0.02987854210476317,-0.010235924460329542,0.01544701242706721,-0.7965162558929928,0.9229422287430148
0.4,-0.03267222207859879,-0.009370959383251817,0.0169798446846204,-0.7974172443196754,0.9229422287430148
0.405,-0.03541519934228503,-0.008494925509600626,0.01848861693270393,-0.7969529327910567,0.9229422287430148
0.41,-0.03810321925186777,-0.007609167996862839,0.019970987341513848,-0.7951249469771453,0.9229422287430148
0.415,-0.040732109452138746,-0.0067150475220582005,0.0214246531118965,-0.7919370112829598,0.9229422287430148
0.42,-0.04329778635128854,-0.005813938191736263,0.02284735405124867,-0.7873949417136528,0.9229422287430148
0.425,-0.04579626146243415,-0.004907225430447439,0.024236876086290323,-0.7815066355236995,0.9229422287430148
0.43,-0.0482236476021671,-0.003996303850929928,0.02559105470724769,-0.7742820576682281,0.9229422287430148
0.435,-0.050576164936496026,-0.003082575109288291,0.02690777833809365,-0.7657332240794996,0.9229422287430148
0.44,-0.05285014686478646,-0.0021674457484592764,0.028184991627602192,-0.7558741817963834,0.9229422287430148
0.445,-0.055042045732533754,-0.0012523250332856265,0.029420698656085414,-0.7447209859795496,0.9229422287430148
0.45,-0.0571484383640752,-0.0003386227805282681,0.030612966052814824,-0.7322916738498422,0.9229422287430148
0.455,-0.0591660314066194,0.000572252812843615,0.031759926019262114,-0.7186062355919918,0.9229422287430148
0.46,-0.06109166647724604,0.0014788973397366501,0.032859779253430414,-0.7036865822705329,0.9229422287430148
0.465,-0.06292232510483939,0.0023799123480491434,0.03391079777070258,-0.687556510809306,0.9229422287430148
0.47,-0.06465513345922896,0.003273907497482713,0.034911327616788106,-0.6702416660904034,0.9229422287430148
0.475,-0.06628736686012572,0.004159502704720644,0.03585979146850906,-0.6517695002328885,0.9229422287430148
0.48,-0.06781645405878597,0.005035330273665015,0.03675469111834002,-0.6321692291158525,0.9229422287430148
0.485,-0.06923998128568189,0.005900037007446207,0.037594609838793154,-0.6114717862145598,0.9229422287430148
0.49,-0.07055569605780482,0.00675228629894074,0.03837821462291725,-0.5897097738226227,0.9229422287430148
0.495,-0.07176151073960416,0.007590760196570781,0.039104258297372775,-0.5669174117370057,0.9229422287430148
0.5,-0.0728555058519385,0.008414161442190997,0.039771581504737925,-0.5431304834866095,0.9229422287430148
0.505,-0.07383593312379534,0.009221215477914484,0.04037911455189658,-0.51838628018881,0.9229422287430148
0.51,-0.07470121828193675,0.010010672418770747,0.04092587912156737,-0.4927235421220609,0.9229422287430148
0.515,-0.07544996357402366,0.01078130898814443,0.041410989844239,-0.46618239810601775,0.9229422287430148
0.52,-0.07608095002118431,0.011531930412999407,0.04183365572799238,-0.43880430278394816,0.9229422287430148
0.525,-0.07659313939640146,0.012261372275949745,0.042193181443904645,-0.4106319719054793,0.9229422287430148
0.53,-0.07698567592551844,0.012968502321308428,0.042488968464953196,-0.381709315710636,0.9229422287430148
0.535,-0.07725788770808767,0.013652222212314023,0.042720516056562255,-0.352081370518962,0.9229422287430148
0.54,-0.07740928785571415,0.014311469236806314,0.042887422117159436,-0.32179422863035395,0.9229422287430148
0.545,-0.07743957534598266,0.014945217958703662,0.04298938386734251,-0.2908949666466321,0.9229422287430148
0.55,-0.0773486355904933,0.015552481812717182,0.04302619838648734,-0.2594315723252214,0.9229422287430148
0.555,-0.07713654071596926,0.016132314639820032,0.04299776299586219,-0.22745287007865278,0.9229422287430148
0.56,-0.0768035495578437,0.016683812161083694,0.04290407548755032,-0.19500844523545924,0.9229422287430148
0.5650000000000001,-0.07635010736617344,0.01720611338758683,0.04274523419871889,-0.16214856717986315,0.9229422287430148
0.5700000000000001,-0.0757768452241719,0.017698401964197138,0.042521437931011014,-0.12892411148945856,0.9229422287430148
0.5750000000000001,-0.07508457918009576,0.018159907445130456,0.04223298571507566,-0.0953864811914002,0.9229422287430148
0.58,-0.07427430909366256,0.018589906499295452,0.041880276420489415,-0.06158752725888428,0.9229422287430148
0.585,-0.07334721719861498,0.018987724043537074,0.04146380821156129,-0.027579468470962543,0.9229422287430148
0.59,-0.07230466638348938,0.019352734302005393,0.04098417784975137,0.006585189240579284,0.9229422287430148
0.595,-0.071148198193079,0.0196843617899873,0.040442079843669834,0.040853733832672275,0.9229422287430148
0.6,-0.0698795305535118,0.019982082220656096,0.039838305447857526,0.07517332845579391,0.9229422287430148
0.605,-0.06850055522429718,0.020245423333309923,0.03917374151178569,0.10949109289668864,0.9229422287430148
0.61,-0.06701333498111206,0.02047396564179225,0.03844936918074244,0.1437541850335351,0.9229422287430148
0.615,-0.06542010053351366,0.02066734310190975,0.037666262450501795,0.17790988217818113,0.9229422287430148
0.62,-0.06372324718218388,0.020825243696786008,0.03682558657790143,0.21190566218015744,0.9229422287430148
0.625,-0.06192533122070756,0.020947409939216857,0.03592859634967591,0.24568928416779856,0.9229422287430148
0.63,-0.06002906608728187,0.02103363929022039,0.03497663421211124,0.2792088688024421,0.9229422287430148
0.635,-0.058037318272151764,0.021083784493102532,0.03397112826430736,0.312412977922335,0.9229422287430148
0.64,-0.055953102986937335,0.02109775382249026,0.03291359011804345,0.345250693454117,0.9229422287430148
0.645,-0.05377957960238856,0.021075511247914385,0.03180561262744774,0.3776716954707846,0.9229422287430148
0.65,-0.05152004686147295,0.021017076511655707,0.030648867491881573,0.40962633927660735,0.9229422287430148
0.655,-0.04917793787504322,0.0209225251207002,0.029445102735640803,0.4410657314008326,0.9229422287430148
0.66,-0.04675681490766854,0.020791988252781262,0.028196140068268725,0.47194180438394645,0.9229422287430148
0.665,-0.044260363961553945,0.02062565257661912,0.026903872129468067,0.5022073902421875,0.9229422287430148
0.67,-0.04169238916677233,0.020423759986600086,0.0255702596227725,0.5318162924979701,0.9229422287430148
0.675,-0.03905680698634908,0.020186607252270228,0.024197328342318608,0.5607233566663118,0.9229422287430148
0.68,-0.03635764024501651,0.019914545583148677,0.02278716609722051,0.5888845390898081,0.9229422287430148
0.685,-0.03359901199074807,0.019607980109497804,0.021341919538218707,0.6162569740171595,0.9229422287430148
0.6900000000000001,-0.03078513919843237,0.01926736927981618,0.01986379089142196,0.6427990388231897,0.9229422287430148
0.6950000000000001,-0.027920326325294845,0.018893224175948593,0.018355034604107156,0.6684704172712062,0.9229422287430148
0.7000000000000001,-0.025008958727922206,0.018486107746836098,0.016817953907688338,0.6932321607215095,0.9229422287430148
0.705,-0.02205549595095042,0.018046633962053693,0.01525489730309027,0.7170467471932132,0.9229422287430148
0.71,-0.01906446489767976,0.017575466886406512,0.013668254973884913,0.7398781381899071,0.9229422287430148
0.715,-0.016040452893082875,0.017073319676980125,0.012060455132672121,0.7616918332030636,0.9229422287430148
0.72,-0.01298810064982539,0.016540953504158067,0.010433960306282866,0.7824549218108627,0.9229422287430148
0.725,-0.00991209514808845,0.015979176398237798,0.008791263565489368,0.8021361332938433,0.9229422287430148
0.73,-0.006817162440106428,0.015388842023393568,0.007134884704987921,0.8207058836925651,0.9229422287430148
0.735,-0.0037080603904744375,0.014770848380844536,0.005467366379511161,0.8381363202365895,0.9229422287430148
0.74,-0.0005895713633699399,0.014126136443198819,0.0037912702019900933,0.8544013630780773,0.9229422287430148
0.745,0.0025335051320793736,0.013455688722047946,0.002109172809748643,0.8694767442675901,0.9229422287430148
0.75,0.005656359826963172,0.012760527770993815,0.0004236619047752253,0.8833400439138563,0.9229422287430148
0.755,0.008774181096935143,0.012041714626387564,-0.0012626677258481453,0.8959707234737382,0.9229422287430148
0.76,0.011882162374346406,0.011300347188156225,-0.0029472182032438546,0.9073501561230644,0.9229422287430148
0.765,0.014975509556739722,0.010537558543189964,-0.004627392557614732,0.9174616541634726,0.9229422287430148
0.77,0.018049448400293027,0.009754515233848715,-0.006300598730541319,0.9262904934250562,0.9229422287430148
0.775,0.02109923188681751,0.00895241547423235,-0.007964253572536955,0.9338239346292638,0.9229422287430148
0.78,0.02412014755293464,0.008132487316943932,-0.009615786829692071,0.9400512416811426,0.9229422287430148
0.785,0.027107524770123865,0.0072959867731492555,-0.011252645113259744,0.9449636968648345,0.9229422287430148
0.79,0.030056741964401428,0.0064441958888087035,-0.012872295846056448,0.9485546129209954,0.9229422287430148
0.795,0.032963233764463126,0.005578420780030404,-0.014472231179575227,0.9508193419895987,0.9229422287430148
0.8,0.03582249806724244,0.004699989630552608,-0.01604997187575761,0.9517552814064631,0.9229422287430148
0.805,0.03863010300995615,0.0038102506544269578,-0.017603071147420383,0.9513618763466678,0.9229422287430148
0.81,0.04138169383783352,0.002910570027024779,-0.019129118451385214,0.9496406193128941,0.9229422287430148
0.8150000000000001,0.044072999656893964,0.0020023297875441924,-0.020625743228435627,0.9465950464715776,0.9229422287430148
0.8200000000000001,0.04669984006130881,0.00108692571623653,-0.02209061858430336,0.9422307308446267,0.9229422287430148
0.8250000000000001,0.049258131625056496,0.000165765189610713,-0.023521464905965194,0.936555272369276,0.9229422287430148
0.8300000000000001,0.051743894247800716,-0.0007597349830860639,-0.02491605340763681,0.9295782848434777,0.9229422287430148
0.835,0.05415325734512735,-0.0016881507387872456,-0.02627220960094679,0.9213113797790142,0.9229422287430148
0.84,0.0564824658735219,-0.00261805295157633,-0.027587816683894272,0.9117681471892416,0.9229422287430148
0.845,0.05872788618070375,-0.003548009632333259,-0.028860818843306026,0.9009641333431075,0.9229422287430148
0.85,0.060886011672209646,-0.004476588133674029,-0.030089224465645714,0.8889168155217289,0.9229422287430148
0.855,0.06295346828539584,-0.005402357356790304,-0.03127110925116505,0.8756455738183624,0.9229422287430148
0.86,0.06492701976230962,-0.006323889956786928,-0.03240461922652568,0.8611716600272088,0.9229422287430148
0.865,0.06680357271319923,-0.007239764543120817,-0.03348797365118191,0.8455181636708822,0.9229422287430148
0.87,0.0685801814627392,-0.008148567871750747,-0.034519467812968066,0.8287099752207334,0.9229422287430148
0.875,0.07025405267138778,-0.009048897025614601,-0.035497475708508024,0.8107737465685878,0.9229422287430148
0.88,0.07182254972462339,-0.009939361580071677,-0.036420452604231594,0.7917378488125717,0.9229422287430148
0.885,0.0732831968831711,-0.010818585749969467,-0.037286937473969314,0.7716323274237933,0.9229422287430148
0.89,0.07463368318769226,-0.011685210515016723,-0.03809555530928361,0.7504888548647197,0.9229422287430148
0.895,0.07587186611177905,-0.01253789572018238,-0.03884501929888388,0.7283406807338568,0.9229422287430148
0.9,0.07699577495748683,-0.013375322147872643,-0.03953413287367648,0.7052225795151972,0.9229422287430148
0.905,0.07800361398803025,-0.014196193558685,-0.040161791614204585,0.6811707960144233,0.9229422287430148
0.91,0.07889376529266495,-0.014999238697579695,-0.040726985017439245,0.6562229885675048,0.9229422287430148
0.915,0.07966479137919295,-0.015783213262365606,-0.04122879812010168,0.6304181701105924,0.9229422287430148
0.92,0.08031543748994575,-0.016546901831454002,-0.04166641297591464,0.6037966472033316,0.9229422287430148
0.925,0.0808446336375188,-0.0172891197478914,-0.042039109984401794,0.5763999571009387,0.9229422287430148
0.93,0.08125149635696538,-0.01800871495675292,-0.04234626906908409,0.5482708029731969,0.9229422287430148
0.935,0.08153533017159206,-0.018704569793047812,-0.04258737070315176,0.5194529873713168,0.9229422287430148
0.94,0.0816956287699343,-0.019375602717360507,-0.04276199678092253,0.4899913440463714,0.9229422287430148
0.945,0.08173207589193884,-0.02002076999653427,-0.04286983133363566,0.45993166822531334,0.9229422287430148
0.95,0.08164454592282364,-0.02063906732678495,-0.042910661088368614,0.4293206454530292,0.9229422287430148
0.955,0.0814331041935363,-0.021229531396722862,-0.04288437586910437,0.3982057791108713,0.9229422287430148
0.96,0.0810980069871839,-0.02179124138784861,-0.04279096883922015,0.36663531672426064,0.9229422287430148
0.965,0.08063970125125945,-0.02232332041018728,-0.042630536584912254,0.334658175173597,0.9229422287430148
0.97,0.08005882401594241,-0.02282493687082412,-0.04240327903931582,0.30232386492431385,0.9229422287430148
0.975,0.07935620151920611,-0.02329530577320459,-0.042109499247324364,0.26968241339351084,0.9229422287430148
0.98,0.07853284803991507,-0.023733689945170375,-0.0417496029713594,0.23678428757168843,0.9229422287430148
0.985,0.0775899644405453,-0.024139401193811583,-0.041324098138584495,0.20368031601917902,0.9229422287430148
0.99,0.07652893642161143,-0.024511801385325077,-0.04083359413030476,0.17042161035790734,0.9229422287430148
0.995,0.0753513324903289,-0.024850303448186128,-0.04027880091453513,0.13705948637965543,0.9229422287430148
1.0,0.07405890164647745,-0.02515437229805769,-0.03966052802296258,0.10364538489251102,0.9229422287430148
1.005,0.0726535707888774,-0.02542352568297979,-0.03897968337377023,0.07023079242766572,0.9229422287430148
1.01,0.07113744184631399,-0.02565733494750571,-0.03823727194202763,0.036867161928699634,0.9229422287430148
1.015,0.06951278863717947,-0.02585542571457548,-0.037434394279589306,0.0036058335454340062,0.9229422287430148
1.02,0.06778205346251394,-0.02601747848404255,-0.03657224488667433,-0.02950204434564513,0.9229422287430148
1.025,0.06594784343755068,-0.026143229146898372,-0.03565211043753385,-0.06240559377298366,0.9229422287430148
1.03,0.06401292656726881,-0.026232469414369373,-0.034675367862836905,-0.0950542853327832,0.9229422287430148
1.035,0.06198022757185305,-0.02628504716119027,-0.03364348229162635,-0.1273980157628941,0.9229422287430148
1.04,0.059852823468358275,-0.026300866682491108,-0.03255800485592027,-0.15938718480881536,0.9229422287430148
1.045,0.057633938915246825,-0.026279888863867385,-0.03142057036124353,-0.19097277126384338,0.9229422287430148
1.05,0.05532694132683472,-0.02622213126433643,-0.030232894826582368,-0.22210640806693044,0.9229422287430148
1.055,0.05293533576505201,-0.026127668112017378,-0.02899677289746405,-0.252740456343088,0.9229422287430148
1.06,0.05046275961625965,-0.025996630212506172,-0.027714075136056948,-0.2828280782732422,0.9229422287430148
1.065,0.04791297706119981,-0.025829204770052218,-0.026386745192377433,-0.3123233086818507,0.9229422287430148
1.07,0.045289873346491746,-0.02562563512177645,-0.0250167968608829,-0.3411811252331937,0.9229422287430148
1.075,0.04259744886638443,-0.025386220385306323,-0.02360631102690358,-0.36935751712891907,0.9229422287430148
1.08,0.03983981306377348,-0.025111315020334847,-0.02215743250753825,-0.3968095522022569,0.9229422287430148
1.085,0.03702117815978633,-0.024801328304745452,-0.020672366791811825,-0.4234954423065202,0.9229422287430148
1.09,0.03414585272149694,-0.024456723726074915,-0.019153376685044667,-0.4493746068984272,0.9229422287430148
1.095,0.031218235077584394,-0.02407801828921849,-0.017602778862534165,-0.47440773471948555,0.9229422287430148
1.1,0.028242806592004416,-0.023665781741409053,-0.016022940337799933,-0.4985568434818038,0.9229422287430148
1.105,0.025224124805953076,-0.02322063571563249,-0.014416274850772084,-0.5217853374676646,0.9229422287430148
1.11,0.022166816458610367,-0.022743252793765524,-0.012785239181428832,-0.5440580629556033,0.9229422287430148
1.115,0.019075570397358445,-0.02223435549084646,-0.011132329394516301,-0.5653413613891338,0.9229422287430148
1.12,0.015955130388331396,-0.021694715162013378,-0.009460077021085988,-0.5856031202076746,0.9229422287430148
1.125,0.012810287838312544,-0.021125150833762055,-0.0077710451826862575,-0.6048128212630106,0.9229422287430148
1.13,0.009645874439153788,-0.020526527961292954,-0.006067824664145467,-0.6229415867483761,0.9229422287430148
1.135,0.0064667547459977,-0.019899757113833596,-0.004353029940957007,-0.6399622225710286,0.9229422287430148
1.14,0.003277818700706953,-0.019245792589932184,-0.002629295167359298,-0.655849259103269,0.9229422287430148
1.145,8.39741119806807e-05,-0.018565630964826423,-0.0008992701312600249,-0.6705789892509342,0.9229422287430148
1.15,-0.0031098608962688784,-0.01786030957210025,0.0008343838177795584,-0.6841295037824744,0.9229422287430148
1.155,-0.006298765456671395,-0.017130904921940308,0.0025689978612496614,-0.6964807238660733,0.9229422287430148
1.16,-0.0094778235386234,-0.016378531058402285,0.004301899818790754,-0.7076144307665932,0.9229422287430148
1.165,-0.012642131525318005,-0.015604337858195733,0.006030418263372686,-0.7175142926584646,0.9229422287430148
1.17,-0.015786805775892445,-0.0148095092735837,0.007751886638212816,-0.7261658885151823,0.9229422287430148
1.175,-0.018906990161039014,-0.013995261522080292,0.009463647369093471,-0.7335567290405887,0.9229422287430148
1.18,-0.021997863560459203,-0.013162841225716355,0.011163055965741618,-0.739676274611651,0.9229422287430148
1.185,-0.02505464731057779,-0.012313523502718426,0.012847485105937674,-0.7445159502071161,0.9229422287430148
1.19,-0.028072612591019234,-0.011448610014520322,0.014514328696050858,-0.7480691573010791,0.9229422287430148
1.195,-0.031047087738436216,-0.010569426971100943,0.016161005901730408,-0.750331282705146,0.9229422287430148
1.2,-0.03397346547637105,-0.009677323097703165,0.01778496514251512,-0.7512997043476335,0.9229422287430148
1.205,-0.03684721004996862,-0.008773667566049314,0.019383688044183434,-0.7509737939829453,0.9229422287430148
1.21,-0.03966386425449924,-0.007859847893229063,0.020954693342726573,-0.749354916828993,0.9229422287430148
1.215,-0.04241905634679358,-0.006937267811481254,0.022495540733889763,-0.7464464281352778,0.9229422287430148
1.22,-0.04510850682887983,-0.006007345112141595,0.024003834662314122,-0.7422536666889621,0.9229422287430148
1.225,-0.04772803509330429,-0.005071509467064838,0.02547722804440038,-0.7367839452709688,0.9229422287430148
1.23,-0.05027356591980973,-0.0041312002308719715,0.026913425919106095,-0.7300465380788468,0.9229422287430148
1.235,-0.05274113581328369,-0.0031878642273978743,0.028310189021002678,-0.7220526651377832,0.9229422287430148
1.24,-0.05512689917312613,-0.0022429535237452865,0.02966533727003392,-0.7128154737257892,0.9229422287430148
1.245,-0.057427134284428194,-0.0012979231953666058,0.030976753172535173,-0.7023500168436321,0.9229422287430148
1.25,-0.05963824912163613,-0.00035422908561624127,0.032242385128212606,-0.6906732287646566,0.9229422287430148
1.255,-0.06175678695565624,0.0005866744367786594,0.03346025063792228,-0.6778038977040952,0.9229422287430148
1.26,-0.06377943175564448,0.001523336718876694,0.03462843940723217,-0.6637626356518389,0.9229422287430148
1.265,-0.06570301337704647,0.0024543130598535926,0.03574511634091348,-0.6485718454170584,0.9229422287430148
1.27,-0.06752451252777815,0.0033781669390608904,0.03680852442367197,-0.6322556849372623,0.9229422287430148
1.275,-0.06924106550476351,0.004293472232377575,0.03781698748259611,-0.6148400289085485,0.9229422287430148
1.28,-0.07084996869340927,0.005198815413432516,0.0387689128269854,-0.5963524277979644,0.9229422287430148
1.285,-0.07234868282294661,0.0060927977363019956,0.03966279376140221,-0.5768220643028186,0.9229422287430148
1.29,-0.07373483697095169,0.006974037396313778,0.04049721196798845,-0.5562797073256569,0.9229422287430148
1.295,-0.07500623231072848,0.007841171665617024,0.04127083975428013,-0.5347576635374889,0.9229422287430148
1.3,-0.07616084559564036,0.008692859000219561,0.04198244216296436,-0.5122897266054351,0.9229422287430148
1.305,-0.07719683237487193,0.009527781115236252,0.04263087894022853,-0.48891112416448984,0.9229422287430148
1.31,-0.07811252993551877,0.010344645025135884,0.04321510635957094,-0.46465846261663263,0.9229422287430148
1.315,-0.07890645996631475,0.011142185045830852,0.04373417889815829,-0.439569669843705,0.9229422287430148
1.32,-0.07957733093873917,0.011919164755511203,0.04418725076304433,-0.41368393592361036,0.9229422287430148
1.325,-0.08012404020167722,0.012674378911183,0.0445735772647924,-0.38704165194253903,0.9229422287430148
1.33,-0.08054567578624328,0.013406655317942186,0.04489251603627629,-0.35968434699866664,0.9229422287430148
1.335,-0.0808415179178254,0.014114856648086167,0.04514352809467292,-0.3316546234954919,0.9229422287430148
1.34,-0.0810110402328576,0.014797882207238319,0.04532617874490036,-0.3029960908256767,0.9229422287430148
1.345,-0.0810539106982779,0.015454669644744418,0.045440138322996,-0.2737532975485362,0.9229422287430148
1.35,-0.08096999223209024,0.01608419660568478,0.04548518277817748,-0.2439716621665724,0.9229422287430148
1.355,-0.08075934302390578,0.016685482321931275,0.045461194092575395,-0.21369740260867165,0.9229422287430148
1.36,-0.0804222165548016,0.017257589139775598,0.04536816053787638,-0.18297746452933394,0.9229422287430148
1.365,-0.07995906131629801,0.01779962398174854,0.04520617676836637,-0.15185944853519193,0.9229422287430148
1.37,-0.07937052022871763,0.01831073974035365,0.04497544375011489,-0.12039153645149964,0.9229422287430148
1.375,-0.0786574297596548,0.018790136601537985,0.04467626852629429,-0.08862241674292032,0.9229422287430148
1.38,-0.07782081874374577,0.01923706329583658,0.04430906381887997,-0.05660120920380601,0.9229422287430148
1.385,-0.07686190690538826,0.01965081827522971,0.043874347467229194,-0.024377389034688612,0.9229422287430148
1.39,-0.07578210308652254,0.020030750813874704,0.04337274170428964,0.007999289577991578,0.9229422287430148
1.395,-0.0745830031820388,0.020376262030982476,0.042804972271437966,0.040478870260685314,0.9229422287430148
1.4,-0.07326638778582482,0.02068680583423325,0.042171867373197704,0.07301127151164347,0.9229422287430148
1.405,-0.07183421955092269,0.0209618897822466,0.041474356473335625,0.10554636390115335,0.9229422287430148
1.41,-0.07028864026769999,0.021201075864743384,0.040713468934079323,0.1380340472940269,0.9229422287430148
1.415,-0.06863196766437618,0.021403981199165503,0.03989033250044086,0.1704243279754699,0.9229422287430148
1.42,-0.06686669193468321,0.02157027864264691,0.03900617163187496,0.20266739556168933,0.9229422287430148
1.425,-0.06499547199785297,0.02169969731835847,0.03806230568373294,0.23471369957684712,0.9229422287430148
1.43,-0.06302113149654748,0.021792023055381856,0.03706014694121038,0.2665140255787223,0.9229422287430148
1.435,-0.06094665453874526,0.021847098741400322,0.03600119850871092,0.2980195707162125,0.9229422287430148
1.44,-0.058775181190010316,0.02186482458762752,0.0348870520577815,0.32918201860260604,0.9229422287430148
1.445,-0.056510002722935396,0.021845158305531492,0.03371938543698231,0.35995361338984033,0.9229422287430148
1.45,-0.0541545566309609,0.021788115195045924,0.03249996014728651,0.39028723293026946,0.9229422287430148
1.455,-0.051712421414098944,0.02169376814409738,0.031230618686794224,0.4201364609137914,0.9229422287430148
1.46,-0.04918731114448776,0.02156224753941369,0.02991328176877008,0.4494556578699916,0.9229422287430148
1.465,-0.04658306982001011,0.02139374108871519,0.028549945417193703,0.47820003092677654,0.9229422287430148
1.47,-0.043903665514568736,0.02118849355452729,0.02714267794421802,0.5063257022188137,0.9229422287430148
1.475,-0.041153184333909416,0.020946806399989217,0.025693616814105917,0.5337897758413915,0.9229422287430148
1.48,-0.03833582418620151,0.020669037347168625,0.02420496539840019,0.5605504032476172,0.9229422287430148
1.485,-0.035455888376861394,0.02035559984852828,0.022678989627246054,0.586566846989197,0.9229422287430148
1.49,-0.032517779037398706,0.02000696247232385,0.021118014541957688,0.6117995427038048,0.9229422287430148
1.495,-0.029525990398312472,0.019623648202844624,0.019524420754069266,0.6362101592547971,0.9229422287430148
1.5,-0.026485101916309182,0.019206233656541984,0.017900640816257876,0.6597616569318183,0.9229422287430148
1.505,-0.023399771266359972,0.018755348215219216,0.01624915551067345,0.6824183436240114,0.9229422287430148
1.51,-0.020274727209313916,0.01827167307758344,0.014572490060334165,0.7041459288807552,0.9229422287430148
1.515,-0.01711476234598148,0.017755940230591162,0.012873210269368185,0.724911575777925,0.9229422287430148
1.52,-0.01392472576879861,0.017208931342136028,0.011153918598004383,0.7446839505114853,0.9229422287430148
1.525,-0.010709515622331092,0.016631476576756916,0.009417250178311453,0.7634332696433808,0.9229422287430148
1.53,-0.007474071584024854,0.016024453336156798,0.00766586877678002,0.7811313449286768,0.9229422287430148
1.535,-0.004223367276753242,0.015388784926445038,0.005902462709937187,0.7977516256564419,0.9229422287430148
1.54,-0.0009624026248080506,0.0147254391541253,0.0041297407192511446,0.8132692384408933,0.9229422287430148
1.545,0.0023038038349252753,0.01403542685296474,0.002350427811650604,0.827661024403195,0.9229422287430148
1.55,0.005570222674776392,0.01331980034398441,0.000567261072049867,0.840905573688441,0.9229422287430148
1.555,0.008831821319209237,0.012579651830918725,-0.0012170145456906205,0.8529832572664005,0.9229422287430148
1.56,0.01208357179693902,0.011816111733589102,-0.0029996504429006788,0.8638762559688931,0.9229422287430148
1.565,0.01532045849029693,0.011030346961733115,-0.004777898608829326,0.8735685867209464,0.9229422287430148
1.57,0.01853748586991081,0.010223559131926999,-0.006549015855455267,0.882046125927171,0.9229422287430148
1.575,0.021729686202769292,0.00939698273032451,-0.008310268047851153,0.8892966299792693,0.9229422287430148
1.58,0.024892127221788372,0.008551883224019478,-0.010058934323585365,0.8953097528550269,0.9229422287430148
1.585,0.028019919745026895,0.0076895551239236255,-0.011792311294643672,0.9000770607835984,0.9229422287430148
1.59,0.031108225232800827,0.006811320002123309,-0.013507717225393168,0.903592043956484,0.9229422287430148
1.595,0.03415226327100305,0.005918524466749786,-0.015202496180125681,0.9058501252681368,0.9229422287430148
1.6,0.037147318969067096,0.005012538097468721,-0.016874022133773467,0.9068486660747064,0.9229422287430148
1.605,0.040088750261122075,0.004094751344752271,-0.018519703039433535,0.9065869689640542,0.9229422287430148
1.61,0.04297199509904389,0.003166573396154041,-0.020136984846407104,0.9050662775347649,0.9229422287430148
1.615,0.045792578526248746,0.0022294300128637905,-0.02172335546252209,0.9022897731864861,0.9229422287430148
1.62,0.04854611962127182,0.0012847613398615136,-0.023276348654598513,0.8982625689285406,0.9229422287430148
1.625,0.051228338300353664,0.0003340196930323217,-0.02479354788099948,0.8929917002183196,0.9229422287430148
1.63,0.05383506196848211,-0.0006213326733547438,-0.026272590050318845,0.886486112845563,0.9229422287430148
1.635,0.05636223200854785,-0.0015798258153751788,-0.02771116920035632,0.8787566478831359,0.9229422287430148
1.64,0.05880591009852944,-0.0025399843609248958,-0.029107040091657543,0.8698160237294514,0.9229422287430148
1.645,0.061162284346882034,-0.0035003297804675772,-0.030458021710023847,0.859678815272102,0.9229422287430148
1.65,0.06342767523656671,-0.004459382663554284,-0.0317620006725257,0.8483614302067457,0.9229422287430148
1.655,0.06559854136845912,-0.005415664997616906,-0.033016934531706156,0.8358820825495499,0.9229422287430148
1.66,0.06767148499517951,-0.006367702445517546,-0.034220854972812804,0.8222607633859358,0.9229422287430148
1.665,0.06964325733669266,-0.0073140266183536334,-0.035371870899052124,0.8075192089024055,0.9229422287430148
1.67,0.07151076366936984,-0.008253177340007285,-0.03646817140003537,0.7916808657525927,0.9229422287430148
1.675,0.07327106818054735,-0.009183704899953262,-0.03750802859876127,0.7747708538125531,0.9229422287430148
1.68,0.07492139858096432,-0.0101041722908456,-0.03848980037265926,0.7568159263844605,0.9229422287430148
1.685,0.07645915046784077,-0.011013157427432472,-0.039411932944413613,0.7378444279116416,0.9229422287430148
1.69,0.07788189143173657,-0.011909255343371434,-0.0402729633384858,0.7178862492717573,0.9229422287430148
1.695,0.07918736490071375,-0.012791080362554443,-0.04107152169945191,0.6969727807185333,0.9229422287430148
1.7,0.08037349371573595,-0.013657268241584178,-0.041806333468487326,0.6751368625461354,0.9229422287430148
1.705,0.0814383834316468,-0.014506478280091,-0.04247622141454564,0.6524127335536469,0.9229422287430148
1.71,0.08238032533848318,-0.015337395395627928,-0.043080107516997194,0.6288359773904346,0.9229422287430148
1.715,0.083197799198314,-0.01614873215992999,-0.043617014696722856,0.604443466866506,0.9229422287430148
1.72,0.08388947569322952,-0.01693923079338702,-0.0440860683928895,0.5792733063149335,0.9229422287430148
1.725,0.08445421858054414,-0.017707665114641665,-0.04448649798286685,0.5533647720963579,0.9229422287430148
1.73,0.08489108655173003,-0.018452842442288512,-0.04481763804298813,0.5267582513384974,0.9229422287430148
1.735,0.08519933479205181,-0.0191736054457268,-0.045078929448100116,0.49949517900613705,0.9229422287430148
1.74,0.08537841623832926,-0.019868833942296046,-0.04526992030809323,0.47161797339956474,0.9229422287430148
1.745,0.08542798253272302,-0.020537446637902024,-0.04539026673985461,0.4431699701819124,0.9229422287430148
1.75,0.0853478846709019,-0.021178402808430183,-0.04543973347333823,0.41419535503792626,0.9229422287430148
1.755,0.08513817334342257,-0.021790703919333316,-0.045418194290701305,0.38473909506872617,0.9229422287430148
1.76,0.084799098969623,-0.022373395180871544,-0.0453256322977123,0.35484686902912854,0.9229422287430148
1.765,0.08433111142380535,-0.022925567036583893,-0.04516214002689424,0.32456499651568427,0.9229422287430148
1.77,0.08373485945395788,-0.023446356582672544,-0.04492791937212597,0.29394036621511743,0.9229422287430148
1.775,0.08301118979373771,-0.023934948916083342,-0.04462328135468241,0.26302036332437484,0.9229422287430148
1.78,0.08216114596891244,-0.024390578409178396,-0.04424864572095632,0.23185279625455169,0.9229422287430148
1.785,0.0811859667999277,-0.024812529909008063,-0.04380454037236264,0.20048582273198273,0.9229422287430148
1.79,0.08008708460273538,-0.025200139859303094,-0.04329160062818434,0.16896787541079286,0.9229422287430148
1.795,0.07886612309048852,-0.02555279734342822,-0.0427105683223795,0.1373475871117269,0.9229422287430148
1.8,0.07752489497916687,-0.02586994504665931,-0.042062290735623474,0.10567371580257598,0.9229422287430148
1.805,0.07606539930065362,-0.026151080136267973,-0.04134771936411456,0.07399506943599678,0.9229422287430148
1.81,0.07448981842724342,-0.02639575505802582,-0.04056790852692698,0.04236043076046544,0.9229422287430148
1.815,0.07280051481200231,-0.026603578247867188,-0.03972401381394256,0.010818482220229728,0.9229422287430148
1.82,0.07100002744983984,-0.026774214757580635,-0.0388172903766387,-0.020582268940250073,0.9229422287430148
1.825,0.06909106806459417,-0.026907386793529876,-0.03784909106425796,-0.0517935652520678,0.9229422287430148
1.83,0.06707651702784932,-0.02700287416754009,-0.03682086440812142,-0.08276747316331642,0.9229422287430148
1.835,0.06495941901561808,-0.027060514659219256,-0.035734152457082426,-0.1134564566322685,0.9229422287430148
1.84,0.06274297840944258,-0.027080204289121293,-0.03459058846735457,-0.1438134500594326,0.9229422287430148
1.845,0.06043055444885128,-0.027061897502293878,-0.03339189445016945,-0.17379193044647878,0.9229422287430148
1.85,0.05802565614249815,-0.02700560726189263,-0.032139878580940556,-0.20334598867160353,0.9229422287430148
1.855,0.055531936945696685,-0.026911405052681196,-0.0308364324738317,-0.23243039977202773,0.9229422287430148
1.86,0.052953189212414625,-0.026779420794375695,-0.029483528325832824,-0.2610006921261618,0.9229422287430148
1.865,0.0502933384301467,-0.026609842664931087,-0.028083215934649672,-0.289013215429578,0.9229422287430148
1.87,0.04755643724643431,-0.026402916834005072,-0.026637619594917467,-0.31642520736100765,0.9229422287430148
1.875,0.04474665929611512,-0.026158947106974705,-0.02514893487743371,-0.3431948588364835,0.9229422287430148
1.88,0.041868292838696586,-0.02587829448001809,-0.02361942529628768,-0.36928137775213876,0.9229422287430148
1.885,0.038925734215559504,-0.0255613766069104,-0.022051418868948243,-0.3946450511185591,0.9229422287430148
1.89,0.03592348113696388,-0.025208667178321074,-0.020447304574531196,-0.41924730549199657,0.9229422287430148
1.895,0.032866125809107166,-0.024820695214533037,-0.018809528715632854,-0.44305076561057594,0.9229422287430148
1.9,0.02975834791173716,-0.024398044272638177,-0.01714059118926956,-0.4660193111464372,0.9229422287430148
1.905,0.02660490743704726,-0.02394135156939723,-0.01544304167260057,-0.4881181314876027,0.9229422287430148
1.91,0.023410637400820142,-0.0234513070210812,-0.013719475729257241,-0.5093137784665727,0.9229422287430148
1.915,0.02018043643697354,-0.022928652201739227,-0.011972530842219687,-0.5295742169558584,0.9229422287430148
1.92,0.0169192612868473,-0.022374179221466662,-0.01020488237929911,-0.548868873253894,0.9229422287430148
1.925,0.01363211919475511,-0.02178872952636866,-0.00841923949740065,-0.5671686811883381,0.9229422287430148
1.93,0.010324060221459656,-0.02117319262203563,-0.006618340991831954,-0.5844461258673213,0.9229422287430148
1.935,0.007000169487362754,-0.020528504722468293,-0.004804951097011467,-0.6006752850127772,0.9229422287430148
1.94,0.0036655593573327967,-0.019855647326503068,-0.0029818552450186966,-0.6158318678138606,0.9229422287430148
1.945,0.0003253615791727699,-0.01915564572390063,-0.001151855788489431,-0.6298932512422999,0.9229422287430148
1.95,-0.0030152806121901956,-0.0184295674333732,0.0006822323055816424,-0.6428385137754045,0.9229422287430148
1.955,-0.00635122041263665,-0.01767852057492774,0.0025175857845101267,-0.6546484664765715,0.9229422287430148
1.96,-0.009677315376726444,-0.01690365217900768,0.004351377454411677,-0.6653056813871723,0.9229422287430148
1.965,-0.012988435343306369,-0.016106146435010467,0.006180780533832109,-0.6747945171879217,0.9229422287430148
1.97,-0.016279470346630385,-0.015287222881858695,0.008002973009809821,-0.6831011420919901,0.9229422287430148
1.975,-0.019545338500800848,-0.014448134543383756,0.009815141989663025,-0.6902135539365168,0.9229422287430148
1.98,-0.022780993845373215,-0.013590166011379452,0.011614488041796068,-0.6961215974433814,0.9229422287430148
1.985,-0.025981434140003718,-0.01271463147924999,0.013398229518822458,-0.700816978624621,0.9229422287430148
1.99,-0.02914170859610731,-0.011822872729268925,0.015163606856333603,-0.7042932763121483,0.9229422287430148
1.995,-0.032256925533583385,-0.01091625707652564,0.016907886840675058,-0.706545950795985,0.9229422287430148
2.0,-0.03532225995075955,-0.009996175272713568,0.01862836683912637,-0.7075723495596047,0.9229422287430148
2.005,-0.03833296099584712,-0.009064039372970893,0.02032237898594275,-0.7073717101055079,0.9229422287430148
2.01,-0.04128435932834614,-0.00812128056904703,0.021987294317779855,-0.7059451598686142,0.9229422287430148
2.015,-0.04417187435898644,-0.007169346992116965,0.023620526852088222,-0.7032957132195459,0.9229422287430148
2.02,-0.046991021356986795,-0.006209701488619338,0.025219537602155527,-0.699428265564362,0.9229422287430148
2.025,-0.04973741841361193,-0.005243819372532503,0.026781838522567904,-0.6943495845517638,0.9229422287430148
2.03,-0.052406793251207846,-0.004273186157540281,0.028304996378956032,-0.6880682984032347,0.9229422287430148
2.035,-0.054994989867146175,-0.0032992952725762505,0.029786636536014408,-0.6805948813860145,0.9229422287430148
2.04,-0.0574979750023425,-0.0023236457642577544,0.031224446657895935,-0.6719416364531781,0.9229422287430148
2.045,-0.0599118444242914,-0.0013477399897423084,0.0326161803152223,-0.6621226750794271,0.9229422287430148
2.05,-0.062232829014824506,-0.0003730813035601032,0.033959660493080905,-0.6511538943255373,0.9229422287430148
2.055,-0.06445730065310967,0.0005988282580178094,0.03525278299453746,-0.6390529511686169,0.9229422287430148
2.06,-0.06658177788470737,0.0015664902915108023,0.03649351973434311,-0.6258392341395078,0.9229422287430148
2.065,-0.06860293136783406,0.002528412336090104,0.037679921917685655,-0.6115338323128339,0.9229422287430148
2.07,-0.07051758908831587,0.0034831101752114215,0.03881012309900589,-0.596159501699199,0.9229422287430148
2.075,-0.07232274133505984,0.00442911012647236,0.03988234211607597,-0.5797406290929754,0.9229422287430148
2.08,-0.07401554542825554,0.005364951316155466,0.04089488589473853,-0.5623031934331493,0.9229422287430148
2.085,-0.07559333019287653,0.006289187934954282,0.04184615211988935,-0.5438747247382618,0.9229422287430148
2.09,-0.07705360017044104,0.0072003914713951855,0.04273463176849052,-0.5244842606803688,0.9229422287430148
2.095,-0.07839403956240898,0.008097152919505905,0.04355891150062132,-0.5041623008664513,0.9229422287430148
2.1,-0.07961251589897696,0.008978084957319669,0.04431767590477526,-0.482940758899209,0.9229422287430148
2.105,-0.08070708342747025,0.009841824092848669,0.04500970959384388,-0.46085291229248776,0.9229422287430148
2.11,-0.08167598621495467,0.010687032774204755,0.04563389914845308,-0.43793335031997044,0.9229422287430148
2.115,-0.08251766096012396,0.011512401460604714,0.046189234904547335,-0.4142179198787526,0.9229422287430148
2.12,-0.08323073950996998,0.012316650651052074,0.04667481258235896,-0.38974366945253225,0.9229422287430148
2.125,-0.08381405107719302,0.013098532867555565,0.04708983475414114,-0.36454879126190104,0.9229422287430148
2.13,-0.08426662415476543,0.01385683458980691,0.04743361214828757,-0.3386725616921378,0.9229422287430148
2.135,-0.08458768812453096,0.014590378138323055,0.04770556478771487,-0.31215528009122134,0.9229422287430148
2.14,-0.08477667455718982,0.015298023503124775,0.04790522296063744,-0.28503820603359914,0.9229422287430148
2.145,-0.08483321820149146,0.01597867011511863,0.04803222802211844,-0.2573634951471362,0.9229422287430148
2.15,-0.08475715766093941,0.016631258557427527,0.04808633302504516,-0.22917413360310074,0.9229422287430148
2.155,-0.08454853575678796,0.017254772214007275,0.048067403179434025,-0.20051387137105264,0.9229422287430148
2.16,-0.08420759957659692,0.01784823885298935,0.04797541613923757,-0.17142715434201777,0.9229422287430148
2.165,-0.08373480020809286,0.018410732142279652,0.047810462116089435,-0.14195905542541679,0.9229422287430148
2.17,-0.08313079215856982,0.018941373095053282,0.04757274381968996,-0.11215520472645327,0.9229422287430148
2.1750000000000003,-0.08239643246054859,0.01943933144289098,0.04726257622480203,-0.08206171891204445,0.9229422287430148
2.18,-0.08153277946489676,0.019903826934410934,0.04688038616509434,-0.05172512987469563,0.9229422287430148
2.185,-0.0805410913230916,0.0203341305573665,0.046426711754334625,-0.021192312804584945,0.9229422287430148
2.19,-0.07942282416079272,0.020729565682297037,0.04590220163570434,0.009489586219040655,0.9229422287430148
2.195,-0.07817962994536469,0.02108950912593694,0.04530761406026989,0.040273223005242484,0.9229422287430148
2.2,-0.07681335405045965,0.021413392132713427,0.04464381579590809,0.0711111282852783,0.9229422287430148
2.205,-0.0753260325212511,0.021700701272788468,0.04391178086825165,0.1019557808904221,0.9229422287430148
2.21,-0.07371988904435496,0.021950979255226804,0.04311258913547156,0.132759680960838,0.9229422287430148
2.215,-0.07199733162694434,0.022163825655003966,0.04224742469897728,0.16347542307280327,0.9229422287430148
2.22,-0.07016094899001774,0.022338897552700136,0.041317574152370494,0.19405576917182088,0.9229422287430148
2.225,-0.06821350668120664,0.02247591008585792,0.04032442467123177,0.22445372119922966,0.9229422287430148
2.23,-0.06615794291295908,0.02257463691112083,0.0392694619465731,0.2546225933009299,0.9229422287430148
2.235,-0.06399736413236473,0.022634910576403714,0.03815426796503457,0.28451608350716795,0.9229422287430148
2.24,-0.061735040329281454,0.022656622802485853,0.03698051863912932,0.3140883447733769,0.9229422287430148
2.245,-0.0593744000898594,0.022639724673556873,0.035749981291090006,0.34329405527312,0.9229422287430148
2.25,-0.0569190254029355,0.0225842267363851,0.034464511994087656,0.3720884878354502,0.9229422287430148
2.255,-0.05437264622715823,0.02249019900791909,0.033126052774817345,0.40042757842023796,0.9229422287430148
2.26,-0.05173913482708644,0.022357770891273967,0.03173662868166725,0.42826799352671463,0.9229422287430148
2.265,-0.04902249988685593,0.02218713100019475,0.030298344722892376,0.4555671964322248,0.9229422287430148
2.27,-0.04622688041035373,0.02197852689223143,0.0288133826794164,0.4822835121597739,0.9229422287430148
2.275,-0.04335653941718705,0.021732264710999087,0.02728399779708925,0.5083761910753999,0.9229422287430148
2.28,-0.04041585744404184,0.02144870873803808,0.025712515363410203,0.5338054710182538,0.9229422287430148
2.285,-0.03740932586132584,0.02112828085492937,0.02410132717390529,0.558532637868615,0.9229422287430148
2.29,-0.034341540015310305,0.020771459916456153,0.02245288789353731,0.5825200844617937,0.9229422287430148
2.295,-0.031217192206215737,0.02037878103574228,0.020769711318668407,0.6057313677582148,0.9229422287430148
2.3000000000000003,-0.028041064512981752,0.01995083478243482,0.019054366545272497,0.6281312641827375,0.9229422287430148
2.305,-0.024818021475689366,0.019488266295129068,0.01730947404923494,0.6496858230493829,0.9229422287430148
2.31,-0.02155300264682886,0.018991774309369543,0.015537701684716852,0.6703624179903935,0.9229422287430148
2.315,-0.018251015022810697,0.018462110102692702,0.01374176060668905,0.6901297963116937,0.9229422287430148
2.32,-0.014917125367324053,0.01790007635829951,0.01192440112387116,0.7089581262003084,0.9229422287430148
2.325,-0.011556452438300974,0.017306525949079134,0.010088408488411863,0.7268190417123226,0.9229422287430148
2.33,-0.008174159130415332,0.016682360643823967,0.008236598628757271,0.7436856854736598,0.9229422287430148
2.335,-0.004775444545165166,0.01602852973759677,0.006371813832236859,0.7595327490294717,0.9229422287430148
2.34,-0.0013655360007323318,0.015346028608331678,0.004496918383993226,0.7743365107815201,0.9229422287430148
2.345,0.002050319006126375,0.014635897201862112,0.002614794168932381,0.7880748714567722,0.9229422287430148
2.35,0.005466860873770578,0.013899218447679731,0.0007283362434609733,0.8007273870542686,0.9229422287430148
2.355,0.008878825992557786,0.013137116607839408,-0.0011595516162022832,0.8122752992211555,0.9229422287430148
2.36,0.0122809548524411,0.0123507555615261,-0.003045961382291508,0.8227015630128602,0.9229422287430148
2.365,0.01566800014878638,0.011541337027899244,-0.0049279852534552665,0.8319908719964095,0.9229422287430148
2.37,0.01903473487394116,0.010710098729930163,-0.0068027201355339625,0.8401296806600027,0.9229422287430148
2.375,0.022375960382069123,0.00985831250203648,-0.008667272118244446,0.8471062240960998,0.9229422287430148
2.38,0.0256865144147979,0.008987282344404915,-0.010518760940864387,0.8529105349295913,0.9229422287430148
2.385,0.028961279075318938,0.008098342426981318,-0.012354324440042138,0.8575344574667843,0.9229422287430148
2.39,0.032195188738600784,0.00719285504618042,-0.01417112297285258,0.8609716590452696,0.9229422287430148
2.395,0.03538323788550222,0.0062722085374460855,-0.015966343808271583,0.8632176385690664,0.9229422287430148
2.4,0.03852048884867692,0.005337815146857328,-0.017737205480282486,0.8642697322178083,0.9229422287430148
2.405,0.04160207945827501,0.0043911088650472295,-0.019480962095874004,0.8641271163230064,0.9229422287430148
2.41,0.04462323057561087,0.00343354322675032,-0.02119490759126256,0.8627908074089035,0.9229422287430148
2.415,0.04757925350313182,0.0024665890793625273,-0.022876379929746917,0.8602636593997175,0.9229422287430148
2.42,0.05046555725919132,0.0014917323239313604,-0.02452276523467983,0.8565503579994802,0.9229422287430148
2.4250000000000003,0.0532776557063483,0.0005104716320487204,-0.026131501851145652,0.8516574122549936,0.9229422287430148
2.43,0.05601117452212828,-0.0004756838578428525,-0.02770008433003557,0.845593143316802,0.9229422287430148
2.435,0.05866185800141929,-0.0014652168611960386,-0.029226067328327446,0.8383676704173288,0.9229422287430148
2.44,0.061225575679914636,-0.002456604281585161,-0.030707069419493832,0.8299928940896271,0.9229422287430148
2.445,0.06369832876831888,-0.0034483195548190545,-0.03214077680811591,0.8204824766544612,0.9229422287430148
2.45,0.06607625638727817,-0.004438834999340797,-0.03352494694290082,0.8098518200075193,0.9229422287430148
2.455,0.06835564159332522,-0.005426624169288834,-0.034857412022468205,0.7981180407428472,0.9229422287430148
2.46,0.07053291718643981,-0.006410164206598403,-0.03613608238842996,0.7852999426525098,0.9229422287430148
2.465,0.07260467129014743,-0.007387938188520675,-0.03735894980045092,0.7714179866466007,0.9229422287430148
2.47,0.0745676526954346,-0.00835843746693803,-0.03852409058816312,0.7564942581416876,0.9229422287430148
2.475,0.0764187759601181,-0.009320163995869938,-0.03962966867499175,0.7405524319695171,0.9229422287430148
2.48,0.07815512625566756,-0.010271632643580521,-0.04067393846913922,0.7236177348616977,0.9229422287430148
