x,z,x_0,z_0,history
0.0,0.0,0.0,0.0,False
0.14796623072283843,-0.12517667919551434,0.0,0.0,False
0.2445982136166028,-0.2808889225195291,0.0,0.0,False
0.28488385755783474,-0.43577263002180755,0.0,0.0,False
0.2840717304640721,-0.5633081972815225,0.0,0.0,False
0.2697906913732008,-0.6524914912505205,0.0,0.0,False
0.2685441076819634,-0.7115169688089501,0.0,0.0,False
0.29386383029495156,-0.7616430978878024,0.0,0.0,False
0.3420001271312002,-0.825277661490869,0.0,0.0,False
0.3965480399252561,-0.9149238086989953,0.0,0.0,False
0.43865746857654403,-1.0284530840083692,0.0,0.0,False
0.4570016237870361,-1.1522934633360205,0.0,0.0,False
0.13181360523842817,-0.11031601185386351,0.13181360523842817,-0.11031601185386351,False
0.26350623835644804,-0.2238268663506899,0.13181360523842817,-0.11031601185386351,False
0.3527466078197551,-0.3705596559523866,0.13181360523842817,-0.11031601185386351,False
0.390990725548116,-0.5215512595980795,0.13181360523842817,-0.11031601185386351,False
0.38947980320319536,-0.6505339905239038,0.13181360523842817,-0.11031601185386351,False
0.3727088824266557,-0.7447590994995387,0.13181360523842817,-0.11031601185386351,False
0.36585527565922893,-0.8095894552899714,0.13181360523842817,-0.11031601185386351,False
0.3831024944033152,-0.8636351086259909,0.13181360523842817,-0.11031601185386351,False
0.42269196607879345,-0.9279089273404861,0.13181360523842817,-0.11031601185386351,False
0.4704282344793984,-1.015189850321133,0.13181360523842817,-0.11031601185386351,False
0.5088189254208325,-1.1249302704944113,0.13181360523842817,-0.11031601185386351,False
0.5265026942869304,-1.2455353204323552,0.13181360523842817,-0.11031601185386351,False
0.1283953683504453,-0.1910033072313413,0.1283953683504453,-0.1910033072313413,False
0.2467524842339984,-0.3035129556625353,0.1283953683504453,-0.1910033072313413,False
0.32546425117683175,-0.44735499108796634,0.1283953683504453,-0.1910033072313413,False
0.3566799141353641,-0.5944326435094149,0.1283953683504453,-0.1910033072313413,False
0.3516270662760973,-0.7199430143088854,0.1283953683504453,-0.1910033072313413,False
0.3337981890999512,-0.8125005004250289,0.1283953683504453,-0.1910033072313413,False
0.3266943275516789,-0.8780089710032942,0.1283953683504453,-0.1910033072313413,False
0.34289150651100914,-0.9345077984801138,0.1283953683504453,-0.1910033072313413,False
0.3798219860817914,-1.0016446725845602,0.1283953683504453,-0.1910033072313413,False
0.42357804759404016,-1.0907676895525984,0.1283953683504453,-0.1910033072313413,False
0.45777176961171223,-1.2005528418079474,0.1283953683504453,-0.1910033072313413,False
0.47229149972609347,-1.319607089523143,0.1283953683504453,-0.1910033072313413,False
0.08297457128364712,-0.2487277682183416,0.08297457128364712,-0.2487277682183416,False
0.19160292492049277,-0.3631760431934864,0.08297457128364712,-0.2487277682183416,False
0.2612216051000285,-0.5062395753385208,0.08297457128364712,-0.2487277682183416,False
0.2856874459376914,-0.6501396909050713,0.08297457128364712,-0.2487277682183416,False
0.27724981573651303,-0.7716190078208166,0.08297457128364712,-0.2487277682183416,False
0.2590935773534782,-0.8612156412453513,0.08297457128364712,-0.2487277682183416,False
0.253224529939375,-0.9261047743378504,0.08297457128364712,-0.2487277682183416,False
0.2703301158183205,-0.9843284607099057,0.08297457128364712,-0.2487277682183416,False
0.3065161759291046,-1.0543775763348495,0.08297457128364712,-0.2487277682183416,False
0.34769178040301696,-1.1459929811798915,0.08297457128364712,-0.2487277682183416,False
0.378360394047506,-1.256661976477729,0.08297457128364712,-0.2487277682183416,False
0.3897648173045301,-1.3747727656882542,0.08297457128364712,-0.2487277682183416,False
0.019137785110953997,-0.2631367194518158,0.019137785110953997,-0.2631367194518158,False
0.12402098637867835,-0.3811541416084767,0.019137785110953997,-0.2631367194518158,False
0.1886095489043197,-0.5253553342195233,0.019137785110953997,-0.2631367194518158,False
0.2086919824816712,-0.6676919524587943,0.019137785110953997,-0.2631367194518158,False
0.19804508427511233,-0.7859800176909162,0.019137785110953997,-0.2631367194518158,False
0.18022774691265228,-0.8725017730385165,0.019137785110953997,-0.2631367194518158,False
0.1763943554833847,-0.9358985605901046,0.019137785110953997,-0.2631367194518158,False
0.19571934558841456,-0.9947008648598527,0.019137785110953997,-0.2631367194518158,False
0.23296749558509852,-1.06679467763191,0.019137785110953997,-0.2631367194518158,False
0.2735181791885863,-1.160677315793706,0.019137785110953997,-0.2631367194518158,False
0.3022985489062418,-1.2726700847765426,0.019137785110953997,-0.2631367194518158,False
0.31156808663430413,-1.3906479768876305,0.019137785110953997,-0.2631367194518158,False
-0.03212761967522069,-0.2327623563182457,-0.03212761967522069,-0.2327623563182457,False
0.07548121378981366,-0.354492127404294,-0.03212761967522069,-0.2327623563182457,False
0.14029816513517016,-0.5011532253265171,-0.03212761967522069,-0.2327623563182457,False
0.15949723886167802,-0.6439587369028208,-0.03212761967522069,-0.2327623563182457,False
0.14829138516275048,-0.760936377396148,-0.03212761967522069,-0.2327623563182457,False
0.13113433414521208,-0.8453071817792875,-0.03212761967522069,-0.2327623563182457,False
0.12925250588394832,-0.906858166023671,-0.03212761967522069,-0.2327623563182457,False
0.15118878841798905,-0.9649256817669364,-0.03212761967522069,-0.2327623563182457,False
0.1907929130700224,-1.037546539382808,-0.03212761967522069,-0.2327623563182457,False
0.23273323805692891,-1.1327488807663932,-0.03212761967522069,-0.2327623563182457,False
0.261745893035944,-1.2460868897761241,-0.03212761967522069,-0.2327623563182457,False
0.2704367351823859,-1.3647861338827727,-0.03212761967522069,-0.2327623563182457,False
-0.0458309380268524,-0.17534050960543915,-0.0458309380268524,-0.17534050960543915,False
0.06984857393886947,-0.2993128992838215,-0.0458309380268524,-0.17534050960543915,False
0.14011534573797071,-0.4487349191006718,-0.0458309380268524,-0.17534050960543915,False
0.16233511104420717,-0.5939307038902188,-0.0458309380268524,-0.17534050960543915,False
0.15241596101687838,-0.7121445430606931,-0.0458309380268524,-0.17534050960543915,False
0.1358524027480459,-0.7962731083534292,-0.0458309380268524,-0.17534050960543915,False
0.13488090430319197,-0.8564047314259006,-0.0458309380268524,-0.17534050960543915,False
0.15861934594689125,-0.9126619716157434,-0.0458309380268524,-0.17534050960543915,False
0.2008529403337548,-0.9839662687500074,-0.0458309380268524,-0.17534050960543915,False
0.24565641701531266,-1.078903765820302,-0.0458309380268524,-0.17534050960543915,False
0.277003854754181,-1.1930215456243243,-0.0458309380268524,-0.17534050960543915,False
0.2869814613734544,-1.313035623955619,-0.0458309380268524,-0.17534050960543915,False
-0.01356056597244959,-0.1198307043071102,-0.01356056597244959,-0.1198307043071102,False
0.11213368922233143,-0.24310794421697154,-0.01356056597244959,-0.1198307043071102,False
0.19107387474970594,-0.3941011247627661,-0.01356056597244959,-0.1198307043071102,False
0.2193540953607417,-0.542600241604154,-0.01356056597244959,-0.1198307043071102,False
0.2123129102684101,-0.664380893078696,-0.01356056597244959,-0.1198307043071102,False
0.19603474794698272,-0.7507255907266519,-0.01356056597244959,-0.1198307043071102,False
0.19426868199661734,-0.8108316957811594,-0.01356056597244959,-0.1198307043071102,False
0.21780656506103482,-0.8650919033370587,-0.01356056597244959,-0.1198307043071102,False
0.26144752072056227,-0.9336422444107217,-0.01356056597244959,-0.1198307043071102,False
0.30920002274078423,-1.0265252661162816,-0.01356056597244959,-0.1198307043071102,False
0.34406876798298786,-1.1402203279660654,-0.01356056597244959,-0.1198307043071102,False
0.3568901720134805,-1.2614381689943632,-0.01356056597244959,-0.1198307043071102,False
0.053248219473856294,-0.09379837957091003,0.053248219473856294,-0.09379837957091003,False
0.18557246035000866,-0.21311779522330848,0.053248219473856294,-0.09379837957091003,False
0.27216466795710725,-0.3632060150737604,0.053248219473856294,-0.09379837957091003,False
0.30683294989793813,-0.5140933551498184,0.053248219473856294,-0.09379837957091003,False
0.3031263196258238,-0.6401569534858477,0.053248219473856294,-0.09379837957091003,False
0.28677806676410944,-0.7304621331922484,0.053248219473856294,-0.09379837957091003,False
0.2827244710786691,-0.7923658824923969,0.053248219473856294,-0.09379837957091003,False
0.30376462623423517,-0.8456921621861478,0.053248219473856294,-0.09379837957091003,False
0.34644857239374427,-0.9114255189315007,0.053248219473856294,-0.09379837957091003,False
0.3954498609075704,-1.0012753218183474,0.053248219473856294,-0.09379837957091003,False
0.4331748798620201,-1.1132610314239102,0.053248219473856294,-0.09379837957091003,False
0.4490857576087753,-1.2347476239776738,0.053248219473856294,-0.09379837957091003,False
0.1285817878861009,-0.11171205465119444,0.1285817878861009,-0.11171205465119444,False
0.25994797614305765,-0.22542978969308322,0.1285817878861009,-0.11171205465119444,False
0.3488012303939459,-0.37222831006332185,0.1285817878861009,-0.11171205465119444,False
0.38670757400586575,-0.5231208309148019,0.1285817878861009,-0.11171205465119444,False
0.3850024627689903,-0.6518989893319569,0.1285817878861009,-0.11171205465119444,False
0.3682086141553434,-0.74592103533072,0.1285817878861009,-0.11171205465119444,False
0.36145330177938684,-0.8106460506210911,0.1285817878861009,-0.11171205465119444,False
0.37882324003286516,-0.8647215935571427,0.1285817878861009,-0.11171205465119444,False
0.4184688590707793,-0.9291267039822758,0.1285817878861009,-0.11171205465119444,False
0.4661535902792961,-1.0165607180930025,0.1285817878861009,-0.11171205465119444,False
0.5044072811050575,-1.1263966429865588,0.1285817878861009,-0.11171205465119444,False
0.5219336368786274,-1.24700048721156,0.1285817878861009,-0.11171205465119444,False
0.0,0.0,0.0,0.0,True
0.15043837103660368,-0.10440042804525775,0.0,0.0,True
0.25153077219724995,-0.25061991547982243,0.0,0.0,True
0.2958861700515527,-0.39937689976100693,0.0,0.0,True
0.2978061572175055,-0.5220410496676424,0.0,0.0,True
0.28505018966533213,-0.606088563532581,0.0,0.0,True
0.28507221412094536,-0.6589356873755932,0.0,0.0,True
0.31253500447723553,-0.7020678651506722,0.0,0.0,True
0.36426630602969995,-0.7589222747577541,0.0,0.0,True
0.42349142419507707,-0.8431828232067266,0.0,0.0,True
0.470230232968234,-0.9533212012237325,0.0,0.0,True
0.4919137946841074,-1.0754082880933649,0.0,0.0,True
0.13181360523842817,-0.11031601185386351,0.13181360523842817,-0.11031601185386351,True
0.26546069694184393,-0.20320316808066005,0.13181360523842817,-0.11031601185386351,True
0.3585012565460654,-0.3403865052533156,0.13181360523842817,-0.11031601185386351,True
0.400186509487857,-0.4851560349531669,0.13181360523842817,-0.11031601185386351,True
0.4008692797787061,-0.6092063408363009,0.13181360523842817,-0.11031601185386351,True
0.3851684541848871,-0.6983322864012036,0.13181360523842817,-0.11031601185386351,True
0.3791464137370301,-0.757150736956003,0.13181360523842817,-0.11031601185386351,True
0.3980303375155213,-0.8044648576486486,0.13181360523842817,-0.11031601185386351,True
0.4405911717240263,-0.8622163841214878,0.13181360523842817,-0.11031601185386351,True
0.49229996231804407,-0.9442457149781602,0.13181360523842817,-0.11031601185386351,True
0.5346478306920993,-1.0505379602018956,0.13181360523842817,-0.11031601185386351,True
0.5551621386113091,-1.1691719697940972,0.13181360523842817,-0.11031601185386351,True
0.1283953683504453,-0.1910033072313413,0.1283953683504453,-0.1910033072313413,True
0.24849893603608772,-0.2830491132976037,0.1283953683504453,-0.1910033072313413,True
0.33054290449070467,-0.41740555815981467,0.1283953683504453,-0.1910033072313413,True
0.36466104743401834,-0.5582217312470308,0.1283953683504453,-0.1910033072313413,True
0.3613250113287367,-0.6786612019204152,0.1283953683504453,-0.1910033072313413,True
0.3442401276684217,-0.7659566637553105,0.1283953683504453,-0.1910033072313413,True
0.3377912889670047,-0.8253788742143067,0.1283953683504453,-0.1910033072313413,True
0.3555040726957554,-0.8752356469758625,0.1283953683504453,-0.1910033072313413,True
0.3952120096659581,-0.9360831920162699,0.1283953683504453,-0.1910033072313413,True
0.44259557621154394,-1.0202188479289065,0.1283953683504453,-0.1910033072313413,True
0.48027535364951884,-1.1267124369958808,0.1283953683504453,-0.1910033072313413,True
0.4971442650095507,-1.2437632259399907,0.1283953683504453,-0.1910033072313413,True
0.08297457128364712,-0.2487277682183416,0.08297457128364712,-0.2487277682183416,True
0.19325654538004197,-0.3428413306720533,0.08297457128364712,-0.2487277682183416,True
0.2658797404570719,-0.47649764569682174,0.08297457128364712,-0.2487277682183416,True
0.2928437013444273,-0.6141093852136156,0.08297457128364712,-0.2487277682183416,True
0.28577091062901094,-0.7303782122000069,0.08297457128364712,-0.2487277682183416,True
0.2681509707445383,-0.814532664499459,0.08297457128364712,-0.2487277682183416,True
0.2628783484964401,-0.8732290818769929,0.08297457128364712,-0.2487277682183416,True
0.28150307734513674,-0.9248596807490549,0.08297457128364712,-0.2487277682183416,True
0.32040742379916276,-0.9888156367258475,0.08297457128364712,-0.2487277682183416,True
0.3650050259342277,-1.0756888796159938,0.08297457128364712,-0.2487277682183416,True
0.39881854663059785,-1.183230049902627,0.08297457128364712,-0.2487277682183416,True
0.41219425011063404,-1.299334717698412,0.08297457128364712,-0.2487277682183416,True
0.019137785110953997,-0.2631367194518158,0.019137785110953997,-0.2631367194518158,True
0.1257010596711642,-0.3608852390835193,0.019137785110953997,-0.2631367194518158,True
0.1931791344269432,-0.49574738443807526,0.019137785110953997,-0.2631367194518158,True
0.2155837087616975,-0.6317903095543892,0.019137785110953997,-0.2631367194518158,True
0.20615140944785973,-0.7447705867522009,0.019137785110953997,-0.2631367194518158,True
0.18881569980192892,-0.8257063311617072,0.019137785110953997,-0.2631367194518158,True
0.1856324876553021,-0.8828021192473212,0.019137785110953997,-0.2631367194518158,True
0.2065859253480142,-0.9350056457204949,0.019137785110953997,-0.2631367194518158,True
0.2466302826847306,-1.0011124359079324,0.019137785110953997,-0.2631367194518158,True
0.2905810149167049,-1.090415432775935,0.019137785110953997,-0.2631367194518158,True
0.32237502661481227,-1.199411766171392,0.019137785110953997,-0.2631367194518158,True
0.3334292250170677,-1.3154153689222077,0.019137785110953997,-0.2631367194518158,True
-0.03212761967522069,-0.2327623563182457,-0.03212761967522069,-0.2327623563182457,True
0.07728434643674745,-0.3342111991720564,-0.03212761967522069,-0.2327623563182457,True
0.14510138236898126,-0.4715722621676112,-0.03212761967522069,-0.2327623563182457,True
0.16670184247181283,-0.6081069637409292,-0.03212761967522069,-0.2327623563182457,True
0.15677598723459485,-0.7197558994822524,-0.03212761967522069,-0.2327623563182457,True
0.1401825626159048,-0.7984758816853904,-0.03212761967522069,-0.2327623563182457,True
0.13907311424861826,-0.8536416755700248,-0.03212761967522069,-0.2327623563182457,True
0.16280176126042012,-0.9050438688372535,-0.03212761967522069,-0.2327623563182457,True
0.20538355996350144,-0.9716593196461022,-0.03212761967522069,-0.2327623563182457,True
0.25088404341759457,-1.062319072076026,-0.03212761967522069,-0.2327623563182457,True
0.28301565371281723,-1.1727323600223667,-0.03212761967522069,-0.2327623563182457,True
0.2935318322523394,-1.2895255699346342,-0.03212761967522069,-0.2327623563182457,True
-0.0458309380268524,-0.17534050960543915,-0.0458309380268524,-0.17534050960543915,True
0.0718198306778942,-0.27894415433746783,-0.0458309380268524,-0.17534050960543915,True
0.14537943114640753,-0.419057686635443,-0.0458309380268524,-0.17534050960543915,True
0.1703060153034664,-0.5580265666926745,-0.0458309380268524,-0.17534050960543915,True
0.16192162361602647,-0.6709830133899499,-0.0458309380268524,-0.17534050960543915,True
0.14610094805788093,-0.7495103103651279,-0.0458309380268524,-0.17534050960543915,True
0.14603073123057794,-0.8032360704870938,-0.0458309380268524,-0.17534050960543915,True
0.1716998531275478,-0.8527253204283167,-0.0458309380268524,-0.17534050960543915,True
0.21711326344390122,-0.917879519463996,-0.0458309380268524,-0.17534050960543915,True
0.26575318702920675,-1.008159522074777,-0.0458309380268524,-0.17534050960543915,True
0.3005254555471686,-1.119328073753029,-0.0458309380268524,-0.17534050960543915,True
0.3125893358923253,-1.237513637680258,-0.0458309380268524,-0.17534050960543915,True
-0.01356056597244959,-0.1198307043071102,-0.01356056597244959,-0.1198307043071102,True
0.11423172820203559,-0.2226087936652439,-0.01356056597244959,-0.1198307043071102,True
0.19681197454230534,-0.3642296754498779,-0.01356056597244959,-0.1198307043071102,True
0.22820949922761916,-0.5065395599645082,-0.01356056597244959,-0.1198307043071102,True
0.22305401881595158,-0.6232000554996693,-0.01356056597244959,-0.1198307043071102,True
0.2077286817348725,-0.7041059877033635,-0.01356056597244959,-0.1198307043071102,True
0.20693763722706143,-0.7578856823770073,-0.01356056597244959,-0.1198307043071102,True
0.23243402785058964,-0.8053041792740153,-0.01356056597244959,-0.1198307043071102,True
0.2793560256330983,-0.8674971796186282,-0.01356056597244959,-0.1198307043071102,True
0.33119111703080617,-0.955485192740018,-0.01356056597244959,-0.1198307043071102,True
0.36985257734686977,-1.0660894196296566,-0.01356056597244959,-0.1198307043071102,True
0.3851448732486871,-1.185506344442285,-0.01356056597244959,-0.1198307043071102,True
0.053248219473856294,-0.09379837957091003,0.053248219473856294,-0.09379837957091003,True
0.18766997527565552,-0.19251418122506428,0.053248219473856294,-0.09379837957091003,True
0.27811237251270465,-0.33313446139951963,0.053248219473856294,-0.09379837957091003,True
0.31619888357977305,-0.4778346200247137,0.053248219473856294,-0.09379837957091003,True
0.3146491766906157,-0.5989077276882774,0.053248219473856294,-0.09379837957091003,True
0.2993922300157954,-0.6839752006752379,0.053248219473856294,-0.09379837957091003,True
0.2962921603260533,-0.7397109914703456,0.053248219473856294,-0.09379837957091003,True
0.319177797258779,-0.7862106427146641,0.053248219473856294,-0.09379837957091003,True
0.3650628091156487,-0.845436687310208,0.053248219473856294,-0.09379837957091003,True
0.41820493504546175,-0.9301509312910746,0.053248219473856294,-0.09379837957091003,True
0.4599411175957265,-1.0388427062896124,0.053248219473856294,-0.09379837957091003,True
0.47862773448340856,-1.1584691626516814,0.053248219473856294,-0.09379837957091003,True
0.1285817878861009,-0.11171205465119444,0.1285817878861009,-0.11171205465119444,True
0.2619024787411263,-0.20481112675769406,0.1285817878861009,-0.11171205465119444,True
0.35454518897889814,-0.34206540081604664,0.1285817878861009,-0.11171205465119444,True
0.3958768280581376,-0.4867365436450618,0.1285817878861009,-0.11171205465119444,True
0.3963503987480587,-0.6105764359019827,0.1285817878861009,-0.11171205465119444,True
0.3806179628868723,-0.6994892558806062,0.1285817878861009,-0.11171205465119444,True
0.3746938405668523,-0.7581936814061576,0.1285817878861009,-0.11171205465119444,True
0.39370549143230266,-0.8055358076348818,0.1285817878861009,-0.11171205465119444,True
0.4363266984349433,-0.8634252625083718,0.1285817878861009,-0.11171205465119444,True
0.4879817169965076,-0.9456196147269865,0.1285817878861009,-0.11171205465119444,True
0.5301821418627044,-1.0520182440004449,0.1285817878861009,-0.11171205465119444,True
0.5505235801933495,-1.1706551440675794,0.1285817878861009,-0.11171205465119444,True
