x,z,shear,x_0,z_0,St,beta,history,shear_difference
0.3,-0.2,1.5694900365882918,0.3,-0.2,0.01,0.987,False,-0.00946
0.4411457310180756,-0.2437056707646461,1.5191276735304775,0.3,-0.2,0.01,0.987,False,-0.00946
0.5783684586121826,-0.2915135555403703,1.8060723397789988,0.3,-0.2,0.01,0.987,False,-0.00946
0.3,-0.2,1.7274913834982448,0.3,-0.2,0.1,0.987,False,0.18859
0.4223689549754979,-0.5112546517408639,1.5926285635192918,0.3,-0.2,0.1,0.987,False,0.18859
0.4972143653763292,-0.8294328453960602,2.0860678283968737,0.3,-0.2,0.1,0.987,False,0.18859
0.3,-0.2,2.1579569056510257,0.3,-0.2,0.01,0.8,False,0.25888
0.4074240042339842,-0.8047767661870905,1.9392036680402578,0.3,-0.2,0.01,0.8,False,0.25888
0.4499433661865737,-1.387727401988479,3.1034858309865903,0.3,-0.2,0.01,0.8,False,0.25888
0.3,-0.2,1.693470544911149,0.3,-0.2,0.01,0.9,False,0.05967
0.4237774994815326,-0.4785404607158955,1.5554076066282416,0.3,-0.2,0.01,0.9,False,0.05967
0.5043807254380742,-0.7496030649552468,1.9859905524873913,0.3,-0.2,0.01,0.9,False,0.05967
0.3,-0.2,1.5705078646458082,0.3,-0.2,0.01,0.987,True,-0.00946
0.4416617977889744,-0.2392690762648178,1.5233145244270314,0.3,-0.2,0.01,0.987,True,-0.00946
0.5801676286627784,-0.2851385592622905,1.815528212037471,0.3,-0.2,0.01,0.987,True,-0.00946
0.3,-0.2,1.6349009719967034,0.3,-0.2,0.1,0.987,True,0.18859
0.4310280597643636,-0.4091330946391376,1.5512777302852079,0.3,-0.2,0.1,0.987,True,0.18859
0.5237549247162293,-0.6684520688430013,1.8974817391892007,0.3,-0.2,0.1,0.987,True,0.18859
0.3,-0.2,2.0178681584599683,0.3,-0.2,0.01,0.8,True,0.25888
0.4124249545085602,-0.7239862412966667,1.8721550614751215,0.3,-0.2,0.01,0.8,True,0.25888
0.4611793106559135,-1.2716763914599745,2.8446074725684793,0.3,-0.2,0.01,0.8,True,0.25888
0.3,-0.2,1.660011145042283,0.3,-0.2,0.01,0.9,True,0.05967
0.427076167968423,-0.4418429762900355,1.5456669645371233,0.3,-0.2,0.01,0.9,True,0.05967
0.5136827623292104,-0.6968483702825518,1.9263206277316893,0.3,-0.2,0.01,0.9,True,0.05967
0.287,-0.15,1.6746332737962417,0.287,-0.15,0.01,0.987,False,-0.02065
0.4412898776412516,-0.194975387131903,1.578041819407111,0.287,-0.15,0.01,0.987,False,-0.02065
0.5915960178999158,-0.2447660518965045,2.0031743359239846,0.287,-0.15,0.01,0.987,False,-0.02065
0.287,-0.15,1.7647520617784669,0.287,-0.15,0.1,0.987,False,0.17675
0.4202532955955271,-0.4635777047257182,1.5980244849387895,0.287,-0.15,0.1,0.987,False,0.17675
0.5017546973799378,-0.7832366602588793,2.1165430860546097,0.287,-0.15,0.1,0.987,False,0.17675
0.287,-0.15,2.1933356028760262,0.287,-0.15,0.01,0.8,False,0.26264
0.4033648988520075,-0.7578421523000585,1.9450303372816655,0.287,-0.15,0.01,0.8,False,0.26264
0.4492769042000537,-1.342078668595901,3.1303909275215496,0.287,-0.15,0.01,0.8,False,0.26264
0.287,-0.15,1.7322608238873212,0.287,-0.15,0.01,0.9,False,0.05555
0.4218327815589259,-0.4306699177019284,1.561930569254379,0.287,-0.15,0.01,0.9,False,0.05555
0.5097111588039852,-0.7032131532810768,2.0208665730248843,0.287,-0.15,0.01,0.9,False,0.05555
0.287,-0.15,1.6804073816930505,0.287,-0.15,0.01,0.987,True,-0.02065
0.4418628363538504,-0.1905170573485462,1.586461638375073,0.287,-0.15,0.01,0.987,True,-0.02065
0.5935834528202625,-0.2383835014962476,2.023826083192577,0.287,-0.15,0.01,0.987,True,-0.02065
0.287,-0.15,1.6804567598125055,0.287,-0.15,0.1,0.987,True,0.17675
0.4299077642851256,-0.3610012358861413,1.5601600688581863,0.287,-0.15,0.1,0.987,True,0.17675
0.5310876360092924,-0.6219292904118888,1.9397904391970109,0.287,-0.15,0.1,0.987,True,0.17675
0.287,-0.15,2.051810535777966,0.287,-0.15,0.01,0.8,True,0.26264
0.4089670306520195,-0.6768051524528557,1.8763694110561462,0.287,-0.15,0.01,0.8,True,0.26264
0.4617184560493848,-1.225833014211463,2.8677536187354,0.287,-0.15,0.01,0.8,True,0.26264
0.287,-0.15,1.7016804107094108,0.287,-0.15,0.01,0.9,True,0.05555
0.4255070952637169,-0.3938236291220172,1.5533655101105723,0.287,-0.15,0.01,0.9,True,0.05555
0.5199886322750905,-0.6503439491856357,1.965321137746764,0.287,-0.15,0.01,0.9,True,0.05555
0.25,-0.113,1.8236050189667654,0.25,-0.113,0.01,0.987,False,-0.03586
0.4139806273749488,-0.1581951620369316,1.6530679382231903,0.25,-0.113,0.01,0.987,False,-0.03586
0.5738143945698001,-0.2090195271297039,2.2391338031934627,0.25,-0.113,0.01,0.987,False,-0.03586
0.25,-0.113,1.8325785307049205,0.25,-0.113,0.1,0.987,False,0.18746
0.3905738922827208,-0.4280159571593341,1.620839146424843,0.25,-0.113,0.1,0.987,False,0.18746
0.4765041639589571,-0.7488873655802306,2.2005630103245912,0.25,-0.113,0.1,0.987,False,0.18746
0.25,-0.113,2.313572130053176,0.25,-0.113,0.01,0.8,False,0.29439
0.3717314867864855,-0.723287789050423,2.0133801871918426,0.25,-0.113,0.01,0.8,False,0.29439
0.4195209864830314,-1.3087935066901497,3.3190549312639903,0.25,-0.113,0.01,0.8,False,0.29439
0.25,-0.113,1.7976498144809219,0.25,-0.113,0.01,0.9,False,0.05871
0.3923942040132414,-0.3949582623693509,1.5811894850462398,0.25,-0.113,0.01,0.9,False,0.05871
0.4852050844473468,-0.6686473115388105,2.098359169444605,0.25,-0.113,0.01,0.9,False,0.05871
0.25,-0.113,1.8378810374388497,0.25,-0.113,0.01,0.987,True,-0.03586
0.4146075688939589,-0.1537112114760891,1.6676815821779782,0.25,-0.113,0.01,0.987,True,-0.03586
0.5759565182216851,-0.2026140954666698,2.2749891333642887,0.25,-0.113,0.01,0.987,True,-0.03586
0.25,-0.113,1.7457947218105552,0.25,-0.113,0.1,0.987,True,0.18746
0.4012349740752048,-0.3249537117207618,1.5799005244486368,0.25,-0.113,0.1,0.987,True,0.18746
0.5082184002749549,-0.5870975254033965,2.013107347911443,0.25,-0.113,0.1,0.987,True,0.18746
0.25,-0.113,2.1527671242640665,0.25,-0.113,0.01,0.8,True,0.29439
0.377908246975711,-0.6419578176068133,1.933523893000221,0.25,-0.113,0.01,0.8,True,0.29439
0.4329754975381639,-1.19228423212186,3.024667746616336,0.25,-0.113,0.01,0.8,True,0.29439
0.25,-0.113,1.765930100674039,0.25,-0.113,0.01,0.9,True,0.05871
0.3964266125458821,-0.3579377633251528,1.5720710576739534,0.25,-0.113,0.01,0.9,True,0.05871
0.4962983556150837,-0.6156014028915633,2.0396455001623113,0.25,-0.113,0.01,0.9,True,0.05871
0.2,-0.1,1.9101047762506762,0.2,-0.1,0.01,0.987,False,-0.04391
0.3665951644323129,-0.1441038255418011,1.6939900165690547,0.2,-0.1,0.01,0.987,False,-0.04391
0.5287384173207631,-0.1944225490982971,2.363456943208299,0.2,-0.1,0.01,0.987,False,-0.04391
0.2,-0.1,1.9221075945993134,0.2,-0.1,0.1,0.987,False,0.23039
0.3415035769209746,-0.4149072654282651,1.6618352831758627,0.2,-0.1,0.1,0.987,False,0.23039
0.4278825083586903,-0.7362333298771813,2.332185790589768,0.2,-0.1,0.1,0.987,False,0.23039
0.2,-0.1,2.529841406297306,0.2,-0.1,0.01,0.8,False,0.35952
0.3213527552409564,-0.7111283354735342,2.1562397652607213,0.2,-0.1,0.01,0.8,False,0.35952
0.3687013628459614,-1.2974222439595864,3.68608290515919,0.2,-0.1,0.01,0.8,False,0.35952
0.2,-0.1,1.877796202933263,0.2,-0.1,0.01,0.9,False,0.07254
0.3435547797482517,-0.381801427826488,1.6125051193528235,0.2,-0.1,0.01,0.9,False,0.07254
0.4370159485203703,-0.6558225140420016,2.2088058132807595,0.2,-0.1,0.01,0.9,False,0.07254
0.2,-0.1,1.929288195186167,0.2,-0.1,0.01,0.987,True,-0.04391
0.3672545783814267,-0.1395985507564667,1.712175004476087,0.2,-0.1,0.01,0.987,True,-0.04391
0.5309438949771755,-0.1879823888135965,2.4073655118094313,0.2,-0.1,0.01,0.987,True,-0.04391
0.2,-0.1,1.8096254134109078,0.2,-0.1,0.1,0.987,True,0.23039
0.3528375761706405,-0.3114926898844785,1.6079234389871733,0.2,-0.1,0.1,0.987,True,0.23039
0.4606979647286177,-0.5739378769761151,2.1017940650314966,0.2,-0.1,0.1,0.987,True,0.23039
0.2,-0.1,2.326704009205137,0.2,-0.1,0.01,0.8,True,0.35952
0.3278799127845671,-0.6295563985342137,2.053015200731883,0.2,-0.1,0.01,0.8,True,0.35952
0.3826087833680607,-1.1806628559990795,3.326563544916962,0.2,-0.1,0.01,0.8,True,0.35952
0.2,-0.1,1.836567683472615,0.2,-0.1,0.01,0.9,True,0.07254
0.3478044493864082,-0.3446383670084965,1.6000416981727192,0.2,-0.1,0.01,0.9,True,0.07254
0.4484674276521371,-0.6025858799432555,2.136269781472131,0.2,-0.1,0.01,0.9,True,0.07254
0.15,-0.113,1.845526428040675,0.15,-0.113,0.01,0.987,False,-0.03554
0.3116773746231481,-0.155142722285785,1.6643630034997798,0.15,-0.113,0.01,0.987,False,-0.03554
0.4685546813947788,-0.2036035311171402,2.276383940955868,0.15,-0.113,0.01,0.987,False,-0.03554
0.15,-0.113,2.030550047984067,0.15,-0.113,0.1,0.987,False,0.31242
0.286056514521322,-0.4263543535521627,1.7236643653117723,0.15,-0.113,0.1,0.987,False,0.31242
0.3689247468052739,-0.747234269638711,2.510443366187436,0.15,-0.113,0.1,0.987,False,0.31242
0.15,-0.113,2.858684654408672,0.15,-0.113,0.01,0.8,False,0.46235
0.2656017268768724,-0.7231443589296936,2.3880531751492375,0.15,-0.113,0.01,0.8,False,0.46235
0.3104046192933771,-1.3094880929649284,4.247385323759349,0.15,-0.113,0.01,0.8,False,0.46235
0.15,-0.113,1.9671699215715335,0.15,-0.113,0.01,0.9,False,0.09938
0.288258156443235,-0.3933185770850957,1.656976024843284,0.15,-0.113,0.01,0.9,False,0.09938
0.3780646085596147,-0.666757363350885,2.3484917036786497,0.15,-0.113,0.01,0.9,False,0.09938
0.15,-0.113,1.8581146265090558,0.15,-0.113,0.01,0.987,True,-0.03554
0.3123389964038768,-0.150627757745699,1.6793726331373109,0.15,-0.113,0.01,0.987,True,-0.03554
0.4707176902209441,-0.1971284581554433,2.3119254434808854,0.15,-0.113,0.01,0.987,True,-0.03554
0.15,-0.113,1.8586896969116178,0.15,-0.113,0.1,0.987,True,0.31242
0.2975411974581974,-0.3228410567172022,1.643727773814638,0.15,-0.113,0.1,0.987,True,0.31242
0.4012871267078006,-0.5845820118986348,2.1980240264794477,0.15,-0.113,0.1,0.987,True,0.31242
0.15,-0.113,2.585135058525284,0.15,-0.113,0.01,0.8,True,0.46235
0.2721590933071501,-0.6414621562151482,2.2465854952686732,0.15,-0.113,0.01,0.8,True,0.46235
0.3240901749707862,-1.1925746202501153,3.785034268129282,0.15,-0.113,0.01,0.8,True,0.46235
0.15,-0.113,1.904373429951026,0.15,-0.113,0.01,0.9,True,0.09938
0.2925250958202479,-0.3560929825171905,1.6374050261843938,0.15,-0.113,0.01,0.9,True,0.09938
0.3893289998525442,-0.6133802234338298,2.249111418731081,0.15,-0.113,0.01,0.9,True,0.09938
0.113,-0.15,1.7048785065835188,0.113,-0.15,0.01,0.987,False,-0.01817
0.2636343837468871,-0.1900742805120506,1.5927161732033288,0.113,-0.15,0.01,0.987,False,-0.01817
0.4092791512115548,-0.2360279288625789,2.0535836152087716,0.113,-0.15,0.01,0.987,False,-0.01817
0.113,-0.15,2.1462391224595283,0.113,-0.15,0.1,0.987,False,0.4234
0.238848307427688,-0.4609261152388881,1.801658389814139,0.113,-0.15,0.1,0.987,False,0.4234
0.315306944381539,-0.7806023296014483,2.715204426994955,0.113,-0.15,0.1,0.987,False,0.4234
0.113,-0.15,3.2605560716320796,0.113,-0.15,0.01,0.8,False,0.58796
0.2192305957950578,-0.7576790685345305,2.6850572824303343,0.113,-0.15,0.01,0.8,False,0.58796
0.2601659133880743,-1.3432957034885435,4.930218947116781,0.113,-0.15,0.01,0.8,False,0.58796
0.113,-0.15,2.0565070410695125,0.113,-0.15,0.01,0.9,False,0.13591
0.2410709935310548,-0.4280608939737116,1.7112345375676417,0.113,-0.15,0.01,0.9,False,0.13591
0.3240222816266268,-0.7001994847819496,2.501898950831402,0.113,-0.15,0.01,0.9,False,0.13591
0.113,-0.15,1.7070594243028077,0.113,-0.15,0.01,0.987,True,-0.01817
0.2642662178322845,-0.1855659202649696,1.601078300694722,0.113,-0.15,0.01,0.987,True,-0.01817
0.4113069074252634,-0.2295328727235524,2.0717576334667878,0.113,-0.15,0.01,0.987,True,-0.01817
0.113,-0.15,1.8905144318859197,0.113,-0.15,0.1,0.987,True,0.4234
0.2498973592446094,-0.357622227911534,1.684610396686187,0.113,-0.15,0.1,0.987,True,0.4234
0.3457829889628789,-0.6178971532560805,2.2918077697284085,0.113,-0.15,0.1,0.987,True,0.4234
0.113,-0.15,2.897952570616504,0.113,-0.15,0.01,0.8,True,0.58796
0.2254767164152991,-0.6760647424527626,2.49542713492003,0.113,-0.15,0.01,0.8,True,0.58796
0.2730085972314209,-1.2263852065731349,4.342254123814116,0.113,-0.15,0.01,0.8,True,0.58796
0.113,-0.15,1.963299560996968,0.113,-0.15,0.01,0.9,True,0.13591
0.2451426438783037,-0.3908813946789524,1.6813195768036524,0.113,-0.15,0.01,0.9,True,0.13591
0.3346039066869192,-0.6467915337924731,2.3659933396676593,0.113,-0.15,0.01,0.9,True,0.13591
0.1,-0.2,1.5982323204706668,0.1,-0.2,0.01,0.987,False,-0.00546
0.2374260346751617,-0.2386425320378838,1.532427032299976,0.1,-0.2,0.01,0.987,False,-0.00546
0.3699459399151272,-0.2824328201602712,1.8532360276276816,0.1,-0.2,0.01,0.987,False,-0.00546
0.1,-0.2,2.2073416367276715,0.1,-0.2,0.1,0.987,False,0.51001
0.2144985530587615,-0.508538879474543,1.8601067653290444,0.1,-0.2,0.1,0.987,False,0.51001
0.2839515793993411,-0.8267413521749915,2.853891794919354,0.1,-0.2,0.1,0.987,False,0.51001
0.1,-0.2,3.5150940445754246,0.1,-0.2,0.01,0.8,False,0.66798
0.1965332488789351,-0.8047048027592846,2.8974585233194023,0.1,-0.2,0.01,0.8,False,0.66798
0.2336506329736818,-1.389131190649921,5.397209633568669,0.1,-0.2,0.01,0.8,False,0.66798
0.1,-0.2,2.0984932569977217,0.1,-0.2,0.01,0.9,False,0.1645
0.2166158795999083,-0.4758791903648227,1.7507953503101845,0.1,-0.2,0.01,0.9,False,0.1645
0.2919789472413228,-0.7465212414093734,2.6007927397446218,0.1,-0.2,0.01,0.9,False,0.1645
0.1,-0.2,1.5950789042110116,0.1,-0.2,0.01,0.987,True,-0.00546
0.2380074432101573,-0.2341539178914412,1.5361192275607725,0.1,-0.2,0.01,0.987,True,-0.00546
0.3717961746457652,-0.2759407744202012,1.8586965920172662,0.1,-0.2,0.01,0.987,True,-0.00546
0.1,-0.2,1.8905227574569117,0.1,-0.2,0.1,0.987,True,0.51001
0.2247013288029525,-0.405661227025912,1.7130575828184096,0.1,-0.2,0.1,0.987,True,0.51001
0.3118179776014256,-0.6642985932425205,2.3438845102476855,0.1,-0.2,0.1,0.987,True,0.51001
0.1,-0.2,3.095180928879584,0.1,-0.2,0.01,0.8,True,0.66798
0.2022464866455991,-0.7233009411416943,2.677118048608403,0.1,-0.2,0.01,0.8,True,0.66798
0.2453439688972264,-1.2723706666889671,4.729224990876032,0.1,-0.2,0.01,0.8,True,0.66798
0.1,-0.2,1.983137870776431,0.1,-0.2,0.01,0.9,True,0.1645
0.2203545858904675,-0.438831871372888,1.7124353918275952,0.1,-0.2,0.01,0.9,True,0.1645
0.301636646578351,-0.6932003507844152,2.436292558021427,0.1,-0.2,0.01,0.9,True,0.1645
0.113,-0.25,1.5360484714399552,0.113,-0.25,0.01,0.987,False,0.0003
0.238613024195322,-0.2880314579391635,1.4954037494309163,0.113,-0.25,0.01,0.987,False,0.0003
0.3595932074100848,-0.3304756616889686,1.723001397714984,0.113,-0.25,0.01,0.987,False,0.0003
0.113,-0.25,2.148785354609269,0.113,-0.25,0.1,0.987,False,0.51713
0.2179561199939733,-0.55674711248384,1.8552886943136426,0.113,-0.25,0.1,0.987,False,0.51713
0.2816260778364812,-0.8736300016172319,2.824588006224965,0.113,-0.25,0.1,0.987,False,0.51713
0.113,-0.25,3.4086727430058046,0.113,-0.25,0.01,0.8,False,0.64042
0.2019282601032756,-0.8520365577824142,2.8664867563291576,0.113,-0.25,0.01,0.8,False,0.64042
0.2362178176739182,-1.4351994839077835,5.313075368557677,0.113,-0.25,0.01,0.8,False,0.64042
0.113,-0.25,2.04220858622954,0.113,-0.25,0.01,0.9,False,0.167
0.219887666900275,-0.5242676753860918,1.7451605240478538,0.113,-0.25,0.01,0.9,False,0.167
0.2889083120199556,-0.7936314913292631,2.568642543239754,0.113,-0.25,0.01,0.9,False,0.167
0.113,-0.25,1.5317817355634173,0.113,-0.25,0.01,0.987,True,0.0003
0.2391389571424798,-0.2835678652878832,1.4969245069399466,0.113,-0.25,0.01,0.987,True,0.0003
0.3612729712026349,-0.3240041323866156,1.722697728451092,0.113,-0.25,0.01,0.987,True,0.0003
0.113,-0.25,1.837269743250144,0.113,-0.25,0.1,0.987,True,0.51713
0.2271742820227546,-0.4543582025159985,1.7064388804415045,0.113,-0.25,0.1,0.987,True,0.51713
0.3069086640191611,-0.7116329024691299,2.307458605554221,0.113,-0.25,0.1,0.987,True,0.51713
0.113,-0.25,3.00868893582683,0.113,-0.25,0.01,0.8,True,0.64042
0.2070531850366793,-0.7709040203333102,2.6581385404056097,0.113,-0.25,0.01,0.8,True,0.64042
0.2467873912633087,-1.318669651832279,4.672655133993647,0.113,-0.25,0.01,0.8,True,0.64042
0.113,-0.25,1.928907298564324,0.113,-0.25,0.01,0.9,True,0.167
0.223259261101387,-0.4873870850251912,1.7062091106797803,0.113,-0.25,0.01,0.9,True,0.167
0.2976645772192954,-0.7404694142974548,2.401644996827067,0.113,-0.25,0.01,0.9,True,0.167
0.15,-0.287,1.502546622379338,0.15,-0.287,0.01,0.987,False,0.00172
0.2678187443072063,-0.3252078106094448,1.4754680265928566,0.15,-0.287,0.01,0.987,False,0.00172
0.3813252415447187,-0.3672576823939592,1.6503786250364918,0.15,-0.287,0.01,0.987,False,0.00172
0.15,-0.287,1.9966243855333987,0.15,-0.287,0.1,0.987,False,0.44329
0.2492787989490648,-0.5928445979572121,1.7849799473129684,0.15,-0.287,0.1,0.987,False,0.44329
0.3096115984584967,-0.908838121643757,2.625750640785998,0.15,-0.287,0.1,0.987,False,0.44329
0.15,-0.287,3.013694550423645,0.15,-0.287,0.01,0.8,False,0.52758
0.2349927302241355,-0.887218482810331,2.611173293963972,0.15,-0.287,0.01,0.8,False,0.52758
0.2680109982637135,-1.4693468594853265,4.722551413043672,0.15,-0.287,0.01,0.8,False,0.52758
0.15,-0.287,1.9107294436231,0.15,-0.287,0.01,0.9,False,0.14292
0.2509922882132262,-0.5604787894090751,1.6927638494149577,0.15,-0.287,0.01,0.9,False,0.14292
0.316263106043526,-0.8290364714863377,2.4048236913337138,0.15,-0.287,0.01,0.9,False,0.14292
0.15,-0.287,1.4989451652369028,0.15,-0.287,0.01,0.987,True,0.00172
0.2682976171572114,-0.3207673853219469,1.476252557380287,0.15,-0.287,0.01,0.987,True,0.00172
0.382879231818613,-0.360814910441622,1.6486622018053645,0.15,-0.287,0.01,0.987,True,0.00172
0.15,-0.287,1.7468474853164764,0.15,-0.287,0.1,0.987,True,0.44329
0.2576147261796883,-0.4908765416640633,1.6627600405205794,0.15,-0.287,0.1,0.987,True,0.44329
0.3329229303986901,-0.7473235990186657,2.182455900516595,0.15,-0.287,0.1,0.987,True,0.44329
0.15,-0.287,2.6925367584348567,0.15,-0.287,0.01,0.8,True,0.52758
0.2396168696495311,-0.8063448888193924,2.447358610848135,0.15,-0.287,0.01,0.8,True,0.52758
0.277740814065804,-1.3530618767728115,4.194970191719662,0.15,-0.287,0.01,0.8,True,0.52758
0.15,-0.287,1.8200212445045323,0.15,-0.287,0.01,0.9,True,0.14292
0.2540517891357285,-0.5237533867887516,1.6610748589685915,0.15,-0.287,0.01,0.9,True,0.14292
0.3243454173352895,-0.7760524400346688,2.2619015737003902,0.15,-0.287,0.01,0.9,True,0.14292
0.2,-0.3,1.4892680754238914,0.2,-0.3,0.01,0.987,False,0.00116
0.3157120538721201,-0.3390206643232291,1.4678617724199532,0.2,-0.3,0.01,0.987,False,0.00116
0.4273543172741454,-0.3815597961072675,1.6222927207732216,0.2,-0.3,0.01,0.987,False,0.00116
0.2,-0.3,1.8540453148027882,0.2,-0.3,0.1,0.987,False,0.34815
0.2986006365584503,-0.6059399900147755,1.7020512633668747,0.2,-0.3,0.1,0.987,False,0.34815
0.3586709207026171,-0.9216321869861234,2.391499308134169,0.2,-0.3,0.1,0.987,False,0.34815
0.2,-0.3,2.6192994300156,0.2,-0.3,0.01,0.8,False,0.41217
0.2854229366715967,-0.89958961131728,2.325955040463193,0.2,-0.3,0.01,0.8,False,0.41217
0.3189056017229528,-1.481136419728757,4.050561506128996,0.2,-0.3,0.01,0.8,False,0.41217
0.2,-0.3,1.7902828686190064,0.2,-0.3,0.01,0.9,False,0.11187
0.3001201994399148,-0.5736002458311837,1.6318871445835916,0.2,-0.3,0.01,0.9,False,0.11187
0.3649550446001802,-0.8419538880609443,2.2158733159171726,0.2,-0.3,0.01,0.9,False,0.11187
0.2,-0.3,1.4865822758326899,0.2,-0.3,0.01,0.987,True,0.00116
0.3161637499699646,-0.3345958429569656,1.4686008874249428,0.2,-0.3,0.01,0.987,True,0.00116
0.4288551065934509,-0.3751444412287614,1.621132109870542,0.2,-0.3,0.01,0.987,True,0.00116
0.2,-0.3,1.670294136854788,0.2,-0.3,0.1,0.987,True,0.34815
0.306373622381026,-0.5042265711799345,1.611955669452491,0.2,-0.3,0.1,0.987,True,0.34815
0.3810698215555088,-0.7605033080650787,2.0433462922273478,0.2,-0.3,0.1,0.987,True,0.34815
0.2,-0.3,2.377001806355902,0.2,-0.3,0.01,0.8,True,0.41217
0.2897555543642176,-0.8188996766291868,2.2056385817538877,0.2,-0.3,0.01,0.8,True,0.41217
0.3282688370949784,-1.3650469028629688,3.638388401422595,0.2,-0.3,0.01,0.8,True,0.41217
0.2,-0.3,1.7236713385247582,0.2,-0.3,0.01,0.9,True,0.11187
0.3029985610048348,-0.5369807092576915,1.608888239609151,0.2,-0.3,0.01,0.9,True,0.11187
0.3727426337255567,-0.7891172299249725,2.1040045369400913,0.2,-0.3,0.01,0.9,True,0.11187
0.25,-0.287,1.4919867831628777,0.25,-0.287,0.01,0.987,False,-0.00038
0.3693339326204851,-0.3273219008999261,1.4703026398841177,0.25,-0.287,0.01,0.987,False,-0.00038
0.4847297291952318,-0.3710833708379076,1.631472656995158,0.25,-0.287,0.01,0.987,False,-0.00038
0.25,-0.287,1.7637791143947659,0.25,-0.287,0.1,0.987,False,0.27081
0.3527341314192938,-0.5939608269020693,1.6403632338296317,0.25,-0.287,0.1,0.987,False,0.27081
0.415458028118918,-0.909938066778016,2.2137943602122885,0.25,-0.287,0.1,0.987,False,0.27081
0.25,-0.287,2.3491647710518353,0.25,-0.287,0.01,0.8,False,0.3292
0.339859703745455,-0.8871757658543987,2.1158775144530497,0.25,-0.287,0.01,0.8,False,0.3292
0.3753305348753317,-1.4686498900831435,3.5395671796469763,0.25,-0.287,0.01,0.8,False,0.3292
0.25,-0.287,1.7157254778538202,0.25,-0.287,0.01,0.9,False,0.08665
0.354118350762898,-0.5615643804018436,1.5871866056079422,0.25,-0.287,0.01,0.9,False,0.08665
0.4216925954437966,-0.8302980609500961,2.075205442734482,0.25,-0.287,0.01,0.9,False,0.08665
0.25,-0.287,1.4900890181569146,0.25,-0.287,0.01,0.987,True,-0.00038
0.3697821788262073,-0.3229034499997117,1.471404439546363,0.25,-0.287,0.01,0.987,True,-0.00038
0.4862556473943247,-0.3646899408658056,1.631847864662594,0.25,-0.287,0.01,0.987,True,-0.00038
0.25,-0.287,1.6268347562957979,0.25,-0.287,0.1,0.987,True,0.27081
0.3603485541853644,-0.4923120086861351,1.5746590683320527,0.25,-0.287,0.1,0.987,True,0.27081
0.438108689549524,-0.7490467360578086,1.942982983748165,0.25,-0.287,0.1,0.987,True,0.27081
0.25,-0.287,2.1624959131393457,0.25,-0.287,0.01,0.8,True,0.3292
0.3441512018799879,-0.806571046321581,2.0252957746528537,0.25,-0.287,0.01,0.8,True,0.3292
0.3848372775046185,-1.352678199425477,3.210370857704312,0.25,-0.287,0.01,0.8,True,0.3292
0.25,-0.287,1.6661739986145754,0.25,-0.287,0.01,0.9,True,0.08665
0.356972088888614,-0.5249892840795394,1.5707363068178866,0.25,-0.287,0.01,0.9,True,0.08665
0.4295959265545108,-0.7775574319544349,1.9885574145975895,0.25,-0.287,0.01,0.9,True,0.08665
0.287,-0.25,1.5148517189091288,0.287,-0.25,0.01,0.987,False,-0.00341
0.4154863112796164,-0.2919994319257885,1.4854696690385416,0.287,-0.25,0.01,0.987,False,-0.00341
0.5400697896002491,-0.3376303064391676,1.687062110004354,0.287,-0.25,0.01,0.987,False,-0.00341
0.287,-0.25,1.7244368045857248,0.287,-0.25,0.1,0.987,False,0.21842
0.3983041782469229,-0.5588565139250341,1.6050097106159233,0.287,-0.25,0.1,0.987,False,0.21842
0.4663488787778114,-0.8757141413149157,2.113592454655487,0.287,-0.25,0.1,0.987,False,0.21842
0.287,-0.25,2.2027649348554537,0.287,-0.25,0.01,0.8,False,0.27953
0.3848045083848394,-0.8520151646153883,1.9910730128112866,0.287,-0.25,0.01,0.8,False,0.27953
0.423538088992885,-1.4339809507710146,3.2290582695169703,0.287,-0.25,0.01,0.8,False,0.27953
0.287,-0.25,1.6857453496693986,0.287,-0.25,0.01,0.9,False,0.06953
0.3996446062720651,-0.5263259233788637,1.56250731194174,0.287,-0.25,0.01,0.9,False,0.06953
0.4728947705968749,-0.7960201475081531,1.9999263205085416,0.287,-0.25,0.01,0.9,False,0.06953
0.287,-0.25,1.5139055041291565,0.287,-0.25,0.01,0.987,True,-0.00341
0.4159574445069497,-0.2875768779198462,1.4875308392828899,0.287,-0.25,0.01,0.987,True,-0.00341
0.541702225911926,-0.3312510481691862,1.6904679985168627,0.287,-0.25,0.01,0.987,True,-0.00341
0.287,-0.25,1.6160062301514846,0.287,-0.25,0.1,0.987,True,0.21842
0.4062301160539353,-0.4570639205764522,1.5549630646028583,0.287,-0.25,0.1,0.987,True,0.21842
0.4904773505997871,-0.7148766294260246,1.895173059118269,0.287,-0.25,0.1,0.987,True,0.21842
0.287,-0.25,2.0488543512655824,0.287,-0.25,0.01,0.8,True,0.27953
0.3893334948168409,-0.7713769548440071,1.9173917173067427,0.287,-0.25,0.01,0.8,True,0.27953
0.4337148096293551,-1.3180253970138718,2.9495233521275277,0.287,-0.25,0.01,0.8,True,0.27953
0.287,-0.25,1.6465689024405137,0.287,-0.25,0.01,0.9,True,0.06953
0.4026477246752329,-0.4897240229023575,1.5502964930614844,0.287,-0.25,0.01,0.9,True,0.06953
0.481339515585105,-0.7433093414220148,1.9303929227525962,0.287,-0.25,0.01,0.9,True,0.06953
