t,H_x,H_z,history_x,history_z,delta_t
0.0,-0.0,-0.0,-0.026006747547971623,3.2805987433350135e-05,0.01
0.01,-0.0003830419464663761,-1.9563717348883133e-07,-0.0506016417453036,-7.19334221311164e-05,0.01
0.02,-0.001012032834906072,-1.438668442622328e-06,-0.0691871377981238,-0.00022054822633133374,0.01
0.03,-0.0017667847024288516,-4.606601700115505e-06,-0.07995504245314211,-0.00044794449098855486,0.01
0.04,-0.002611133683968914,-1.0397558262393425e-05,-0.08758660132295597,-0.0007353968993857431,0.01
0.05,-0.0035185167288879714,-1.931453968783037e-05,-0.0932600631130816,-0.0010786420608610266,0.01
0.06,-0.0044763349462305455,-3.1970399479613946e-05,-0.09778260296007796,-0.001474942888083499,0.01
0.07,-0.005474168788089532,-4.881339744950036e-05,-0.10142469941869936,-0.0019163403658985524,0.01
0.08,-0.0065048289346045325,-7.029720679758499e-05,-0.1044213010211163,-0.00239977456475351,0.01
0.09,-0.007562594808511857,-9.680888874457054e-05,-0.10690855974788138,-0.002920694778476132,0.01
0.1,-0.008643000129562161,-0.00012871110236710765,-0.1089905909039598,-0.00347608897575923,0.01
0.11,-0.009742406626591054,-0.00016633066825975516,-0.11074108835423224,-0.0040628875500638316,0.01
0.12,-0.010857821896646806,-0.00020996885336838425,-0.11221663654256386,-0.004678553382173595,0.01
0.13,-0.011986739357442332,-0.00025990173590322707,-0.11346070268870034,-0.0053207440172118575,0.01
0.14,-0.013127035950420814,-0.00031638373371262147,-0.1145076922448518,-0.005987380068262865,0.01
0.15,-0.014276893202339366,-0.00037964933726848427,-0.11538517246897262,-0.006676567122072669,0.01
0.16,-0.015434739399800263,-0.0004499150761540748,-0.11611558593575644,-0.007386585128114288,0.01
0.17,-0.016599204921054496,-0.0005273810398307701,-0.11671741265121971,-0.008115859778886233,0.01
0.18,-0.017769087652824655,-0.0006122322717317994,-0.11720603619154757,-0.00886294646867276,0.01
0.19,-0.018943325644885448,-0.0007046399692042253,-0.11759438052942783,-0.009626514075745104,0.01
0.2,-0.020120975263413214,-0.0008047625532467016,-0.11789339355665496,-0.01040533233807052,0.01
0.21,-0.021301193516018547,-0.0009127466159656355,-0.11811241738688572,-0.011198260734078681,0.01
0.22,-0.022483223611150925,-0.0010287277679282751,-0.11825947664352099,-0.012004239093060705,0.01
0.23,-0.02366638304888897,-0.0011528313978268498,-0.1183415053614787,-0.012822279442085985,0.01
0.24,-0.0248500537183805,-0.0012851733567699948,-0.1183645276318932,-0.013651458944782868,0.01
0.25,-0.02603367360152683,-0.0014258605767225071,-0.11833380282126993,-0.014490913729142282,0.01
0.26,-0.027216729774805902,-0.0015749916313528404,-0.11825394338029249,-0.015339833472904657,0.01
0.27,-0.02839875246913268,-0.0017326572461806007,-0.11812901120354602,-0.016197456628605292,0.01
0.28,-0.029579309998876823,-0.0018989407639249467,-0.1179625970446303,-0.01706306619576349,0.01
0.29,-0.03075800441002528,-0.0020739185700958695,-0.11775788642310614,-0.017935985962479584,0.01
0.3,-0.03193446772733895,-0.002257660483174538,-0.1175177146737858,-0.01881557715236358,0.01
0.31,-0.033108358703501,-0.0024502301131431414,-0.11724461320161383,-0.019701235422997843,0.01
0.32,-0.034279359991371224,-0.002651685191634495,-0.11694084856265174,-0.020592388170724285,0.01
0.33,-0.035447175674754035,-0.0028620778765576275,-0.11660845565422084,-0.02148849210347545,0.01
0.34,-0.03661152910445564,-0.0030814550337040047,-0.11624926603795682,-0.022389031049075803,0.01
0.35000000000000003,-0.03777216099551317,-0.0033098584975391437,-0.11586493221839911,-0.02329351397114976,0.01
0.36,-0.03892882774882361,-0.0035473253131269983,-0.11545694854246946,-0.024201473168703858,0.01
0.37,-0.04008129996636256,-0.0037938879609132206,-0.11502666926150229,-0.025112462638738037,0.01
0.38,-0.04122936113405366,-0.00404957456590176,-0.114575324199238,-0.02602605658398663,0.01
0.39,-0.04237280645034733,-0.004314409092592954,-0.11410403239079336,-0.026941848050241274,0.01
0.4,-0.04351144178186953,-0.004588411526906586,-0.11361381399476755,-0.027859447679673882,0.01
0.41000000000000003,-0.04464508273024268,-0.004871598046186432,-0.1131056007296789,-0.028778482568261043,0.01
0.42,-0.0457735537964631,-0.005163981178271805,-0.11258024504460451,-0.029698595216875595,0.01
0.43,-0.04689668763113478,-0.005465569950523943,-0.11203852820024052,-0.0306194425668303,0.01
0.44,-0.048014324360467917,-0.0057763700296084115,-0.11148116740871172,-0.03154069511173668,0.01
0.45,-0.049126310979309015,-0.006096383852758677,-0.11090882215775677,-0.03246203607847975,0.01
0.46,-0.05023250080362305,-0.006425610751178007,-0.11032209982594399,-0.03338316067089114,0.01
0.47000000000000003,-0.0513327529758279,-0.0067640470661765005,-0.10972156067975725,-0.03430377537042034,0.01
0.48,-0.05242693201721819,-0.007111686258586413,-0.10910772233029986,-0.03522359728871055,0.01
0.49,-0.053514907422433894,-0.007468519011950711,-0.1084810637163165,-0.0361423535675196,0.01
0.5,-0.054596553291544524,-0.007834533329936805,-0.10784202867090631,-0.03705978082190087,0.01
0.51,-0.055671747995852026,-0.00820971462838873,-0.1071910291214766,-0.03797562462296822,0.01
0.52,-0.056740373873974057,-0.00859404582239617,-0.1065284479658728,-0.038889639016939925,0.01
0.53,-0.05780231695516948,-0.008987507408727528,-0.10585464166185421,-0.03980158607748002,0.01
0.54,-0.05885746670721114,-0.00939007754394577,-0.10516994256238021,-0.04071123548863853,0.01
0.55,-0.059905715806417084,-0.0098017321185003,-0.10447466102496605,-0.04161836415595055,0.01
0.56,-0.060946959927710466,-0.010222444827064784,-0.10376908731985379,-0.042522755843484916,0.01
0.5700000000000001,-0.06198109755281417,-0.010652187235369998,-0.10305349335865133,-0.04342420083482901,0.01
0.58,-0.06300802979488347,-0.01109092884376136,-0.10232813426254816,-0.044322495616181734,0.01
0.59,-0.06402766023806512,-0.011538637147693629,-0.10159324978689233,-0.04521744257989235,0.01
0.6,-0.06503989479062132,-0.011995277695359206,-0.10084906561682239,-0.04610884974692009,0.01
0.61,-0.06604464155040157,-0.012460814142632034,-0.10009579454720097,-0.046996530506828615,0.01
0.62,-0.06704181068156534,-0.01293520830549578,-0.09933363755837288,-0.04788030337405047,0.01
0.63,-0.06803131430156903,-0.013418420210113044,-0.0985627847980095,-0.04875999175925616,0.01
0.64,-0.06901306637752554,-0.013910408140680904,-0.09778341647826361,-0.04963542375474694,0.01
0.65,-0.0699869826311343,-0.014411128685207983,-0.09699570369634403,-0.05050643193290927,0.01
0.66,-0.07095298045145242,-0.01492053677933909,-0.09619980918576632,-0.051372853156834264,0.01
0.67,-0.07191097881484963,-0.015438585748344669,-0.09539588800484067,-0.05223452840224896,0.01
0.68,-0.07286089821154923,-0.01596522734738407,-0.094584088168157,-0.053091302590014045,0.01
0.6900000000000001,-0.07380266057821278,-0.01650041180014495,-0.09376455122626748,-0.05394302442848409,0.01
0.7000000000000001,-0.07473618923607458,-0.017044087835953754,-0.09293741279834755,-0.0547895462650706,0.01
0.71,-0.07566140883417971,-0.017596202725446354,-0.09210280306191843,-0.05563072394640911,0.01
0.72,-0.07657824529731296,-0.018156702314881933,-0.09126084720347594,-0.05646641668658481,0.01
0.73,-0.07748662577824923,-0.01872553105917805,-0.09041166583346216,-0.05729648694288503,0.01
0.74,-0.0783864786139822,-0.019302632053739634,-0.08955537536862401,-0.058120800298614994,0.01
0.75,-0.07927773328562171,-0.019887947065150353,-0.08869208838458764,-0.058939225352520275,0.01
0.76,-0.08016032038167395,-0.02048141656079004,-0.08782191394104366,-0.059751633614416155,0.01
0.77,-0.08103417156444258,-0.021082979737438678,-0.08694495788199408,-0.0605578994066549,0.01
0.78,-0.08189921953931384,-0.021692574548923142,-0.08606132311311665,-0.061357899771033564,0.01
0.79,-0.08275539802670492,-0.02231013773285935,-0.08517110985792442,-0.06215151438084554,0.01
0.8,-0.08360264173647233,-0.022935604836540054,-0.08427441589461449,-0.06293862545776996,0.01
0.81,-0.0844408863445972,-0.023568910242014747,-0.08337133677519848,-0.06371911769329297,0.01
0.8200000000000001,-0.0852700684719763,-0.024209987190405912,-0.08246196602818845,-0.06449287817440252,0.01
0.8300000000000001,-0.08609012566516099,-0.0248587678055028,-0.08154639534616859,-0.06525979631330192,0.01
0.84,-0.08690099637889966,-0.02551518311667194,-0.08062471475943056,-0.06601976378091967,0.01
0.85,-0.08770261996034959,-0.026179163081121188,-0.07969701279687769,-0.0667726744439805,0.01
0.86,-0.0884949366348372,-0.02685063660555155,-0.07876337663503818,-0.06751842430545141,0.01
0.87,-0.08927788749305036,-0.027529531567230217,-0.0778238922359833,-0.06825691144815527,0.01
0.88,-0.09005141447955688,-0.028215774834514658,-0.07687864447529602,-0.06898803598137349,0.01
0.89,-0.09081546038255628,-0.028909292286857687,-0.07592771726062075,-0.06971169999030091,0.01
0.9,-0.09156996882476928,-0.02961000883432068,-0.07497119364147942,-0.07042780748814814,0.01
0.91,-0.09231488425538587,-0.03031784843662065,-0.07400915591105761,-0.07113626437075937,0.01
0.92,-0.09305015194299045,-0.031032734121735867,-0.07304168570067748,-0.07183697837363812,0.01
0.93,-0.09377571796939943,-0.03175458800409341,-0.07206886406708168,-0.07252985903121645,0.01
0.9400000000000001,-0.09449152922433207,-0.0324833313023602,-0.07109077157349208,-0.07321481763823878,0.01
0.9500000000000001,-0.09519753340086927,-0.03321888435685819,-0.070107488364763,-0.07389176721318824,0.01
0.96,-0.0958936789916273,-0.03396116664662395,-0.06911909423673723,-0.07456062246358797,0.01
0.97,-0.096579915285604,-0.03471009680612995,-0.06812566870072523,-0.07522129975314273,0.01
0.98,-0.09725619236564181,-0.035465592641686805,-0.06712729104304227,-0.07587371707055435,0.01
0.99,-0.09792246110646484,-0.03622757114754104,-0.06612404038003383,-0.07651779399997372,0.01
1.0,-0.09857867317324248,-0.03699594852168628,-0.06511599570900017,-0.07715345169299304,0.01
1.01,-0.09922478102064484,-0.0377706401814009,-0.06410323595540834,-0.0777806128420595,0.01
1.02,-0.09986073789235066,-0.03855156077852747,-0.06308584001619355,-0.07839920165529635,0.01
1.03,-0.10048649782096872,-0.03933862421450683,-0.06206388679983199,-0.07900914383260593,0.01
1.04,-0.1011020156283473,-0.04013174365517959,-0.06103745526336457,-0.07961036654301945,0.01
1.05,-0.101707246926236,-0.04093083154536722,-0.06000662444631466,-0.08020279840321631,0.01
1.06,-0.10230214811727359,-0.04173579962324392,-0.0589714735018525,-0.08078636945713802,0.01
1.07,-0.10288667639627307,-0.04254655893450998,-0.05793208172578357,-0.08136101115669314,0.01
1.08,-0.10346078975178927,-0.04336301984637778,-0.056888528582387465,-0.08192665634342466,0.01
1.09,-0.1040244469679208,-0.044185092061378474,-0.05584089372867407,-0.08248323923112233,0.01
1.1,-0.10457760762636274,-0.04501268463100023,-0.05478925703647075,-0.0830306953893758,0.01
1.11,-0.10512023210865022,-0.045845705969166,-0.053733698612149716,-0.08356896172793915,0.01
1.12,-0.10565228159860574,-0.04668406386555901,-0.052674298814868514,-0.08409797648192097,0.01
1.1300000000000001,-0.10617371808494759,-0.04752766549880441,-0.051611138272854795,-0.08461767919772978,0.01
1.1400000000000001,-0.10668450436406283,-0.04837641744951361,-0.05054429789839432,-0.08512801071977227,0.01
1.1500000000000001,-0.10718460404291548,-0.04923022571319986,-0.049473858901001755,-0.08562891317782295,0.01
1.16,-0.10767398154208284,-0.05008899571307005,-0.04839990279919526,-0.08612032997504038,0.01
1.17,-0.10815260209889938,-0.050952632312700655,-0.04732251143105959,-0.0866022057766247,0.01
1.18,-0.10862043177070403,-0.05182103982860255,-0.046241766963536435,-0.08707448649906491,0.01
1.19,-0.1090774374381701,-0.05269412204268195,-0.0451577519005264,-0.08753711929992525,0.01
1.2,-0.10952358680871456,-0.05357178221460106,-0.04407054908985053,-0.08799005256817294,0.01
1.21,-0.10995884841996711,-0.05445392309404541,-0.04298024172910786,-0.08843323591502639,0.01
1.22,-0.11038319164329671,-0.055340446932901584,-0.041886913370804635,-0.08886662016523417,0.01
1.23,-0.11079658668738321,-0.0562312554973501,-0.04079064792617437,-0.08929015734886425,0.01
1.24,-0.11119900460182021,-0.05712625007987887,-0.03969152966856093,-0.08970380069347561,0.01
1.25,-0.11159041728075442,-0.058025331511219615,-0.03858964323588676,-0.09010750461669925,0.01
1.26,-0.11197079746653794,-0.05892840017221286,-0.037485073631888355,-0.09050122471924738,0.01
1.27,-0.1123401187533922,-0.05983535600560456,-0.03637790622724957,-0.09088491777822982,0.01
1.28,-0.11269835559108293,-0.06074609852777746,-0.035268226759997745,-0.0912585417408347,0.01
1.29,-0.11304548328859215,-0.061660526840421254,-0.034156121334828704,-0.0916220557183518,0.01
1.3,-0.11338147801777951,-0.06257853964214449,-0.03304167642197786,-0.09197541998049275,0.01
1.31,-0.11370631681703171,-0.06350003524003112,-0.03192497885602563,-0.0923185959499806,0.01
1.32,-0.11401997759490001,-0.0644249115611441,-0.030806115833447834,-0.09265154619744642,0.01
1.33,-0.11432243913370066,-0.06535306616398004,-0.0296851749100302,-0.09297423443657449,0.01
1.34,-0.11461368109310062,-0.0662843962498756,-0.028562243998190517,-0.09328662551947486,0.01
1.35,-0.11489368401366448,-0.06721879867436954,-0.027437411362839725,-0.09358868543231802,0.01
1.36,-0.11516242932035742,-0.06815616995852196,-0.02631076561775192,-0.09388038129114618,0.01
1.37,-0.11541989932601951,-0.06909640630019247,-0.02518239572127179,-0.09416168133795066,0.01
1.3800000000000001,-0.11566607723478285,-0.07003940358528098,-0.024052390971396775,-0.09443255493686342,0.01
1.3900000000000001,-0.11590094714544745,-0.07098505739892974,-0.022920841000625636,-0.09469297257056519,0.01
1.4000000000000001,-0.11612449405479537,-0.07193326303669229,-0.021787835770958885,-0.09494290583692244,0.01
1.41,-0.11633670386086661,-0.07288391551566817,-0.02065346556804215,-0.09518232744567223,0.01
1.42,-0.1165375633661562,-0.07383690958560572,-0.019517820994447987,-0.09541121121531537,0.01
1.43,-0.11672706028075557,-0.07479213973997448,-0.0183809929644978,-0.095629532070165,0.01
1.44,-0.11690518322544614,-0.07574950022700902,-0.017243072697174178,-0.09583726603749332,0.01
1.45,-0.11707192173469906,-0.07670888506072435,-0.016104151708831616,-0.09603439024481508,0.01
1.46,-0.11722726625962279,-0.07767018803190533,-0.014964321806882452,-0.09622088291723818,0.01
1.47,-0.11737120817083671,-0.07863330271906911,-0.013823675082274,-0.09639672337497807,0.01
1.48,-0.11750373976126827,-0.07959812249940489,-0.012682303901951464,-0.09656189203100185,0.01
1.49,-0.11762485424887573,-0.08056454055968915,-0.011540300901293321,-0.09671637038859693,0.01
1.5,-0.11773454577929414,-0.08153244990717683,-0.010397758976148808,-0.09686014103917095,0.01
1.51,-0.1178328094283987,-0.08250174338047257,-0.009254771274769702,-0.09699318766013487,0.01
1.52,-0.11791964120478952,-0.08347231366037952,-0.00811143118975366,-0.09711549501273442,0.01
1.53,-0.11799503805219377,-0.08444405328072727,-0.0069678323496509265,-0.097227048940006,0.01
1.54,-0.11805899785178255,-0.08541685463917964,-0.005824068610493782,-0.09732783636483688,0.01
1.55,-0.11811151942440366,-0.086390610008024,-0.004680234047071963,-0.09741784528799524,0.01
1.56,-0.11815260253272399,-0.08736521154493956,-0.003536422944032225,-0.09749706478624809,0.01
1.57,-0.1181822478832843,-0.08834055130374896,-0.002392729787392689,-0.09756548501047924,0.01
1.58,-0.11820045712847184,-0.08931652124514913,-0.0012492492554310175,-0.09762309718390316,0.01
1.59,-0.11820723286839292,-0.09029301324742703,-0.00010607620931146755,-0.09766989360027001,0.01
1.6,-0.11820257865265807,-0.09126991911715454,0.0010366943159683117,-0.0977058676220448,0.01
1.61,-0.11818649898207356,-0.09224713059986793,0.0021789671209884176,-0.09773101367871462,0.01
1.62,-0.1181589993102383,-0.09322453939072883,0.0033206468511641773,-0.09774532726500595,0.01
1.6300000000000001,-0.11812008604505027,-0.09420203714516805,0.004461638006236335,-0.09774880493919103,0.01
1.6400000000000001,-0.11806976655011357,-0.09517951548951266,0.0056018449494521505,-0.09774144432134779,0.01
1.6500000000000001,-0.11800804914606122,-0.09615686603159501,0.006741171917743927,-0.09772324409164401,0.01
1.6600000000000001,-0.11793494311175869,-0.09713398037134555,0.007879523031884439,-0.0976942039886195,0.01
1.67,-0.11785045868542353,-0.09811075011136738,0.009016802304843807,-0.09765432480745861,0.01
1.68,-0.1177546070656618,-0.09908706686749472,0.010152913652398787,-0.09760360839826987,0.01
1.69,-0.11764740041237555,-0.10006282227933277,0.011287760903559985,-0.09754205766433,0.01
1.7,-0.1175288518475906,-0.10103790802078132,0.01242124780945808,-0.09746967656033068,0.01
1.71,-0.11739897545618638,-0.10201221581053939,0.01355327805375417,-0.09738647009059598,0.01
1.72,-0.11725778628651552,-0.10298563742259324,0.014683755262658416,-0.0972924443073051,0.01
1.73,-0.11710530035093322,-0.1039580646966855,0.01581258301495314,-0.09718760630864853,0.01
1.74,-0.11694153462621645,-0.10492938954876621,0.01693966485235343,-0.09707196423700637,0.01
1.75,-0.11676650705388615,-0.10589950398142563,0.01806490428933305,-0.0969455272770734,0.01
1.76,-0.11658023654042979,-0.10686830009430767,0.01918820482272121,-0.09680830565394771,0.01
1.77,-0.11638274295743171,-0.10783567009450458,0.02030946994272398,-0.09666031063117142,0.01
1.78,-0.11617404714157531,-0.10880150630693111,0.021428603143102798,-0.0965015545088086,0.01
1.79,-0.11595417089456966,-0.10976570118468076,0.022545507931122977,-0.09633205062143624,0.01
1.8,-0.11572313698295285,-0.11072814731935983,0.023660087837409804,-0.09615181333602063,0.01
1.81,-0.11548096913782148,-0.11168873745140116,0.024772246426600475,-0.09596085804992516,0.01
1.82,-0.11522769205442085,-0.11264736448035834,0.025881887307978246,-0.0957592011887165,0.01
1.83,-0.1149633313916619,-0.1136039214751755,0.026988914144943976,-0.09554686020400016,0.01
1.84,-0.11468791377152196,-0.11455830168443834,0.02809323066594338,-0.09532385357119999,0.01
1.85,-0.11440146677834304,-0.1155103985465995,0.029194740673958997,-0.09509020078729957,0.01
1.86,-0.11410401895804279,-0.11646010570018434,0.030293348057883307,-0.09484592236851608,0.01
1.87,-0.11379559981718537,-0.11740731699396983,0.031388956802420154,-0.09459103984787642,0.01
1.8800000000000001,-0.11347623982199438,-0.11835192649714187,0.03248147099772325,-0.09432557577287692,0.01
1.8900000000000001,-0.11314597039723091,-0.11929382850942737,0.0335707948500783,-0.09404955370293866,0.01
1.9000000000000001,-0.1128048239249928,-0.12023291757120065,0.03465683269243325,-0.09376299820688061,0.01
1.9100000000000001,-0.11245283374338223,-0.12116908847356499,0.035739488995234936,-0.09346593486033772,0.01
1.92,-0.1120900341450881,-0.12210223626840737,0.03681866837501868,-0.09315839024309014,0.01
1.93,-0.11171646037588187,-0.12303225627842677,0.03789427560606384,-0.09284039193639071,0.01
1.94,-0.11133214863296682,-0.12395904410713518,0.038966215630405365,-0.09251196852017785,0.01
1.95,-0.11093713606327375,-0.12488249564883033,0.040034393567437654,-0.09217314957019607,0.01
1.96,-0.11053146076161806,-0.1258025070985391,0.041098714724499,-0.09182396565516093,0.01
1.97,-0.11011516176878378,-0.12671897496193354,0.04215908460782902,-0.09146444833378986,0.01
1.98,-0.10968827906946148,-0.1276317960652149,0.043215408931956745,-0.0910946301517237,0.01
1.99,-0.10925085359014464,-0.12854086756496802,0.04426759362958421,-0.09071454463851758,0.01
2.0,-0.10880292719686979,-0.12944608695798526,0.04531554486275091,-0.09032422630446124,0.01
2.0100000000000002,-0.10834454269288962,-0.13034735209105727,0.04635916903157522,-0.08992371063730165,0.01
2.02,-0.10787574381623828,-0.1312445611707313,0.047398372785703025,-0.08951303409904732,0.01
2.0300000000000002,-0.10739657523717556,-0.13213761277303823,0.04843306303462036,-0.08909223412254619,0.01
2.04,-0.10690708255554586,-0.13302640585318223,0.04946314695580689,-0.08866134910808032,0.01
2.05,-0.10640731229805944,-0.1339108397551998,0.050488532006488285,-0.08822041841988248,0.01
2.06,-0.1058973119154161,-0.13479081422157987,0.05150912593274981,-0.08776948238253546,0.01
2.07,-0.10537712977940444,-0.1356662294028505,0.052524836779658024,-0.0873085822773989,0.01
2.08,-0.10484681517982293,-0.13653698586712787,0.05353557290254862,-0.08683776033885682,0.01
2.09,-0.10430641832135347,-0.13740298460962766,0.05454124297497742,-0.08635705975056229,0.01
2.1,-0.10375599032032337,-0.1382641270621391,0.05554175599978706,-0.08586652464157218,0.01
2.11,-0.10319558320135774,-0.1391203151024591,0.05653702131763083,-0.08536620008241869,0.01
2.12,-0.10262524989397076,-0.13997145106378747,0.057526948618056295,-0.08485613208114273,0.01
2.13,-0.10204504422899663,-0.14081743774408195,0.05851144795090768,-0.084336367579251,0.01
2.14,-0.10145502093495261,-0.1416581784153725,0.05949042973180951,-0.08380695444752906,0.01
2.15,-0.10085523563436043,-0.14249357683303251,0.06046380475464197,-0.08326794148181182,0.01
2.16,-0.10024574483985978,-0.14332353724500876,0.06143148420182065,-0.0827193783987612,0.01
2.17,-0.09962660595032401,-0.14414796440100774,0.06239337965239411,-0.08216131583146691,0.01
2.18,-0.09899787724681189,-0.1449667635616381,0.06334940309136528,-0.08159380532501981,0.01
2.19,-0.09835961788849669,-0.14577984050750814,0.06429946692079636,-0.08101689933201772,0.01
2.2,-0.09771188790839595,-0.14658710154827845,0.06524348396877588,-0.08043065120793358,0.01
2.21,-0.09705474820912119,-0.14738845353166682,0.06618136749784398,-0.07983511520652531,0.01
2.22,-0.09638826055843908,-0.14818380385240895,0.0671130312157473,-0.07923034647504945,0.01
2.23,-0.09571248758480624,-0.14897306046116782,0.0680383892830978,-0.0786164010495014,0.01
2.24,-0.09502749277277711,-0.14975613187339898,0.06895735632499278,-0.07799333584971357,0.01
2.25,-0.0943333404583064,-0.1505329271781621,0.06986984743997215,-0.07736120867433005,0.01
2.2600000000000002,-0.09363009582397765,-0.15130335604688558,0.0707757782065137,-0.07672007819589322,0.01
2.27,-0.09291782489417612,-0.15206732874207998,0.0716750646944071,-0.0760700039557225,0.01
2.2800000000000002,-0.09219659453008949,-0.15282475612600005,0.07256762347494572,-0.07541104635860751,0.01
2.29,-0.0914664724246772,-0.15357554966925213,0.07345337162735532,-0.07474326666766107,0.01
2.3000000000000003,-0.0907275270975424,-0.15431962145935327,0.07433222674896278,-0.07406672699902206,0.01
2.31,-0.08997982788969795,-0.15505688420923258,0.07520410696473778,-0.07338149031638252,0.01
2.32,-0.08922344495824766,-0.15578725126568088,0.07606893093707612,-0.07268762042547738,0.01
2.33,-0.08845844927095643,-0.15651063661774214,0.07692661787131971,-0.07198518196859194,0.01
2.34,-0.08768491260082127,-0.15722695490505273,0.07777708752713863,-0.07127424041896013,0.01
2.35,-0.08690290752041366,-0.15793612142612135,0.07862026022800883,-0.07055486207500028,0.01
2.36,-0.0861125073962611,-0.15863805214655274,0.0794560568663929,-0.06982711405456854,0.01
2.37,-0.08531378638308579,-0.15933266370721272,0.0802843989165547,-0.06909106428907652,0.01
2.38,-0.08450681941793001,-0.1600198734323343,0.08110520844032898,-0.06834678151766038,0.01
2.39,-0.08369168221427918,-0.16069959933756595,0.0819184080969464,-0.06759433528107017,0.01
2.4,-0.08286845125599109,-0.1613717601379557,0.08272392115113814,-0.06683379591566485,0.01
2.41,-0.08203720379125642,-0.16203627525587924,0.08352167148041811,-0.06606523454730073,0.01
2.42,-0.08119801782638271,-0.16269306482890172,0.08431158358689217,-0.06528872308505917,0.01
2.43,-0.08035097211951858,-0.16334204971758043,0.08509358260119138,-0.06450433421493962,0.01
2.44,-0.07949614617435889,-0.16398315151320048,0.08586759429166957,-0.063712141393653,0.01
2.45,-0.0786336202336852,-0.16461629254545349,0.08663354507644128,-0.06291221884203146,0.01
2.46,-0.07776347527283006,-0.16524139589004114,0.08739136202718623,-0.06210464153853934,0.01
2.47,-0.07688579299314147,-0.16585838537622427,0.08814097287678635,-0.061289485212855155,0.01
2.48,-0.07600065581529433,-0.16646718559429827,0.08888230603152403,-0.0604668263390753,0.01
2.49,-0.07510814687251098,-0.16706772190300578,0.08961529057501982,-0.059636742129093534,0.01
2.5,-0.07420835000379393,-0.16765992043688016,0.09033985627814234,-0.058799310525744275,0.01
2.5100000000000002,-0.07330134974694813,-0.16824370811352068,0.0910559336069694,-0.05795461019601866,0.01
2.52,-0.07238723133165453,-0.16881901264080054,0.0917634537274199,-0.05710272052417764,0.01
2.5300000000000002,-0.07146608067239973,-0.16938576252400425,0.09246234851704616,-0.05624372160468738,0.01
2.54,-0.07053798436131362,-0.16994388707289426,0.09315255057026572,-0.05537769423515826,0.01
2.5500000000000003,-0.06960302966099442,-0.17049331640870743,0.09383399320425356,-0.05450471990933714,0.01
2.56,-0.06866130449722854,-0.171033981471081,0.09450661047037956,-0.05362488080984562,0.01
2.57,-0.06771289745158687,-0.1715658140249043,0.09517033715968681,-0.05273825980091118,0.01
2.58,-0.0667578977540348,-0.17208874666709922,0.09582510880895656,-0.05184494042105925,0.01
2.59,-0.06579639527540775,-0.17260271283332548,0.09647086170840513,-0.05094500687578396,0.01
2.6,-0.0648284805198667,-0.17310764680461488,0.09710753291111063,-0.050038544030035936,0.01
2.61,-0.06385424461718553,-0.1736034837139262,0.09773506023551715,-0.04912563740072251,0.01
2.62,-0.06287377931515635,-0.17409015955262933,0.09835338227652723,-0.04820637314916709,0.01
2.63,-0.06188717697165498,-0.17456761117690953,0.09896243841171826,-0.0472808380734655,0.01
2.64,-0.060894530546921975,-0.17503577631409867,0.09956216880542001,-0.046349119600691324,0.01
2.65,-0.05989593359554658,-0.17549459356892336,0.10015251441966555,-0.04541130577922203,0.01
2.66,-0.05889148025852866,-0.1759440024296831,0.10073341701610605,-0.044467485270971,0.01
2.67,-0.05788126525522446,-0.17638394327434276,0.10130481916626088,-0.04351774734329794,0.01
2.68,-0.056865383875203436,-0.17681435737654908,0.10186666425757851,-0.04256218186133687,0.01
2.69,-0.055843931970072896,-0.1772351869115695,0.10241889649836011,-0.04160087927974487,0.01
2.7,-0.05481700594523624,-0.17764637496214397,0.10296146092417846,-0.040633930634719206,0.01
2.71,-0.05378470275158933,-0.17804786552426388,0.10349430340585286,-0.03966142753591484,0.01
2.72,-0.05274711987711918,-0.17843960351286225,0.10401737065419292,-0.03868346215826968,0.01
2.73,-0.05170435533850546,-0.1788215347674293,0.10453061022541643,-0.037700127233730285,0.01
2.74,-0.05065650767261085,-0.17919360605753687,0.10503397052991792,-0.03671151604284972,0.01
2.75,-0.049603675927907105,-0.1795557650882863,0.10552740083499357,-0.03571772240666071,0.01
2.7600000000000002,-0.04854595965591098,-0.17990796050567007,0.10601085127311105,-0.03471884067813136,0.01
2.77,-0.04748345890244488,-0.18025014190184896,0.10648427284754236,-0.03371496573367594,0.01
2.7800000000000002,-0.04641627419896013,-0.18058225982034357,0.10694761743537207,-0.03270619296474386,0.01
2.79,-0.04534450655373744,-0.18090426576114385,0.10740083779468579,-0.031692618269207884,0.01
2.8000000000000003,-0.044268257443066415,-0.18121611218572775,0.10784388757333252,-0.03067433804265285,0.01
2.81,-0.04318762880227079,-0.18151775252199692,0.10827672131027155,-0.02965144916985274,0.01
2.82,-0.042102723016861035,-0.1818091411691248,0.10869929443834003,-0.02862404901595994,0.01
2.83,-0.041013642913503984,-0.1820902335023161,0.10911156329696436,-0.027592235417754907,0.01
2.84,-0.039920491750921744,-0.18236098587747987,0.10951348513393544,-0.02655610667485675,0.01
2.85,-0.038823373210825275,-0.18262135563581322,0.10990501810910502,-0.025515761540781057,0.01
2.86,-0.03772239138873964,-0.18287130110829553,0.11028612129994464,-0.024471299214065212,0.01
2.87,-0.03661765078482638,-0.18311078162009453,0.11065675470546688,-0.02342281932923207,0.01
2.88,-0.035509256294630295,-0.18333975749488016,0.11101687925412485,-0.022370421947954355,0.01
2.89,-0.03439731319974388,-0.18355819005905363,0.11136645680863677,-0.021314207549853137,0.01
2.9,-0.033281927158457555,-0.18376604164587723,0.11170545016638811,-0.02025427702336735,0.01
2.91,-0.03216320419641611,-0.18396327559952103,0.11203382306594234,-0.019190731656678395,0.01
2.92,-0.031041250697138704,-0.18414985627901082,0.11235154019370874,-0.01812367312851393,0.01
2.93,-0.029916173392541934,-0.18432574906209132,0.11265856718484613,-0.017053203498948122,0.01
2.94,-0.028788079353441777,-0.18449092034898978,0.11295487063002896,-0.01597942519998341,0.01
2.95,-0.02765707597994135,-0.18464533756609097,0.11324041808042362,-0.014902441026414692,0.01
2.96,-0.0265232709918333,-0.18478896916951812,0.1135151780478445,-0.013822354126386216,0.01
2.97,-0.02538677241898446,-0.1849217846486187,0.11377912001007506,-0.012739267991934256,0.01
2.98,-0.0242476885916318,-0.18504375452935679,0.11403221442085743,-0.011653286449693212,0.01
2.99,-0.02310612813056731,-0.18515485037761253,0.11427443270524607,-0.010564513651283747,0.01
3.0,-0.021962199937526874,-0.18525504480238247,0.11450574726307994,-0.009473054063908748,0.01
3.0100000000000002,-0.02081601318530571,-0.18534431145889071,0.11472613148274369,-0.008379012460775215,0.01
3.02,-0.019667677307871997,-0.18542262505159798,0.11493555973631298,-0.007282493911489496,0.01
3.0300000000000002,-0.018517301990579448,-0.18548996133712048,0.11513400738062618,-0.006183603772434765,0.01
3.04,-0.017364997160259472,-0.1855462971270467,0.11532145076960687,-0.005082447677192903,0.01
3.0500000000000003,-0.016210872975187307,-0.18559161029066434,0.1154978672519058,-0.003979131526840263,0.01
3.06,-0.015055039815221355,-0.18562587975758352,0.11566323517198296,-0.002873761480129744,0.01
3.0700000000000003,-0.013897608271747646,-0.18564908552026693,0.11581753387614102,-0.0017664439439109003,0.01
3.08,-0.012738689137698532,-0.1856612086364617,0.11596074371963716,-0.0006572855632587249,0.01
3.09,-0.011578393397354952,-0.18566223123153208,0.11609284606241888,0.0004536067883211814,0.01
3.1,-0.010416832216450152,-0.18565213650069531,0.1162138232724188,0.0015661260186892179,0.01
3.11,-0.009254116931906574,-0.18563090871115828,0.11632365873582229,0.002680164826978526,0.01
3.12,-0.008090359041733703,-0.18559853320415573,0.11642233685032627,0.0037956157133756108,0.01
3.13,-0.006925670194900046,-0.18555499639689077,0.11650984303009215,0.004912370989192283,0.01
3.14,-0.005760162181131859,-0.1855002857843719,0.11658616371377284,0.006030322786697795,0.01
3.15,-0.004593946920624588,-0.18543438994115682,0.11665128636172062,0.007149363069052228,0.01
3.16,-0.0034271364538974434,-0.18535729852299082,0.11670519945501198,0.008269383640369554,0.01
3.17,-0.0022598429315243457,-0.18526900226834941,0.11674789250544605,0.009390276155635036,0.01
3.18,-0.00109217860378852,-0.18516949299987812,0.11677935605410796,0.010511932130794932,0.01
3.19,7.574418955781577e-05,-0.1850587636257335,0.1167995816676687,0.011634242952769824,0.01
3.2,0.0012438130295648563,-0.1849368081408227,0.11680856194964812,0.012757099889585177,0.01
3.21,0.00241191542855078,-0.18480362162794178,0.11680629053665967,0.013880394100320714,0.01
3.22,0.0035799388402980516,-0.18465920025881627,0.11679276209789556,0.0150040166452996,0.01
3.23,0.004747770670508694,-0.1845035412950358,0.11676797234374661,0.016127858496190584,0.01
3.24,0.005915298287172986,-0.18433664308889244,0.11673191802310734,0.017251810546135005,0.01
3.25,0.007082409030970843,-0.18415850508411308,0.11668459692031125,0.018375763619973284,0.01
3.2600000000000002,0.008248990225579213,-0.18396912781649297,0.11662600786264415,0.019499608484210285,0.01
3.27,0.009414929188223727,-0.18376851291442886,0.11655615072231568,0.020623235857328837,0.01
3.2800000000000002,0.010580113240025528,-0.18355666309934643,0.11647502641070606,0.02174653641998958,0.01
3.29,0.01174442971643785,-0.1833335821860291,0.11638263688235806,0.022869400825195285,0.01
3.3000000000000003,0.012907765977672691,-0.18309927508284252,0.11627898513929746,0.023991719708439163,0.01
3.31,0.014070009419223803,-0.18285374779186034,0.11616407522662042,0.02511338369793137,0.01
3.3200000000000003,0.0152310474822051,-0.18259700740888388,0.1160379122352273,0.02623428342494627,0.01
3.33,0.01639076766392835,-0.1823290621233614,0.11590050230310167,0.027354309533919263,0.01
3.34,0.017549057528267083,-0.1820499212182055,0.1157518526155219,0.02847335269266793,0.01
3.35,0.01870580471623879,-0.18175959506950803,0.11559197140281119,0.02959130360277129,0.01
3.36,0.019860896956323308,-0.18145809514615005,0.11542086794231143,0.03070805300968793,0.01
3.37,0.02101422207508502,-0.18114543400931424,0.11523855255895654,0.03182349171300203,0.01
3.38,0.022165668007502443,-0.18082162531189,0.11504503662465271,0.03293751057677774,0.01
3.39,0.023315122807578078,-0.18048668379777869,0.11484033255800785,0.03405000053970575,0.01
3.4,0.0244624746586626,-0.1801406253010959,0.11462445382521391,0.03516085262540791,0.01
3.41,0.025607611884082362,-0.17978346674527054,0.11439741493671796,0.036269957952688614,0.01
3.42,0.026750422957396963,-0.1794152261420421,0.11415923144824736,0.03737720774576303,0.01
3.43,0.02789079651304731,-0.17903592259035525,0.11390991996503885,0.03848249334445697,0.01
3.44,0.029028621356697742,-0.17864557627515296,0.11364949813012015,0.039585706214561256,0.01
3.45,0.03016378647564971,-0.178244208466064,0.11337798463766013,0.04068673795804223,0.01
3.46,0.03129618104945094,-0.17783184151599213,0.11309539921757183,0.041785480323168755,0.01
3.47,0.032425694460001146,-0.1774084988596006,0.11280176264958297,0.04288182521482753,0.01
3.48,0.03355221630244261,-0.17697420501169558,0.11249709675345354,0.043975664704811734,0.01
3.49,0.034675636395070215,-0.17652898556550436,0.11218142437747369,0.04506689104191075,0.01
3.5,0.035795844789992086,-0.17607286719085735,0.1118547694185299,0.04615539666209578,0.01
3.5100000000000002,0.036912731783440816,-0.17560587763226246,0.11151715680743424,0.04724107419878543,0.01
3.52,0.03802618792614077,-0.17512804570688165,0.11116861251511878,0.04832381649310591,0.01
3.5300000000000002,0.039136104033743194,-0.17463940130240033,0.11080916354073578,0.049403516603875985,0.01
3.54,0.04024237119695549,-0.17413997537480416,0.11043883791446363,0.05048006781780323,0.01
3.5500000000000003,0.04134488079203247,-0.17362979994604427,0.11005766470885758,0.05155336365980645,0.01
3.56,0.042443524491132645,-0.17310890810160803,0.10966567401389593,0.0526232979029011,0.01
3.5700000000000003,0.043538194272310385,-0.17257733398798625,0.10926289694919245,0.053689764578457755,0.01
3.58,0.04462878243011649,-0.17203511281003886,0.10884936566085113,0.05475265798629003,0.01
3.59,0.045715181585527356,-0.17148228082826047,0.1084251133099503,0.05581187270458621,0.01
3.6,0.0467972846963155,-0.1709188753559471,0.10799017409032619,0.056867303600123265,0.01
3.61,0.04787498506733388,-0.170344934756258,0.10754458320710691,0.05791884583827489,0.01
3.62,0.04894817636045764,-0.1697604984391816,0.10708837687730144,0.05896639489299993,0.01
3.63,0.05001675260487991,-0.169165606858398,0.10662159234310664,0.0600098465568113,0.01
3.64,0.05108060820731977,-0.16856030150804535,0.10614426784609732,0.06104909695079819,0.01
3.65,0.05213963796180186,-0.167944624919382,0.1056564426321378,0.06208404253457722,0.01
3.66,0.05319373705996253,-0.16731862065735378,0.10515815695784081,0.0631145801160855,0.01
3.67,0.05424280110095868,-0.16668233331706026,0.10464945208459087,0.06414060686167211,0.01
3.68,0.05528672610165436,-0.16603580852012031,0.10413037026829253,0.06516202030585028,0.01
3.69,0.05632540850632453,-0.16537909291094324,0.1036009547628911,0.06617871836115441,0.01
3.7,0.057358745196912184,-0.16471223415289726,0.10306124981193543,0.067190599327974,0.01
3.71,0.05838663350256325,-0.16403528092438374,0.10251130064188141,0.06819756190436976,0.01
3.72,0.05940897120974981,-0.16334828291480988,0.10195115347569939,0.06919950519572104,0.01
3.73,0.060425656572077234,-0.16265129082046934,0.10138085551286968,0.07019632872454373,0.01
3.74,0.06143658832000721,-0.161944356340319,0.10080045492852774,0.0711879324401874,0.01
3.75,0.06244166567064778,-0.1612275321716656,0.10021000087763321,0.0721742167283832,0.01
3.7600000000000002,0.06344078833755988,-0.16050087200575133,0.09960954348297202,0.07315508242102364,0.01
3.77,0.06443385654030721,-0.15976443052324513,0.09899913383498449,0.07413043080565185,0.01
3.7800000000000002,0.06542077101425957,-0.15901826338963831,0.0983788239861525,0.07510016363501659,0.01
3.79,0.06640143302003026,-0.1582624272505448,0.09774866694087292,0.07606418313662378,0.01
3.8000000000000003,0.06737574435307703,-0.15749697972690585,0.09710871666517829,0.0770223920221742,0.01
3.81,0.06834360735333384,-0.1567219794101013,0.09645902808112572,0.07797469349707331,0.01
3.8200000000000003,0.06930492491469954,-0.15593748585696438,0.0957996570463866,0.07892099126974284,0.01
3.83,0.07025960049426157,-0.15514355958470644,0.095130660357031,0.07986118956103017,0.01
3.84,0.07120753812184012,-0.1543402620657438,0.09445209575129798,0.08079519311352268,0.01
3.85,0.07214864240928753,-0.15352765572243599,0.09376402190326161,0.08172290720085407,0.01
3.86,0.07308281855990535,-0.15270580392172672,0.09306649840722114,0.08264423763684992,0.01
3.87,0.07400997237743195,-0.15187477096969898,0.09235958577676584,0.08355909078472123,0.01
3.88,0.07493001027544068,-0.1510346221060323,0.09164334545156327,0.08446737356638678,0.01
3.89,0.07584283928646322,-0.15018542349837125,0.09091783977724299,0.08536899347131754,0.01
3.9,0.07674836707098553,-0.14932724223660596,0.09018313200913264,0.0862638585657578,0.01
3.91,0.07764650192664588,-0.1484601463270561,0.08943928630833975,0.08715187750169662,0.01
3.92,0.07853715279715233,-0.14758420468657202,0.08868636771930438,0.08803295952571588,0.01
3.93,0.07942022928103197,-0.14669948713654177,0.08792444218169271,0.08890701448804172,0.01
3.94,0.08029564164078619,-0.14580606439681118,0.0871535765320286,0.0897739528513366,0.01
3.95,0.08116330081167254,-0.14490400807951503,0.08637383847898938,0.09063368569944963,0.01
3.96,0.082023118410366,-0.1439933906828222,0.08558529660129999,0.09148612474622198,0.01
3.97,0.08287500674369855,-0.1430742855845906,0.08478802035048982,0.09233118234424875,0.01
3.98,0.08371887881737577,-0.1421467670359372,0.08398208003924879,0.09316877149342062,0.01
3.99,0.08455464834448351,-0.14121091015472217,0.08316754683803662,0.09399880584948228,0.01
4.0,0.08538222975413651,-0.14026679091894756,0.08234449276784073,0.09482119973266112,0.01
4.01,0.08620153819984028,-0.139314486160069,0.08151299068938478,0.09563586813609426,0.01
4.0200000000000005,0.08701248956792422,-0.13835407355622562,0.08067311430733426,0.0964427267343213,0.01
4.03,0.087815000485987,-0.13738563162538256,0.07982493816041725,0.09724169189154352,0.01
4.04,0.08860898833113252,-0.13640923971839478,0.0789685376056184,0.09803268066995141,0.01
4.05,0.08939437123809935,-0.13542497801198358,0.07810398882291825,0.0988156108380025,0.01
4.0600000000000005,0.09017106810759092,-0.13443292750163466,0.07723136880421322,0.09959040087859616,0.01
4.07,0.09093899861418366,-0.13343316999441163,0.07635075534620217,0.10035696999719157,0.01
4.08,0.09169808321451493,-0.13242578810169087,0.07546222704780448,0.10111523812980927,0.01
4.09,0.09244824315513972,-0.13141086523181547,0.07456586329302528,0.10186512595109498,0.01
4.1,0.0931894004803754,-0.13038848558266902,0.07366174425844019,0.102606554882259,0.01
4.11,0.09392147804030855,-0.12935873413417023,0.07274995090529046,0.10333944709888865,0.01
4.12,0.09464439949848125,-0.12832169664069124,0.07183056495673945,0.10406372553879084,0.01
4.13,0.0953580893394433,-0.12727745962339446,0.07090366889436694,0.10477931390971396,0.01
4.14,0.09606247287636856,-0.126226110362497,0.06996934596647897,0.10548613669696216,0.01
4.15,0.09675747625877289,-0.12516773688945515,0.06902768017950489,0.10618411917113679,0.01
4.16,0.09744302647995871,-0.12410242797907424,0.06807875627065219,0.10687318739553575,0.01
4.17,0.0981190513841859,-0.12303027314154448,0.06712265971283671,0.10755326823369149,0.01
4.18,0.09878547967421542,-0.12195136261440045,0.0661594767028495,0.10822428935665496,0.01
4.19,0.0994422409182429,-0.12086578735441132,0.0651892941691159,0.1088861792504412,0.01
4.2,0.10008926555759777,-0.1197736390293916,0.06421219975329162,0.10953886722328399,0.01
4.21,0.10072648491330871,-0.1186750100099457,0.06322828178983908,0.11018228341271641,0.01
4.22,0.10135383119339453,-0.11756999336113733,0.06223762931240184,0.11081635879272245,0.01
4.23,0.10197123749955675,-0.11645868283409118,0.06124033206010093,0.11144102518079979,0.01
4.24,0.1025786378345966,-0.11534117285752131,0.06023648044132823,0.11205621524486187,0.01
4.25,0.10317596710838328,-0.11421755852919398,0.05922616552857107,0.11266186251020205,0.01
4.26,0.103763161145168,-0.11308793560731732,0.05820947907888119,0.1132579013661772,0.01
4.2700000000000005,0.10434015668996091,-0.11195240050187037,0.05718651348838666,0.11384426707301998,0.01
4.28,0.10490689141493575,-0.1108110502658569,0.05615736181831554,0.1144208957685775,0.01
4.29,0.10546330392632719,-0.10966398258649887,0.055122117763272804,0.11498772447467065,0.01
4.3,0.10600933377020119,-0.10851129577636352,0.054080875646607574,0.11554469110373056,0.01
4.3100000000000005,0.10654492143925935,-0.10735308876442419,0.053033730423910797,0.11609173446524679,0.01
4.32,0.10707000837867943,-0.10618946108705855,0.05198077765536269,0.11662879427202544,0.01
4.33,0.10758453699236659,-0.10502051287898373,0.05092211352118081,0.11715581114645168,0.01
4.34,0.10808845064910302,-0.10384634486412957,0.04985783478955419,0.11767272662667061,0.01
4.3500000000000005,0.10858169368815768,-0.10266705834645025,0.04878803882181337,0.11817948317276272,0.01
4.36,0.10906421142553932,-0.10148275520067426,0.04771282357102802,0.11867602417266543,0.01
4.37,0.1095359501595782,-0.100293537862997,0.04663228754062754,0.11916229394809097,0.01
4.38,0.10999685717635185,-0.09909950932171249,0.0455465298094877,0.11963823776040972,0.01
4.39,0.11044688075576795,-0.09790077310778884,0.044455650019991744,0.1201038018164251,0.01
4.4,0.1108859701767517,-0.09669743328538391,0.04335974834804013,0.12055893327408107,0.01
4.41,0.11131407572272879,-0.09548959444230717,0.0422589255014687,0.12100358024789237,0.01
4.42,0.11173114868678105,-0.09427736168042612,0.04115328273648089,0.12143769181464581,0.01
4.43,0.11213714137745841,-0.0930608406060143,0.04004292180980329,0.1218612180186911,0.01
4.44,0.11253200712297713,-0.09184013732005222,0.038927944976021145,0.12227410987727172,0.01
4.45,0.11291570027697886,-0.09061535840846882,0.03780845501930319,0.12267631938585932,0.01
4.46,0.11328817622336318,-0.08938661093233509,0.03668455520544178,0.12306779952321456,0.01
4.47,0.11364939138108768,-0.08815400241800458,0.03555634927075779,0.12344850425651988,0.01
4.48,0.11399930320877834,-0.08691764084720462,0.034423941432145,0.12381838854634264,0.01
4.49,0.1143378702097306,-0.08567763464707769,0.03328743636373499,0.12417740835143132,0.01
4.5,0.11466505193605303,-0.08443409268017606,0.03214693919670708,0.12452552063364575,0.01
4.51,0.11498080899366472,-0.08318712423440483,0.03100255550317943,0.1248626833625579,0.01
4.5200000000000005,0.11528510304611661,-0.08193683901292483,0.02985439128003886,0.1251888555200633,0.01
4.53,0.11557789681926553,-0.08068334712400352,0.02870255296392532,0.12550399710501026,0.01
4.54,0.1158591541053951,-0.07942675907082467,0.027547147411582706,0.12580806913752784,0.01
4.55,0.11612883976749717,-0.07816718574125302,0.026388281862398166,0.1261010336633701,0.01
4.5600000000000005,0.11638691974264306,-0.0769047383975572,0.025226063960890777,0.1263828537582241,0.01
4.57,0.11663336104671503,-0.07563952866608849,0.02406060174132474,0.12665349353176758,0.01
4.58,0.11686813177746956,-0.0743716685269219,0.02289200359867216,0.1269129181317563,0.01
4.59,0.11709120111868845,-0.07310127030345341,0.021720378305444932,0.12716109374797657,0.01
4.6000000000000005,0.11730253934357845,-0.0718284466519623,0.02054583498825302,0.12739798761614418,0.01
4.61,0.11750211781845354,-0.07055331055113048,0.019368483120955737,0.1276235680216482,0.01
4.62,0.11768990900599756,-0.06927597529152939,0.018188432504398833,0.1278378043031787,0.01
4.63,0.11786588646854151,-0.06799655446506696,0.01700579327140428,0.1280406668563958,0.01
4.64,0.11803002487142565,-0.06671516195440153,0.01582067587407554,0.1282321271373279,0.01
4.65,0.11818229998602302,-0.06543191192232033,0.014633191045791527,0.12841215766573777,0.01
4.66,0.11832268869234151,-0.06414691880108672,0.013443449838365318,0.12858073202848708,0.01
4.67,0.11845116898279033,-0.06286029728175063,0.012251563594648296,0.12873782488264718,0.01
4.68,0.11856771996423446,-0.06157216230343383,0.011057643900724834,0.1288834119586011,0.01
4.69,0.11867232186080481,-0.06028262904257854,0.009861802625270144,0.12901747006307174,0.01
4.7,0.11876495601673989,-0.05899181290217235,0.008664151892495475,0.12913997708191305,0.01
4.71,0.11884560489865471,-0.05769982950094034,0.007464804075002718,0.1292509119830476,0.01
4.72,0.11891425209823996,-0.05640679466251145,0.00626387176755383,0.1293502548190273,0.01
4.73,0.11897088233400578,-0.055112824404559724,0.0050614677673550545,0.12943798672961426,0.01
4.74,0.11901548145358708,-0.05381803492791911,0.0038577051251822425,0.12951408994435942,0.01
4.75,0.11904803643650942,-0.05252254260567259,0.0026526970766695968,0.12957854778493427,0.01
4.76,0.11906853539512047,-0.05122646397222048,0.001446557021582251,0.12963134466737936,0.01
4.7700000000000005,0.11907696757694104,-0.049929915712324933,0.0002393985805024812,0.12967246610438066,0.01
4.78,0.11907332336673054,-0.04863301465013282,-0.0009686644718085446,0.1297018987072751,0.01
4.79,0.11905759428750488,-0.04733587773817949,-0.002177518214650398,0.12971963018804678,0.01
4.8,0.11902977300243753,-0.04603862204637194,-0.003387048560437478,0.12972564936120978,0.01
4.8100000000000005,0.11898985331629612,-0.04474136475095522,-0.004597141292578932,0.12971994614559357,0.01
4.82,0.11893783017658596,-0.04344422312346002,-0.005807682058075692,0.1297025115660455,0.01
4.83,0.11887369967513461,-0.04214731451963437,-0.007018556401193088,0.12967333775488665,0.01
4.84,0.11879745904856209,-0.04085075636836234,-0.008229649757068636,0.12963241795348734,0.01
4.8500000000000005,0.11870910667999322,-0.03955466616056455,-0.009440847451894108,0.12957974651361037,0.01
4.86,0.11860864209952422,-0.038259161438090085,-0.010652034744939698,0.12951531889860468,0.01
4.87,0.11849606598509445,-0.036964359782592514,-0.011863096817656071,0.1294391316846062,0.01
4.88,0.11837138016317111,-0.035670378804398016,-0.01307391878537345,0.12935118256159428,0.01
4.89,0.11823458760938697,-0.03437733613136068,-0.014284385694001145,0.12925147033440232,0.01
4.9,0.11808569244929107,-0.03308534939770991,-0.0154943825738032,0.1291399949234242,0.01
4.91,0.11792469995791094,-0.03179453623289214,-0.016703794422610052,0.12901675736543194,0.01
4.92,0.11775161656083888,-0.03050501425040132,-0.017912506201942513,0.12888175981418182,0.01
4.93,0.11756644983387209,-0.02921690103660856,-0.01912040287550898,0.12873500554097284,0.01
4.94,0.11736920850332867,-0.0279303141395818,-0.02032736940476365,0.12857649893508594,0.01
4.95,0.11715990244577683,-0.026645371057906788,-0.021533290771188263,0.1284062455040158,0.01
4.96,0.1169385426879049,-0.025362189229501536,-0.02273805197290102,0.12822425187375708,0.01
4.97,0.11670514140631882,-0.0240808860204317,-0.023941538036027055,0.12803052578890606,0.01
4.98,0.11645971192718432,-0.02280157871372335,-0.02514363404481479,0.1278250761126427,0.01
4.99,0.11620226872542253,-0.02152438449817879,-0.02634422513089074,0.12760791282665895,0.01
5.0,0.11593282742456652,-0.020249420457190224,-0.027543196491836675,0.12737904703090064,0.01
5.01,0.11565140479558582,-0.01897680355756083,-0.028740433411948096,0.1271384909433042,0.01
5.0200000000000005,0.11535801875632752,-0.01770665063832408,-0.029935821252808914,0.12688625789939212,0.01
5.03,0.11505268837052965,-0.016439078399572933,-0.031129245482195422,0.12662236235164237,0.01
5.04,0.11473543384668364,-0.015174203391291283,-0.03232059168248469,0.1263468198689629,0.01
5.05,0.11440627653687997,-0.01391214200219373,-0.033509745537797286,0.12605964713597373,0.01
5.0600000000000005,0.11406523893592767,-0.01265301044857175,-0.034696592880928634,0.12576086195205705,0.01
5.07,0.1137123446792614,-0.011396924763152532,-0.03588101969916124,0.12545048323048624,0.01
5.08,0.11334761854194444,-0.01014400078396208,-0.03706291209594248,0.12512853099742666,0.01
5.09,0.11297108643734258,-0.008894354143204051,-0.0382421563635198,0.12479502639057938,0.01
5.1000000000000005,0.112582775414674,-0.007648100256150432,-0.03941863898007991,0.12444999165814735,0.01
5.11,0.11218271365774098,-0.006405354310041048,-0.04059224658417637,0.12409345015738499,0.01
5.12,0.11177093048299049,-0.005166231253002786,-0.041762866019652733,0.12372542635306646,0.01
5.13,0.11134745633734794,-0.003930845782979772,-0.04293038436393992,0.12334594581589797,0.01
5.14,0.11091232279571171,-0.0026993123366848785,-0.044094688863889786,0.12295503522100282,0.01
5.15,0.1104655625600701,-0.0014717450785596583,-0.04525566700912531,0.12255272234598541,0.01
5.16,0.11000720945552922,-0.0002482578897651136,-0.046413206591591205,0.12213903606893439,0.01
5.17,0.10953729842823831,0.0009710356428189776,-0.047567195579023114,0.1217140063666908,0.01
5.18,0.10905586554394879,0.0021860222375686507,-0.048717522203368446,0.12127766431254157,0.01
5.19,0.1085629479841709,0.0033965889290698643,-0.049864075020471965,0.1208300420740932,0.01
5.2,0.10805858404353935,0.004602623079050572,-0.05100674280992745,0.12037117291103627,0.01
5.21,0.10754281312797238,0.005804012387290539,-0.052145414680027535,0.11990109117249068,0.01
5.22,0.10701567574993882,0.007000644902500334,-0.05327998005282364,0.1194198322946845,0.01
5.23,0.10647721352691587,0.008192409033184283,-0.05441032864563233,0.11892743279820744,0.01
5.24,0.10592746917702617,0.00937919355846454,-0.055536350499197695,0.11842393028538034,0.01
5.25,0.10536648651693194,0.01056088763889184,-0.05665793598524793,0.11790936343740438,0.01
5.26,0.10479431045732122,0.011737380827212577,-0.05777497582734625,0.11738377201140193,0.01
5.2700000000000005,0.10421098700038497,0.01290856307911993,-0.058887361106548575,0.11684719683740263,0.01
5.28,0.10361656323519024,0.014074324763960686,-0.059994983311262295,0.1162996798149527,0.01
5.29,0.10301108733415976,0.015234556675418936,-0.06109773423584297,0.11574126391034267,0.01
5.3,0.1023946085504734,0.01638915004216749,-0.06219550608539848,0.11517199315291327,0.01
5.3100000000000005,0.10176717721245174,0.017537996538477253,-0.06328819151124954,0.11459191263160973,0.01
5.32,0.1011288447202484,0.01868098829479974,-0.06437568351929102,0.11400106849158165,0.01
5.33,0.10047966354206594,0.019818017908308838,-0.0654578755415205,0.11339950793044018,0.01
5.34,0.09981968720941801,0.020948978453408495,-0.06653466146959897,0.11278727919450904,0.01
5.3500000000000005,0.09914897031267392,0.02207376349219907,-0.06760593562367401,0.11216443157487488,0.01
5.36,0.09846756849694452,0.02319226708490605,-0.06867159274731272,0.11153101540361154,0.01
5.37,0.0977755384577277,0.02430438380027125,-0.06973152806421457,0.11088708204964814,0.01
5.38,0.09707293793566027,0.025410008725898967,-0.07078563728402276,0.11023268391450625,0.01
5.39,0.09635982571204728,0.02650903747856133,-0.07183381657342025,0.10956787442810767,0.01
5.4,0.09563626160419182,0.02760136621446117,-0.07287596258676476,0.10889270804450124,0.01
5.41,0.09490230646031196,0.028686891639451408,-0.073911972505881,0.10820724023728334,0.01
5.42,0.09415802215407422,0.02976551101920679,-0.0749417440254696,0.10751152749497472,0.01
5.43,0.0934034715798026,0.03083712218935086,-0.07596517533075531,0.10680562731649657,0.01
5.44,0.09263871864745908,0.03190162356553677,-0.07698216514486322,0.1060895982063963,0.01
5.45,0.0918638282769053,0.03295891415347884,-0.07799261273641189,0.10536349967003367,0.01
5.46,0.09107886639273087,0.034008893558937395,-0.07899641791389733,0.10462739220854678,0.01
5.47,0.09028389991862737,0.03505146199764973,-0.07999348108305071,0.10388133731370397,0.01
5.48,0.08947899677106981,0.03608652030521151,-0.08098370321889625,0.10312539746291316,0.01
5.49,0.08866422585424942,0.03711396994690805,-0.0819669858131915,0.10235963611399379,0.01
5.5,0.08783965705480601,0.03813371302749135,-0.08294323099961254,0.10158411769965059,0.01
5.51,0.0870053612342572,0.039145652300901015,-0.08391234149463589,0.10079890762237498,0.01
5.5200000000000005,0.08616141022491323,0.040149691179938884,-0.08487422063212424,0.10000407224850849,0.01
5.53,0.0853078768216147,0.04114573374587124,-0.08582877236972575,0.09919967890288861,0.01
5.54,0.08444483477751874,0.04213368475799662,-0.0867759012761713,0.09838579586307494,0.01
5.55,0.0835723587960913,0.04311344966313269,-0.08771551256687093,0.09756249235340819,0.01
5.5600000000000005,0.08269052452618125,0.044084934605064824,-0.08864751210098198,0.09672983853931338,0.01
5.57,0.08179940855407163,0.04504804643391901,-0.08957180639235762,0.09588790552118098,0.01
5.58,0.08089908839833414,0.046002692715488396,-0.09048830262097729,0.09503676532826821,0.01
5.59,0.07998964250165211,0.046948781740484336,-0.09139690864433847,0.09417649091258973,0.01
5.6000000000000005,0.0790711502254473,0.047886222533740225,-0.09229753300469712,0.09330715614254537,0.01
5.61,0.07814369184155813,0.0488149248633353,-0.09319008493586933,0.09242883579656214,0.01
5.62,0.07720734852672996,0.049734799249671426,-0.09407447437009209,0.09154160555671842,0.01
5.63,0.07626220235415633,0.05064575697446963,-0.09495061194818932,0.09064554200224784,0.01
5.64,0.07530833628776622,0.05154771008971635,-0.0958184090302594,0.08974072260270782,0.01
5.65,0.07434583417355109,0.052440571426523815,-0.09667777771967145,0.08882722571134716,0.01
5.66,0.07337478073337275,0.05332425460394335,-0.09752863082552476,0.08790513055851124,0.01
5.67,0.07239526155704064,0.054198674037694,-0.09837088194560417,0.08697451724430438,0.01
5.68,0.0714073630944607,0.0550637449488294,-0.09920444538503492,0.0860354667321035,0.01
5.69,0.07041117264933988,0.05591938337233611,-0.10002923624680227,0.0850880608410951,0.01
5.7,0.06940677836952462,0.05676550616565135,-0.10084517040929653,0.08413238223922104,0.01
5.71,0.068394269241154,0.0576020310171205,-0.1016521645067967,0.0831685144360792,0.01
5.72,0.06737373507938874,0.05842887645437289,-0.10245013596831365,0.08219654177547087,0.01
5.73,0.06634526652178767,0.05924596185262994,-0.10323900302294531,0.08121654942797196,0.01
5.74,0.06530895501892979,0.060053207442932376,-0.10401868472449083,0.08022862338351233,0.01
5.75,0.0642648928272979,0.06085053432030016,-0.10478910088552418,0.07923285044388884,0.01
5.76,0.06321317300121936,0.06163786445181012,-0.10555017218602458,0.07822931821488321,0.01
5.7700000000000005,0.062153889383577354,0.06241512068459785,-0.10630182013735867,0.07721811509874321,0.01
5.78,0.06108713659847214,0.06318222675378503,-0.10704396706963193,0.0761993302862014,0.01
5.79,0.06001301004218476,0.06393910729032184,-0.10777653617066507,0.07517305374862415,0.01
5.8,0.05893160587505889,0.06468568782875748,-0.10849945145388373,0.07413937623010192,0.01
5.8100000000000005,0.05784302101310703,0.0654218948149239,-0.10921263782083557,0.07309838923937084,0.01
5.82,0.056747353118642145,0.06614765561354494,-0.10991602105680398,0.07205018504166638,0.01
5.83,0.055644700591971005,0.0668628985157572,-0.11060952778205158,0.07099485665040461,0.01
5.84,0.05453516256300116,0.067567552746553,-0.11129308551589556,0.06993249781908784,0.01
5.8500000000000005,0.05341883888165303,0.06826154847213899,-0.11196662267677437,0.06886320303292903,0.01
5.86,0.05229583010946562,0.06894481680721162,-0.112630068567519,0.06778706750029251,0.01
5.87,0.0511662375103027,0.06961728982214481,-0.11328335341303619,0.06670418714423709,0.01
5.88,0.050030163041204945,0.07027890055009633,-0.11392640834389978,0.06561465859396343,0.01
5.89,0.048887709343424755,0.07092958299402405,-0.11455916541465516,0.0645185791761187,0.01
5.9,0.04773897973291178,0.07156927213361873,-0.11518155759599802,0.06341604690611335,0.01
5.91,0.046584078191504744,0.07219790393214635,-0.11579351880030808,0.062307160479275314,0.01
5.92,0.04542310935690567,0.07281541534320421,-0.11639498387863467,0.06119201926207607,0.01
5.93,0.0442561785139321,0.07342174431738785,-0.11698588862159376,0.0600707232830735,0.01
5.94,0.04308339158447373,0.0740168298088657,-0.1175661698029975,0.05894337322397325,0.01
5.95,0.0419048551178721,0.07460061178186735,-0.11813576511626067,0.05781007041060038,0.01
5.96,0.04072067628214857,0.07517303121707769,-0.1186946132456741,0.05667091680362413,0.01
5.97,0.03953096285295867,0.0757340301179398,-0.11924265384939647,0.055526014989593975,0.01
5.98,0.03833582320516058,0.07628355151686958,-0.11977982757166283,0.0543754681713744,0.01
5.99,0.03713536630152536,0.07682153948136733,-0.12030607603418386,0.053219380158917584,0.01
6.0,0.035929701684476956,0.0773479391200479,-0.12082134182831439,0.05205785536005658,0.01
6.01,0.034718939464959124,0.07786269658856844,-0.12132556859110188,0.050890998770730445,0.01
6.0200000000000005,0.033503190312654856,0.07836575909546253,-0.12181870094019298,0.04971891596567524,0.01
6.03,0.032282565446155216,0.07885707490788198,-0.12230068447820353,0.048541713088932514,0.01
6.04,0.031057176623090838,0.07933659335724116,-0.12277146586536336,0.047359496843839555,0.01
6.05,0.029827136128848002,0.07980426484475875,-0.12323099279047156,0.04617237448360312,0.01
6.0600000000000005,0.028592556767281348,0.08026004084691322,-0.1236792139121825,0.04498045380152016,0.01
6.07,0.027353551850604303,0.08070387392078919,-0.12411607897288679,0.04378384312100625,0.01
6.08,0.026110235187823665,0.08113571770933332,-0.12454153874581242,0.042582651286058315,0.01
6.09,0.024862721075688106,0.08155552694651033,-0.12495554502726569,0.041376987650889596,0.01
6.1000000000000005,0.02361112428727829,0.08196325746235111,-0.12535805067167605,0.040166962070260936,0.01
6.11,0.022355560062254528,0.08235886618791559,-0.12574900962002244,0.038952684889198785,0.01
6.12,0.021096144094877894,0.08274231116013507,-0.12612837683998934,0.03773426693307602,0.01
6.13,0.019832992525454795,0.0831135515265771,-0.12649610835541902,0.036511819497503595,0.01
6.140000000000001,0.018566221927769456,0.08347254755008515,-0.12685216126777643,0.035285454337993016,0.01
6.15,0.01729594930009921,0.083819260613337,-0.1271964937590082,0.034055283659792934,0.01
6.16,0.016022292052589347,0.084153653223281,-0.12752906513351692,0.032821420107414845,0.01
6.17,0.014745367997428928,0.08447568901548527,-0.12784983570707553,0.031583976754606446,0.01
6.18,0.01346529533844789,0.0847853327583731,-0.12815876689653227,0.030343067093601128,0.01
6.19,0.012182192659498221,0.08508255035735729,-0.12845582122625432,0.02909880502517659,0.01
6.2,0.010896178913922746,0.08536730885887667,-0.12874096232408783,0.02785130484766185,0.01
6.21,0.00960737341301652,0.08563957645431051,-0.12901415493015317,0.026600681246405244,0.01
6.22,0.008315895815319737,0.08589932248380476,-0.12927536484442836,0.02534704928384457,0.01
6.23,0.00702186611612789,0.08614651743998741,-0.12952455905003957,0.024090524388054035,0.01
6.24,0.005725404634318886,0.08638113297156585,-0.12976170553696287,0.022831222342635016,0.01
6.25,0.0044266320053886875,0.08660314188684011,-0.12998677342365494,0.021569259276048136,0.01
6.26,0.0031256691658458425,0.08681251815708681,-0.13019973311140115,0.02030475165045953,0.01
6.2700000000000005,0.0018226373431606037,0.08700923691984928,-0.1304005559832559,0.01903781625114931,0.01
6.28,0.0005176580461806644,0.08719327448210981,-0.13058921452657046,0.017768570175708653,0.01
6.29,-0.0007891469473707501,0.08736460832336346,-0.13076568241039765,0.016497130823522888,0.01
6.3,-0.002097655602027233,0.08752321709858027,-0.13092993445977258,0.015223615884360164,0.01
6.3100000000000005,-0.003407745636566262,0.08766908064105065,-0.13108194662050923,0.013948143327604967,0.01
6.32,-0.004719294534437478,0.0878021799651324,-0.13122169592055238,0.01267083139151648,0.01
6.33,-0.006032179554977254,0.08792249726888098,-0.13134916061180701,0.011391798571987799,0.01
6.34,-0.007346277746673563,0.08803001593657216,-0.13146432007697872,0.010111163611718155,0.01
6.3500000000000005,-0.008661465956516888,0.08812472054111534,-0.13156715477505243,0.008829045488973897,0.01
6.36,-0.009977620842174673,0.08820659684635165,-0.13165764637591698,0.007545563406716305,0.01
6.37,-0.01129461888403517,0.08827563180924965,-0.13173577775157774,0.0062608367813474786,0.01
6.38,-0.01261233639720617,0.0883318135819786,-0.1318015328509421,0.004974985231447349,0.01
6.390000000000001,-0.013930649541054071,0.08837513151387859,-0.13185489678849704,0.003688128566778026,0.01
6.4,-0.015249434332976174,0.0884055761533142,-0.13189585588290476,0.002400386777228647,0.01
6.41,-0.01656856665871211,0.08842313924942316,-0.1319243975374189,0.0011118800215381697,0.01
6.42,-0.017887922283724496,0.08842781375374496,-0.1319405104060064,-0.00017727138429535216,0.01
6.43,-0.01920737686683218,0.08841959382173724,-0.1319441842691279,-0.0014669469778203492,0.01
6.44,-0.020526805969107113,0.08839847481418855,-0.1319354100729795,-0.002757026161655851,0.01
6.45,-0.021846085068291835,0.08836445329850413,-0.1319141799446497,-0.004047388214693193,0.01
6.46,-0.023165089568000053,0.08831752704989469,-0.1318804871708963,-0.005337912303565062,0.01
6.47,-0.024483694811709703,0.08825769505243283,-0.13183432624710867,-0.006628477493861418,0.01
6.48,-0.025801776092942288,0.08818495750001744,-0.13177569280980928,-0.007918962761507942,0.01
6.49,-0.027119208667905955,0.0880993157972027,-0.13170458366006477,-0.009209247004256405,0.01
6.5,-0.028435867766143527,0.08800077255993231,-0.1316209967566011,-0.010499209052666991,0.01
6.51,-0.02975162860303792,0.08788933161614938,-0.13152493131731147,-0.011788727682009892,0.01
6.5200000000000005,-0.031066366392489816,0.0877649980062921,-0.1314163876887855,-0.013077681623517634,0.01
6.53,-0.0323799563568137,0.08762777798367906,-0.13129536737369651,-0.014365949575707582,0.01
6.54,-0.03369227373996369,0.08747767901477796,-0.13116187308027571,-0.015653410215849206,0.01
6.55,-0.035003193818419154,0.08731470977936208,-0.1310159087002858,-0.0169399422115033,0.01
6.5600000000000005,-0.03631259191396946,0.08713888017054788,-0.1308574793290882,-0.01822542423195017,0.01
6.57,-0.037620343405000985,0.08695020129472307,-0.13068659118039072,-0.01950973495951125,0.01
6.58,-0.03892632373757722,0.08674868547135767,-0.13050325168369725,-0.020792753101285477,0.01
6.59,-0.040230408438674876,0.08653434623269737,-0.13030746944675053,-0.02207435740031105,0.01
6.6000000000000005,-0.04153247312651229,0.08630719832335143,-0.13009925428508273,-0.023354426647337334,0.01
6.61,-0.0428323935243766,0.08606725769975061,-0.12987861718784233,-0.024632839692319664,0.01
6.62,-0.04413004547026908,0.08581454152950505,-0.12964557024240841,-0.02590947545547717,0.01
6.63,-0.04542530492922471,0.08554906819064108,-0.12940012680246982,-0.02718421293916151,0.01
6.640000000000001,-0.04671804800631852,0.0852708572707218,-0.12914230143888483,-0.02845693123936499,0.01
6.65,-0.04800815095800247,0.08497992956585378,-0.12887210981670671,-0.029727509557139875,0.01
6.66,-0.0492954902026526,0.08467630707957902,-0.12858956876927197,-0.030995827209855165,0.01
6.67,-0.05057994233338785,0.08436001302165669,-0.12829469636993407,-0.032261763642898345,0.01
6.68,-0.05186138413005123,0.08403107180672105,-0.12798751186098745,-0.0335251984412368,0.01
6.69,-0.053139692570607654,0.08368950905283191,-0.1276680356536155,-0.03478601134085224,0.01
6.7,-0.05441474484312361,0.083335351579904,-0.12733628931978247,-0.036044082239992115,0.01
6.71,-0.05568641835700325,0.0829686274080321,-0.12699229561081005,-0.037299291210828756,0.01
6.72,-0.056954590755339755,0.08258936575568744,-0.12663607845207903,-0.0385515185108245,0.01
6.73,-0.058219139926044876,0.08219759703781558,-0.12626766291690839,-0.03980064459412436,0.01
6.74,-0.05947994401367798,0.08179335286380496,-0.12588707527206555,-0.041046550123135184,0.01
6.75,-0.06073688143148613,0.0813766660353529,-0.1254943429881239,-0.042289115979782466,0.01
6.76,-0.061989830873440406,0.08094757054420933,-0.12508949464228047,-0.04352822327704686,0.01
6.7700000000000005,-0.06323867132433178,0.08050610156981194,-0.12467255998215476,-0.044763753370390624,0.01
6.78,-0.06448328207308357,0.0800522954768015,-0.12424356996212405,-0.04599558786891267,0.01
6.79,-0.06572354272357421,0.0795861898124337,-0.12380255667462192,-0.047223608646933535,0.01
6.8,-0.06695933320657596,0.07910782330386285,-0.1233495533692186,-0.04844769785533698,0.01
6.8100000000000005,-0.06819053379095863,0.07861723585532693,-0.12288459438638899,-0.04966773793252832,0.01
6.82,-0.06941702509430381,0.07811446854521227,-0.12240771529562489,-0.050883611616178825,0.01
6.83,-0.07063868809687107,0.07759956362300337,-0.12191895286146082,-0.05209520195432704,0.01
6.84,-0.07185540415153298,0.07707256450612575,-0.12141834487188596,-0.05330239231670353,0.01
6.8500000000000005,-0.07306705499430884,0.07653351577666927,-0.12090593030971197,-0.05450506640587571,0.01
6.86,-0.07427352275772728,0.07598246317800822,-0.12038174936220392,-0.05570310826844427,0.01
6.87,-0.07547468998155286,0.07541945361130041,-0.11984584328314529,-0.0568964023063776,0.01
6.88,-0.07667043962339014,0.07484453513188069,-0.11929825445179132,-0.0580848332880981,0.01
6.890000000000001,-0.07786065507058874,0.0742577569455384,-0.11873902644882861,-0.059268286359515976,0.01
6.9,-0.07904522015236677,0.07365916940469035,-0.11816820393425331,-0.060446647055244274,0.01
6.91,-0.08022401914927377,0.07304882400443355,-0.11758583274310341,-0.06161980131006706,0.01
6.92,-0.08139693680722879,0.07242677337848903,-0.11699195975558307,-0.06278763546924182,0.01
6.93,-0.08256385834438537,0.07179307129504874,-0.1163866329619756,-0.0639500362996972,0.01
6.94,-0.08372466946646834,0.07114777265249504,-0.11576990161216116,-0.06510689100145228,0.01
6.95,-0.08487925637662866,0.07049093347501967,-0.11514181594390749,-0.0662580872184404,0.01
6.96,-0.08602750578534644,0.06982261090812626,-0.11450242727865056,-0.06740351304913172,0.01
6.97,-0.08716930492220162,0.06914286321403706,-0.11385178812776608,-0.06854305705752939,0.01
6.98,-0.08830454154790181,0.06845174976697563,-0.11318995207776528,-0.06967660828423705,0.01
6.99,-0.08943310396375699,0.0677493310483523,-0.11251697378919356,-0.07080405625698738,0.01
7.0,-0.09055488102368563,0.06703566864183591,-0.11183290899168608,-0.0719252910015582,0.01
7.01,-0.09166976214359066,0.06631082522832117,-0.11113781452426963,-0.07304020305250036,0.01
7.0200000000000005,-0.09277763731417105,0.06557486458078586,-0.11043174838330838,-0.07414868346384562,0.01
7.03,-0.0938783971112569,0.06482785155904423,-0.10971476949338044,-0.07525062381962577,0.01
7.04,-0.0949719327040386,0.06406985210439338,-0.10898693792543046,-0.07634591624469778,0.01
7.05,-0.09605813586976546,0.06330093323415031,-0.10824831488320186,-0.07743445341501376,0.01
7.0600000000000005,-0.09713689900170266,0.06252116303609306,-0.10749896253472357,-0.0785161285685767,0.01
7.07,-0.09820811512045999,0.061730610662778754,-0.10673894406841988,-0.07959083551529078,0.01
7.08,-0.09927167788307102,0.06092934632578728,-0.10596832383931609,-0.08065846864778115,0.01
7.09,-0.10032748159724628,0.06011744128982316,-0.1051871672571183,-0.08171892295211292,0.01
7.1000000000000005,-0.10137542122821343,0.05929496786674498,-0.10439554063995793,-0.08277209401739105,0.01
7.11,-0.1024153924100455,0.05846199940947531,-0.10359351138101758,-0.0838178780462635,0.01
7.12,-0.10344729145583373,0.057618610305819745,-0.10278114798668359,-0.08485617186540706,0.01
7.13,-0.10447101536977914,0.0567648759721672,-0.10195851996348537,-0.08588687293571029,0.01
7.140000000000001,-0.10548646185510346,0.055900872847105494,-0.1011256977835524,-0.08690987936222339,0.01
7.15,-0.10649352932545025,0.0550266783849227,-0.1002827529345316,-0.08792508990411552,0.01
7.16,-0.10749211691379405,0.054142371049023225,-0.09942975790399089,-0.08893240398468727,0.01
7.17,-0.10848212448353003,0.053248030305229,-0.09856678622333437,-0.08993172170164643,0.01
7.18,-0.1094634526382607,0.05234373661499034,-0.09769391240503467,-0.09092294383675492,0.01
7.19,-0.11043600273163075,0.051429571428493845,-0.09681121192158493,-0.09190597186571514,0.01
7.2,-0.11139967687669244,0.05050561717767601,-0.095918761260398,-0.09288070796812109,0.01
7.21,-0.11235437795683867,0.04957195726913146,-0.0950166378753341,-0.09384705503694235,0.01
7.22,-0.11330000963419909,0.0486286760769372,-0.094104920151862,-0.09480491668825719,0.01
7.23,-0.11423647635987595,0.04767585893536626,-0.09318368745422312,-0.09575419727102163,0.01
7.24,-0.1151636833832836,0.04671359213151673,-0.09225302011259817,-0.09669480187629187,0.01
7.25,-0.11608153676212789,0.045741962897840466,-0.09131299938316939,-0.09762663634687652,0.01
7.26,-0.11698994337094695,0.04476105940457924,-0.09036370746795352,-0.0985496072868175,0.01
7.2700000000000005,-0.11788881091148698,0.04377097075210406,-0.08940522755033431,-0.09946362207074033,0.01
7.28,-0.11877804792195369,0.042771786963164395,-0.08843764366918982,-0.10036858885291178,0.01
7.29,-0.11965756378487075,0.04176359897504587,-0.08746104078117778,-0.10126441657672469,0.01
7.3,-0.1205272687375772,0.04074649863162994,-0.0864755048107515,-0.10215101498370371,0.01
7.3100000000000005,-0.12138707388108581,0.039720578675371744,-0.08548112255873175,-0.1030282946225427,0.01
7.32,-0.12223689118875189,0.038685932739179044,-0.08447798167111742,-0.10389616685810354,0.01
7.33,-0.12307663351450812,0.037642655338209714,-0.08346617074743001,-0.10475454388048622,0.01
7.34,-0.12390621460370047,0.03659084186156936,-0.08244577928014873,-0.10560333871390304,0.01
7.3500000000000005,-0.1247255491001111,0.0355305885639316,-0.0814168975608025,-0.10644246522529532,0.01
7.36,-0.12553455255491655,0.03446199255706341,-0.08037961675725303,-0.10727183813297403,0.01
7.37,-0.12633314143525615,0.03338515180127216,-0.07933402894406072,-0.10809137301550065,0.01
7.38,-0.12712123313379772,0.032300165096753444,-0.07828022706796034,-0.10890098632049772,0.01
7.390000000000001,-0.12789874597661538,0.031207132074862153,-0.07721830481184888,-0.10970059537247345,0.01
7.4,-0.12866559923003476,0.030106153189303927,-0.07614835673452447,-0.11049011838164291,0.01
7.41,-0.12942171311130585,0.028997329707229343,-0.07507047825860891,-0.11126947445222024,0.01
7.42,-0.1301670087952069,0.02788076370025957,-0.07398476559061251,-0.11203858359079488,0.01
7.43,-0.13090140842311807,0.02675655803541349,-0.07289131571355956,-0.11279736671419882,0.01
7.44,-0.13162483510947812,0.025624816365975536,-0.07179022642085275,-0.11354574565758546,0.01
7.45,-0.13233721295153517,0.024485643122261733,-0.07068159636403593,-0.11428364318301809,0.01
7.46,-0.1330384670367588,0.023339143502315224,-0.06956552489046341,-0.11501098298684242,0.01
7.47,-0.1337285234493444,0.022185423462524934,-0.06844211215391383,-0.11572768970772285,0.01
7.48,-0.1344073092798371,0.021024589708160714,-0.06731145907996439,-0.11643368893441963,0.01
7.49,-0.13507475263094376,0.01985674968383649,-0.06617366728670415,-0.11712890721338787,0.01
7.5,-0.13573078262557114,0.018682011563893007,-0.0650288392254339,-0.11781327205649728,0.01
7.51,-0.1363753294154524,0.017500484242706595,-0.0638770780368274,-0.11848671194847604,0.01
7.5200000000000005,-0.1370083241863077,0.01631227732492343,-0.06271848754902454,-0.1191491563543361,0.01
7.53,-0.13762969916643294,0.015117501115619821,-0.061553172366774156,-0.11980053572660843,0.01
7.54,-0.13823938763364316,0.01391626661039131,-0.06038123782403826,-0.1204407815129016,0.01
7.55,-0.13883732392291367,0.012708685485361842,-0.05920278987581096,-0.12106982616277617,0.01
7.5600000000000005,-0.1394234434311594,0.011494870087135728,-0.05801793518988507,-0.12168760313498272,0.01
7.57,-0.13999768262671142,0.010274933422662134,-0.05682678115986928,-0.12229404690436924,0.01
7.58,-0.14055997905435674,0.009048989149048395,-0.05562943581291879,-0.12288909296883288,0.01
7.59,-0.14111027134296977,0.007817151563285529,-0.05442600774499695,-0.12347267785566302,0.01
7.6000000000000005,-0.14164849920925668,0.006579535591935076,-0.05321660631303793,-0.1240447391287211,0.01
7.61,-0.14217460346923058,0.005336256780711051,-0.052001341593348016,-0.12460521539542108,0.01
7.62,-0.14268852604112361,0.004087431284026707,-0.05078032412535016,-0.12515404631252486,0.01
7.63,-0.14319020995173756,0.002833175854460607,-0.049553665122483714,-0.12569117259278956,0.01
7.640000000000001,-0.1436795993435733,0.0015736078321708566,-0.04832147640630957,-0.12621653601121402,0.01
7.65,-0.1441566394798638,0.0003088451342362695,-0.047083870449974086,-0.1267300794118433,0.01
7.66,-0.14462127675257275,-0.0009609937560659553,-0.04584096024900575,-0.12723174671304238,0.01
7.67,-0.1450734586848439,-0.0022357898000245242,-0.04459285933229751,-0.12772148291388094,0.01
7.68,-0.1455131339392187,-0.0035154234143435197,-0.043339681925131046,-0.12819923410044692,0.01
7.69,-0.1459402523233465,-0.004799774482033521,-0.04208154280691456,-0.12866494745126003,0.01
7.7,-0.14635476479535703,-0.006088722363368781,-0.040818557171950154,-0.12911857124307888,0.01
7.71,-0.1467566234667855,-0.007382145906895044,-0.039550840916056096,-0.12956005485702077,0.01
7.72,-0.14714578161367814,-0.00867992346050914,-0.038278510295323365,-0.1299893487830116,0.01
7.73,-0.14752219367269198,-0.009981932882555335,-0.03700168207445653,-0.13040640462606107,0.01
7.74,-0.1478858152551673,-0.011288051553030424,-0.03572047376641052,-0.13081117511170265,0.01
7.75,-0.14823660314802017,-0.012598156384789332,-0.034435003180056434,-0.13120361409077386,0.01
7.76,-0.14857451531876842,-0.013912123834845845,-0.033145388709237444,-0.131583676545311,0.01
7.7700000000000005,-0.1488995109222049,-0.01522982991569561,-0.03185174906256538,-0.13195131859221743,0.01
7.78,-0.14921155030001976,-0.016551150206690256,-0.030554203479815634,-0.1323064974893129,0.01
7.79,-0.14951059499180122,-0.01787595986548181,-0.0292528718056424,-0.13264917163996603,0.01
7.8,-0.1497966077361326,-0.01920413363948952,-0.027947874113674054,-0.13297930059752383,0.01
7.8100000000000005,-0.1500695524740747,-0.020535545877432348,-0.026639331003869948,-0.13329684507015926,0.01
7.82,-0.15032939435621004,-0.02187007054089277,-0.025327363495796007,-0.1336017669251015,0.01
7.83,-0.1505760997439906,-0.02320758121593432,-0.02401209301516527,-0.13389402919357662,0.01
7.84,-0.15080963621651333,-0.024547951124764246,-0.02269364134279339,-0.13417359607446078,0.01
7.8500000000000005,-0.15102997257084647,-0.025891053137423597,-0.021372130673267264,-0.1344404329390545,0.01
7.86,-0.1512370788299787,-0.0272367597835454,-0.020047683609428546,-0.13469450633471447,0.01
7.87,-0.15143092624303503,-0.02858494326411783,-0.018720423056598712,-0.13493578398890604,0.01
7.88,-0.15161148729111065,-0.029935475463323466,-0.017390472291544334,-0.13516423481332263,0.01
7.890000000000001,-0.1517787356888659,-0.03128822796038434,-0.016057954984097123,-0.13537982890776057,0.01
7.9,-0.15193264639079263,-0.032643072041478746,-0.01472299503632346,-0.13558253756304084,0.01
7.91,-0.15207319558959237,-0.0339998787116451,-0.013385716646216572,-0.13577233326474314,0.01
7.92,-0.15220036072371695,-0.035358518706773555,-0.012046244451199506,-0.135949189697381,0.01
7.930000000000001,-0.15231412047861634,-0.03671886250559278,-0.010704703316902098,-0.13611308174702197,0.01
7.94,-0.15241445479005503,-0.03808078034171406,-0.009361218323052256,-0.1362639855045238,0.01
7.95,-0.15250134484507738,-0.0394441422156832,-0.008015914952830272,-0.13640187826880035,0.01
7.96,-0.15257477308911163,-0.04080881790709001,-0.006668918889266351,-0.1365267385501412,0.01
7.97,-0.1526347232228627,-0.04217467698668596,-0.005320355933511323,-0.13663854607218662,0.01
7.98,-0.15268118020778185,-0.04354158882853381,-0.003970352331391425,-0.13673728177530853,0.01
7.99,-0.15271413026949057,-0.044909422622192205,-0.002619034463460679,-0.13682292781937022,0.01
8.0,-0.15273356089705106,-0.04627804738492115,-0.0012665288505990802,-0.13689546758594728,0.01
8.01,-0.15273946084650256,-0.04764733197391109,8.70376701476161e-05,-0.13695488568067615,0.01
8.02,-0.1527318201436481,-0.04901714509853462,0.0014415381284766937,-0.13700116793587114,0.01
8.03,-0.152710630083933,-0.050387355332628454,0.0027968454166531487,-0.1370343014125055,0.01
8.040000000000001,-0.15267588323531506,-0.05175783112678492,0.00415283228325336,-0.13705427440178175,0.01
8.05,-0.15262757343826794,-0.053128440820664265,0.005509371147652153,-0.137061076428175,0.01
8.06,-0.152565695812362,-0.054499052655348365,0.006866334398194951,-0.13705469825075145,0.01
8.07,-0.15249024675030404,-0.055869534785679235,0.00822359439974818,-0.13703513186462724,0.01
8.08,-0.15240122392436706,-0.057239755292640845,0.009581023275607947,-0.1370023705026533,0.01
8.09,-0.15229862628479188,-0.05860958219573224,0.010938493003571637,-0.1369564086374635,0.01
8.1,-0.15218245406429562,-0.05997888346539006,0.012295875579635407,-0.1368972419824468,0.01
8.11,-0.15205270877319918,-0.06134752703538112,0.013653042954612005,-0.13682486749248213,0.01
8.120000000000001,-0.15190939320520336,-0.06271538081523988,0.015009866834368779,-0.13673928336611763,0.01
8.13,-0.15175251143651178,-0.06408231270270366,0.016366219044214425,-0.13664048904590986,0.01
8.14,-0.15158206882431907,-0.06544819059615802,0.01772197125180064,-0.13652848521962735,0.01
8.15,-0.15139807201147576,-0.06681288240709615,0.019076995120845375,-0.13640327382078432,0.01
8.16,-0.15120052892190217,-0.06817625607257365,0.02043116236118525,-0.13626485802971633,0.01
8.17,-0.15098944876425208,-0.06953817956769041,0.02178434460894607,-0.13611324227353494,0.01
8.18,-0.15076484202972326,-0.07089852091804429,0.02313641353374063,-0.13594843222691155,0.01
8.19,-0.15052672049357727,-0.07225714821222859,0.02448724072472075,-0.13577043481306372,0.01
8.2,-0.15027509721522886,-0.0736139296143055,0.025836697896621352,-0.13557925820292116,0.01
8.21,-0.1500099865356448,-0.07496873337628719,0.027184656857203393,-0.13537491181568084,0.01
8.22,-0.14973140407808475,-0.07632142785061931,0.02853098937725118,-0.135157406318692,0.01
8.23,-0.1494393667480998,-0.07767188150266097,0.029875567272221737,-0.134926753627314,0.01
8.24,-0.14913389273264033,-0.07901996292316553,0.031218262497917593,-0.13468296690493364,0.01
8.25,-0.14881500149814145,-0.08036554084075959,0.03255894717259267,-0.13442606056189677,0.01
8.26,-0.14848271378918848,-0.08170848413440342,0.03389749327988767,-0.13415605025575772,0.01
8.27,-0.1481370516325437,-0.08304866184587469,0.035233773111945865,-0.13387295289032863,0.01
8.28,-0.14777803832694958,-0.08438594319220992,0.03656765910646875,-0.13357678661498618,0.01
8.290000000000001,-0.14740569845041426,-0.08572019757817458,0.037899023620835415,-0.13326757082387886,0.01
8.3,-0.14702005785453282,-0.08705129460868767,0.03922773942713942,-0.13294532615455257,0.01
8.31,-0.14662114366187148,-0.08837910410126558,0.04055367931441456,-0.132610074487574,0.01
8.32,-0.14620898426824455,-0.0897034960984391,0.04187671623683098,-0.13226183894478272,0.01
8.33,-0.14578360933713488,-0.09102434088016118,0.04319672341351488,-0.13190064388828215,0.01
8.34,-0.14534504979997426,-0.09234150897620469,0.04451357418043678,-0.13152651491873435,0.01
8.35,-0.14489333785352618,-0.0936548711785358,0.04582714214229888,-0.1311394788737843,0.01
8.36,-0.1444285069571283,-0.09496429855368031,0.047137301166491063,-0.13073956382649587,0.01
8.370000000000001,-0.1439505918301963,-0.0962696624550659,0.048443925243627284,-0.13032679908371847,0.01
8.38,-0.14345962845225568,-0.09757083453535484,0.0497468886279151,-0.12990121518404685,0.01
8.39,-0.142955654057638,-0.09886768675874678,0.05104606584882365,-0.12946284389600038,0.01
8.4,-0.14243870713527923,-0.1001600914132748,0.052341331825636495,-0.12901171821506452,0.01
8.41,-0.1419088274211253,-0.10144792112304801,0.05363256162807861,-0.12854787236229637,0.01
8.42,-0.14136605590271767,-0.10273104886052066,0.054919630591583335,-0.12807134178185375,0.01
8.43,-0.14081043480929364,-0.10400934795868504,0.056202414492112496,-0.12758216313797988,0.01
8.44,-0.14024200761287545,-0.10528269212328022,0.05748078937890799,-0.127080374312591,0.01
8.45,-0.1396608190217155,-0.1065509554449368,0.05875463153217897,-0.12656601440289172,0.01
8.46,-0.13906691498223178,-0.10781401241133823,0.06002381762801434,-0.1260391237182077,0.01
8.47,-0.13846034266915513,-0.10907173791930112,0.06128822481804086,-0.12549974377712125,0.01
8.48,-0.137841150485871,-0.11032400728688059,0.06254773043532591,-0.1249479173044028,0.01
8.49,-0.13720938806044863,-0.11157069626538912,0.06380221225615301,-0.12438368822752999,0.01
8.5,-0.13656510624074797,-0.11281168105143115,0.06505154854790973,-0.12380710167400633,0.01
8.51,-0.13590835708949048,-0.1140468382988692,0.06629561783121218,-0.12321820396725691,0.01
8.52,-0.13523919388412375,-0.11527604513077623,0.06753429913268505,-0.12261704262324624,0.01
8.53,-0.1345576711068368,-0.11649917915133408,0.06876747193067967,-0.1220036663472408,0.01
8.540000000000001,-0.13386384444551006,-0.11771611845772122,0.06999501600633362,-0.12137812502931222,0.01
8.55,-0.13315777078671004,-0.11892674165192048,0.07121681169400151,-0.12074046974101105,0.01
8.56,-0.13243950821163006,-0.12013092785254138,0.07243273976267073,-0.12009075273171188,0.01
8.57,-0.13170911599145665,-0.12132855670655468,0.07364268150282971,-0.11942902742305161,0.01
8.58,-0.1309666545815735,-0.12251950840100237,0.07484651855885094,-0.11875534840639546,0.01
8.59,-0.13021218562027967,-0.12370366367468252,0.07604413318438841,-0.118069771437332,0.01
8.6,-0.12944577191788575,-0.12488090382974897,0.07723540814018026,-0.117372353431759,0.01
8.61,-0.1286674774574761,-0.12605111074331765,0.07842022664601789,-0.11666315246115211,0.01
8.620000000000001,-0.1278773673849653,-0.12721416687897216,0.07959847238890116,-0.11594222774817009,0.01
8.63,-0.12707550800969797,-0.1283699552982812,0.08077002981080916,-0.1152096396610025,0.01
8.64,-0.12626196678874915,-0.12951835967219216,0.08193478381474595,-0.1144654497091917,0.01
8.65,-0.1254368123334031,-0.130659264292465,0.0830926195815529,-0.1137097205392088,0.01
8.66,-0.12460011439711813,-0.1317925540829763,0.08424342330851697,-0.11294251592767335,0.01
8.67,-0.12375194386723279,-0.1329181146110184,0.08538708159180253,-0.11216390077760607,0.01
8.68,-0.12289237276528212,-0.13403583209852837,0.0865234815486069,-0.11137394111194254,0.01
8.69,-0.12202147423626068,-0.13514559343325722,0.08765251095959492,-0.11057270406928232,0.01
8.700000000000001,-0.12113932254609011,-0.13624728617991416,0.08877405828396512,-0.10976025789728006,0.01
8.71,-0.12024599307058126,-0.13734079859120296,0.08988801256979784,-0.10893667194719736,0.01
8.72,-0.11934156229469418,-0.13842601961885806,0.09099426339127792,-0.10810201666887398,0.01
8.73,-0.11842610780275574,-0.1395028389245804,0.09209270113991419,-0.10725636360391988,0.01
8.74,-0.11749970827189594,-0.14057114689093642,0.093183216846084,-0.10639978537998207,0.01
8.75,-0.11656244346583411,-0.14163083463217999,0.09426570209528595,-0.1055323557047565,0.01
8.76,-0.11561439422999027,-0.1426817940050315,0.09534004928919693,-0.104654149359944,0.01
8.77,-0.11465564248005021,-0.14372391761937883,0.09640615148159348,-0.10376524219452676,0.01
8.78,-0.11368627120035843,-0.144757098848922,0.09746390231590496,-0.10286571111848364,0.01
8.790000000000001,-0.11270636443373198,-0.14578123184174865,0.09851319635506872,-0.10195563409649111,0.01
8.8,-0.11171600727325691,-0.14679621153085196,0.0995539287650864,-0.10103509014109058,0.01
8.81,-0.1107152858584303,-0.14780193364457042,0.10058599543766178,-0.100104159305614,0.01
8.82,-0.10970428736450372,-0.14879829471696418,0.10160929311301725,-0.09916292267816651,0.01
8.83,-0.10868309999617,-0.1497851920981337,0.10262371912892032,-0.09821146237415945,0.01
8.84,-0.10765181298192536,-0.15076252396444734,0.10362917161203455,-0.09724986152940573,0.01
8.85,-0.10661051656392935,-0.1517301893287218,0.10462554970752258,-0.09627820429273992,0.01
8.86,-0.10555930198777495,-0.1526880880503021,0.10561275312294782,-0.09529657581881867,0.01
8.870000000000001,-0.10449826150147025,-0.15363612084509828,0.10659068222527246,-0.0943050622614674,0.01
8.88,-0.10342748834326937,-0.15457418929553157,0.10755923854360905,-0.09330375076545483,0.01
8.89,-0.1023470767305981,-0.15550219586040734,0.1085183242996628,-0.09229272945897193,0.01
8.9,-0.10125712185727616,-0.15642004388471098,0.10946784235522511,-0.09127208744630533,0.01
8.91,-0.10015771988349366,-0.1573276376093334,0.11040769659752225,-0.09024191480013588,0.01
8.92,-0.09904896792532576,-0.15822488218071365,0.11133779173977576,-0.0892023025536215,0.01
8.93,-0.0979309640486982,-0.1591116836604058,0.1122580332375227,-0.08815334269226582,0.01
8.94,-0.09680380726057534,-0.15998794903455893,0.1131683275638764,-0.08709512814609699,0.01
8.950000000000001,-0.09566759749742051,-0.16085358622332785,0.11406858204681747,-0.08602775278149899,0.01
8.96,-0.09452243561963884,-0.16170850409018903,0.11495870471130587,-0.08495131139299694,0.01
8.97,-0.09336842340319444,-0.16255261245118777,0.11583860470151475,-0.08386589969486913,0.01
8.98,-0.09220566352560859,-0.1633858220840864,0.11670819202277638,-0.08277161431309565,0.01
8.99,-0.09103425956273896,-0.16420804473744963,0.11756737741990975,-0.08166855277635676,0.01
9.0,-0.08985431597721046,-0.1650191931396135,0.11841607265344312,-0.08055681350796462,0.01
9.01,-0.08866593810967015,-0.1658191810076089,0.11925419058408604,-0.07943649581675949,0.01
9.02,-0.08746923216552878,-0.16660792305594863,0.12008164481412908,-0.0783076998885619,0.01
9.03,-0.08626430521338763,-0.1673853350053801,0.12089834988432813,-0.07717052677723224,0.01
9.040000000000001,-0.08505126516784205,-0.16815133359149337,0.1217042214092201,-0.0760250783959151,0.01
9.05,-0.08383022078520305,-0.16890583657329852,0.12249917585224157,-0.07487145750819835,0.01
9.06,-0.08260128165079728,-0.1696487627416573,0.12328313079820585,-0.07370976771786175,0.01
9.07,-0.081364558169239,-0.17038003192765572,0.12405600471159595,-0.07254011346099176,0.01
9.08,-0.0801201615565654,-0.17109956501087709,0.12481771697250599,-0.07136259999623995,0.01
9.09,-0.07886820382978893,-0.1718072839275805,0.12556818804377912,-0.07017733339566412,0.01
9.1,-0.07760879779568988,-0.17250311167879034,0.1263073394724108,-0.06898442053474163,0.01
9.11,-0.07634205704034076,-0.1731869723382753,0.1270350937251412,-0.06778396908303286,0.01
9.120000000000001,-0.07506809592118688,-0.17385879106045107,0.12775137430611538,-0.06657608749479849,0.01
9.13,-0.07378702955421829,-0.17451849408817136,0.12845610572317412,-0.06536088499932724,0.01
9.14,-0.07249897380672345,-0.17516600876043759,0.12914921353112296,-0.06413847159085861,0.01
9.15,-0.07120404528359588,-0.1758012635199885,0.12983062443954063,-0.06290895801897634,0.01
9.16,-0.06990236131793269,-0.1764241879208171,0.13050026602582854,-0.061672455778669644,0.01
9.17,-0.06859403996307936,-0.1770347126355619,0.13115806705844424,-0.06042907709980483,0.01
9.18,-0.06727919997676386,-0.17763276946281317,0.13180395743155815,-0.059178934938008965,0.01
9.19,-0.06595796081444825,-0.17821829133432204,0.13243786785708345,-0.05792214296393894,0.01
9.200000000000001,-0.06463044261962202,-0.17879121232209202,0.13305973029969964,-0.05665881555301411,0.01
9.21,-0.06329676620845408,-0.17935146764538243,0.13366947786657724,-0.055389067775580614,0.01
9.22,-0.06195705306229053,-0.17989899367760362,0.13426704492110453,-0.0541130153847007,0.01
9.23,-0.06061142531003205,-0.1804337279530764,0.13485236647643806,-0.05283077480851439,0.01
9.24,-0.05926000573276183,-0.18095560917377387,0.13542537874070337,-0.05154246313836808,0.01
9.25,-0.05790291773521804,-0.18146457721584375,0.1359860195186906,-0.05024819811757553,0.01
9.26,-0.05654028534238807,-0.18196057313612538,0.13653422733617315,-0.048948098131743834,0.01
9.27,-0.05517223318849464,-0.1824435391784786,0.13706994173146247,-0.04764228219789146,0.01
9.28,-0.05379888650775889,-0.1829134187800832,0.13759310370511635,-0.04633086995314528,0.01
9.290000000000001,-0.05242037111439212,-0.18337015657754158,0.13810365538976965,-0.045013981644107304,0.01
9.3,-0.051036813399963306,-0.1838136984129654,0.13860153987879587,-0.04369173811597271,0.01
9.31,-0.04964834031681627,-0.184243991339861,0.13908670145008495,-0.04236426080148625,0.01
9.32,-0.04825507937096167,-0.18466098362899513,0.1395590855691382,-0.04103167171066424,0.01
9.33,-0.04685715860543356,-0.1850646247740743,0.14001863908577583,-0.03969409341772234,0.01
9.34,-0.04545470658924621,-0.18545486549734955,0.14046530975532612,-0.038351649051621806,0.01
9.35,-0.0440478524103271,-0.1858316577551067,0.1408990462968922,-0.037004462285423756,0.01
9.36,-0.04263672566330843,-0.186194954743058,0.1413197990733912,-0.035652657323158365,0.01
9.370000000000001,-0.041221456428859084,-0.18654471090156993,0.14172751969421826,-0.03429635888895355,0.01
9.38,-0.039802175269423874,-0.1868808819208371,0.14212216050940185,-0.03293569221637327,0.01
9.39,-0.03837901321867111,-0.18720342474589738,0.14250367533715536,-0.0315707830361287,0.01
9.4,-0.03695210176268083,-0.18751229758155966,0.14287201929821514,-0.030201757564952914,0.01
9.41,-0.03552157283270687,-0.1878074598971964,0.14322714849349483,-0.028828742493914206,0.01
9.42,-0.034087558792810994,-0.18808887243143793,0.143569020258296,-0.027451864977729556,0.01
9.43,-0.03265019242754101,-0.188356497196751,0.14389759321643325,-0.026071252621763463,0.01
9.44,-0.031209606928482393,-0.1886102974838732,0.14421282745611963,-0.02468703347018142,0.01
9.450000000000001,-0.02976593587841842,-0.18885023786615465,0.1445146838900888,-0.023299335995757176,0.01
9.46,-0.028319313250680423,-0.18907628420378841,0.14480312498012426,-0.0219082890856388,0.01
9.47,-0.026869873378816,-0.18928840364786742,0.1450781143640154,-0.020514022031928647,0.01
9.48,-0.02541775096340018,-0.18948656464442695,0.14533961655126348,-0.019116664518714188,0.01
9.49,-0.023963081047790793,-0.1896707369382417,0.14558759778914276,-0.017716346609661926,0.01
9.5,-0.022505999007617385,-0.1898408915766202,0.14582202559540858,-0.016313198736430223,0.01
9.51,-0.02104664053588268,-0.18999700091297028,0.14604286831555136,-0.014907351686552772,0.01
9.52,-0.019585141641306418,-0.19013903861035125,0.14625009561978408,-0.013498936592394983,0.01
9.53,-0.018121638623487063,-0.1902669796448182,0.14644367902502697,-0.012088084916687336,0.01
9.540000000000001,-0.016656268060805682,-0.19038080030868498,0.14662359078693088,-0.01067492844202711,0.01
9.55,-0.015189166807748247,-0.19048047821365874,0.1467898043605419,-0.009259599258298223,0.01
9.56,-0.013720471973594906,-0.19056599229385096,0.14694229482779253,-0.007842229750893992,0.01
9.57,-0.012250320911192459,-0.1906373228086766,0.14708103818218055,-0.006422952588199138,0.01
9.58,-0.010778851209951357,-0.19069445134561494,0.14720601204313083,-0.005001900708185403,0.01
9.59,-0.009306200670329905,-0.19073736082284032,0.14731719524488057,-0.0035792073075420205,0.01
9.6,-0.00783250730505381,-0.19076603549176577,0.14741456769671613,-0.0021550058281398776,0.01
9.61,-0.006357909316395646,-0.1907804609394031,0.1474981107424085,-0.000729429945879545,0.01
9.620000000000001,-0.00488254509020544,-0.19078062409068336,0.14756780708575132,0.0006973864430506183,0.01
9.63,-0.0034065531746804195,-0.1907665132105421,0.14762364066412614,0.0021253092343780366,0.01
9.64,-0.0019300722769229797,-0.1907381179059958,0.14766559655384423,0.003554204127274474,0.01
9.65,-0.00045324124360359786,-0.19069542912799664,0.14769366155277208,0.004983936639035846,0.01
9.66,0.001023800954132399,-0.19063843917321507,0.14770782325860266,0.006414372114555533,0.01
9.67,0.002500915221568392,-0.19056714168570552,0.1477080706658216,0.007845375741286631,0.01
9.68,0.003977962367448768,-0.19048153165838935,0.1476943944271469,0.009276812561138215,0.01
9.69,0.005454803110111268,-0.19038160543448276,0.1476667862911364,0.0107085474831905,0.01
9.700000000000001,0.006931298093271696,-0.19026736070872552,0.14762523931364446,0.012140445297049496,0.01
9.71,0.008407307896384357,-0.19013879652854176,0.14756974761837643,0.013572370683039736,0.01
9.72,0.009882693045639162,-0.1899959132950647,0.14750030704633926,0.015004188227866422,0.01
9.73,0.01135731403731108,-0.18983871276398442,0.14741691472936747,0.01643576243633582,0.01
9.74,0.012831031340226447,-0.18966719804633803,0.14731956867749874,0.01786695774273106,0.01
9.75,0.014303705410860991,-0.1894813736091298,0.14720826860268388,0.019297638525483052,0.01
9.76,0.015775196712280063,-0.18928124527582835,0.14708301546272495,0.02072766911862267,0.01
9.77,0.017245365720115428,-0.1890668202267574,0.14694381154216551,0.022156913825529756,0.01
9.78,0.01871407294312331,-0.18883810699931777,0.1467906603436342,0.02358523693076009,0.01
9.790000000000001,0.02018117892698831,-0.18859511548814217,0.14662356680430955,0.025012502713945395,0.01
9.8,0.021646544279209697,-0.18833785694503885,0.14644253711196198,0.026438575461401825,0.01
9.81,0.023110029669227487,-0.18806634397891414,0.14624757874471594,0.0278633194798239,0.01
9.82,0.024571495854103956,-0.18778059055544238,0.14603870060235624,0.029286599108678146,0.01
9.83,0.02603080368127455,-0.1874806119967406,0.14581591275261863,0.030708278732662464,0.01
9.84,0.027487814109156267,-0.18716642498078914,0.14557922673687185,0.03212822279566829,0.01
9.85,0.028942388216011927,-0.18683804754082725,0.1453286554486053,0.03354629581266444,0.01
9.86,0.03039438721812831,-0.18649549906453586,0.14506421285746995,0.034962362382676915,0.01
9.870000000000001,0.03184367247316152,-0.18613880029317367,0.14478591441330213,0.03637628720202635,0.01
9.88,0.033290105506394545,-0.18576797332049527,0.14449377709416256,0.037787935077213675,0.01
9.89,0.03473354801504471,-0.18538304159162938,0.1441878187272796,0.03919717093649133,0.01
9.9,0.03617386188094007,-0.1849840299017655,0.14386805861628327,0.040603859843827195,0.01
9.91,0.03761090918737031,-0.18457096439475287,0.14353451774925108,0.04200786701201231,0.01
9.92,0.03904455223592503,-0.18414387256152526,0.14318721804862378,0.043409057814882246,0.01
9.93,0.040474653548342725,-0.18370278323845524,0.14282618275502568,0.04480729780026138,0.01
9.94,0.041901075891025485,-0.18324772660552002,0.14245143669524296,0.046202452702772234,0.01
9.950000000000001,0.043323682282247776,-0.18277873418439974,0.14206300578143383,0.04759438845666608,0.01
9.96,0.04474233600665436,-0.18229583883638664,0.14166091708722828,0.04898297120821127,0.01
9.97,0.04615690062399228,-0.18179907476023555,0.1412451992521917,0.050368067328783184,0.01
9.98,0.04756723999169813,-0.181288477489811,-2.307845031199663,9.089953738011971,0.01
9.99,0.0,0.0,-7.205602967140166,27.167741759951,0.01
0.0,-0.0,-0.0,-0.018314940020856305,9.210117809567265e-06,0.005
0.0,-0.0,-0.0,-0.008258326935675984,4.242017658637675e-07,0.001
0.0,-0.0,-0.0,-0.0058394417386345085,1.0975484567975102e-07,0.0005
