t,x_ana,z_ana
0.0,0.9999999999999991,-3.7470027081099033e-16
0.01,0.9999608427623168,0.009999874481766188
0.02,0.9998409113757016,0.01999899212764593
0.03,0.9996380478917447,0.029996586716936807
0.04,0.9993508157479901,0.03999188306938045
0.05,0.9989781154100407,0.04998409804161191
0.06,0.9985190568933111,0.05997244130176675
0.07,0.9979728971263965,0.06995611597149914
0.08,0.9973390036108818,0.07993431917742867
0.09,0.9966168311447617,0.08990624253606483
0.1,0.9958059058839033,0.09987107258752437
0.11,0.9949058138867919,0.10982799118850307
0.12,0.993916192572458,0.11977617587200319
0.13,0.9928367241630759,0.129714800179419
0.14,0.9916671305303886,0.1396430339692619
0.15,0.9904071690659211,0.14956004370590226
0.16,0.9890566293170372,0.15946499273102718
0.17,0.9876153302082546,0.16935704152000902
0.18,0.9860831177181167,0.17923534792499946
0.19,0.9844598629162955,0.18909906740626387
0.2,0.98274546028954,0.19894735325303248
0.21,0.9809398263020566,0.20877935679495524
0.22,0.9790428981482187,0.21859422760509606
0.23,0.9770546326646193,0.2283911136952702
0.24,0.9749750053752475,0.23816916170442842
0.25,0.9728040096487924,0.2479275170806995
0.26,0.9705416559510283,0.25766532425763256
0.27,0.9681879711783674,0.2673817268251135
0.28,0.9657429980610996,0.27707586769538073
0.29,0.9632067946267827,0.28674688926451475
0.3,0.9605794337158149,0.2963939335697377
0.31,0.9578610025424721,0.30601614244282704
0.32,0.955051602295732,0.31561265765991176
0.33,0.9521513477750412,0.3251826210878973
0.34,0.9491603670568887,0.3347251748277408
0.35,0.9460788011886159,0.34423946135477573
0.36,0.9429068039063953,0.3537246236562693
0.37,0.9396445413747019,0.36317980536637695
0.38,0.9362921919449533,0.37260415089864796
0.39,0.9328499459312884,0.3819968055762162
0.4,0.9293180054016995,0.3913569157598059
0.41,0.9256965839829463,0.40068362897366583
0.42,0.9219859066778722,0.4099760940295394
0.43,0.9181862096938845,0.41923346114876725
0.44,0.9142977402815209,0.4284548820826143
0.45,0.9103207565821232,0.43763951023090025
0.46,0.9062555274837518,0.4467865007590122
0.47,0.9021023324845698,0.4558950107133701
0.48,0.897861461562998,0.46496419913540915
0.49,0.8935332150540152,0.47399322717413606
0.5,0.889117903531042,0.4829812581973216
0.51,0.8846158476929005,0.49192745790137316
0.52,0.8800273782553837,0.5008309944199415
0.53,0.8753528358470293,0.5096910384312969
0.54,0.8705925709087097,0.5185067632645289
0.55,0.8657469435967002,0.5272773450045919
0.56,0.8608163236889106,0.5360019625962424
0.5700000000000001,0.8558010904939962,0.5446797979468977
0.58,0.8507016327630871,0.553310036028442
0.59,0.8455183486038969,0.5618918649780142
0.6,0.8402516453969971,0.5704244761977999
0.61,0.8349019397140507,0.5789070644538481
0.62,0.8294696572378288,0.5873388279739422
0.63,0.8239552326838372,0.5957189685445397
0.64,0.8183591097233966,0.6040466916068029
0.65,0.8126817409080439,0.6123212063517363
0.66,0.8069235875951094,0.6205417258144458
0.67,0.8010851198743598,0.6287074669675413
0.68,0.7951668164955863,0.6368176508136849
0.6900000000000001,0.7891691647970482,0.6448715024773118
0.7000000000000001,0.7830926606346558,0.6528682512955207
0.71,0.7769378083118266,0.660807130908156
0.72,0.7707051205099147,0.6686873793470871
0.73,0.7643951182191517,0.6765082391246924
0.74,0.7580083306700186,0.6842689573215597
0.75,0.7515452952649887,0.6919687856734077
0.76,0.7450065575105825,0.6996069806572364
0.77,0.7383926709496718,0.7071828035767145
0.78,0.7317041970939913,0.7146955206468049
0.79,0.7249417053567985,0.7221444030776377
0.8,0.7181057729856463,0.7295287271576332
0.81,0.7111969849952197,0.7368477743358781
0.8200000000000001,0.7042159341002039,0.744100831303762
0.8300000000000001,0.6971632206481414,0.7512871900758697
0.84,0.690039452552253,0.7584061480701437
0.85,0.6828452452241822,0.7654570081873051
0.86,0.6755812215066429,0.7724390788895467
0.87,0.6682480116059375,0.7793516742784936
0.88,0.6608462530243258,0.7861941141724338
0.89,0.6533765904922156,0.792965724182819
0.9,0.6458396759001613,0.79966583579004
0.91,0.6382361682306428,0.8062937864184688
0.92,0.6305667334896139,0.8128489195107775
0.93,0.6228320446377978,0.8193305846015272
0.94,0.6150327815217176,0.8257381373900263
0.95,0.607169630804445,0.8320709398124629
0.96,0.5992432858960566,0.838328360113305
0.97,0.591254446883783,0.8445097729159687
0.98,0.5832038204618449,0.8506145592927579
0.99,0.5750921198609532,0.8566421068340645
1.0,0.566920064777486,0.862591809716839
1.01,0.5586883813023077,0.8684630687723224
1.02,0.5503978018492457,0.874255291553037
1.03,0.5420490650832033,0.8799678923990397
1.04,0.5336429158479081,0.8856002925034332
1.05,0.5251801050932909,0.8911519199771287
1.06,0.5166613898024885,0.8966222099128679
1.07,0.5080875329184658,0.9020106044484881
1.08,0.4994593032702571,0.907316552829444
1.09,0.4907774754988184,0.9125395114705679
1.1,0.48204282998249315,0.9176789440170793
1.11,0.47325615276208344,0.9227343214048317
1.12,0.46441823546553374,0.9277051219197989
1.13,0.4555298752322158,0.9325908312567959
1.14,0.4465918746368199,0.9373909425774342
1.15,0.4376050416128535,0.9421049565673044
1.16,0.42857018937574304,0.9467323814923869
1.17,0.4194881363455403,0.9512727332546889
1.18,0.41035970606923555,0.9557255354470966
1.19,0.40118572714267753,0.9600903194074523
1.2,0.3919670331321029,0.9643666242718427
1.21,0.38270446249527335,0.9685539970271005
1.22,0.37339885850222654,0.9726519925625142
1.23,0.3640510691556397,0.9766601737207469
1.24,0.354661947110811,0.9805781113479535
1.25,0.34523234959526033,0.9844053843431034
1.26,0.33576313832794924,0.9881415797064961
1.27,0.3262551794381312,0.9917862925874741
1.28,0.3167093433838265,0.9953391263313228
1.29,0.30712650486993115,0.9987996925253645
1.3,0.2975075427659618,1.0021676110442297
1.31,0.28785334002344093,1.0054425100943192
1.32,0.2781647835929258,1.0086240262574373
1.33,0.2684427643406875,1.0117118045336073
1.34,0.25868817696504104,1.0147054983830548
1.35,0.24890191991233437,1.0176047697673676
1.36,0.2390848952926031,1.020409289189818
1.37,0.22923800879488704,1.0231187357348515
1.38,0.21936216960222474,1.0257327971067374
1.39,0.2094582903063237,1.0282511696673788
1.4,0.19952728682191626,1.0306735584732778
1.41,0.18957007830080314,1.0329996773116565
1.42,0.17958758704559113,1.0352292487357242
1.43,0.16958073842313437,1.0373620040991
1.44,0.1595504607776804,1.0393976835893728
1.45,0.14949768534372812,1.041336036260814
1.46,0.13942334615860663,1.0431768200662186
1.47,0.12932837997477786,1.0449198018878967
1.48,0.11921372617187162,1.0465647575677945
1.49,0.10908032666845696,1.0481114719367475
1.5,0.09892912583355885,1.0495597388428664
1.51,0.08876107039792727,1.050909361179055
1.52,0.07857710936506267,1.052160150909648
1.53,0.06837819392200378,1.0533119290961799
1.54,0.0581652773498926,1.0543645259222711
1.55,0.047939314934312915,1.0553177807176355
1.56,0.03770126387541557,1.056171541981209
1.57,0.027452083197837457,1.0569256674033891
1.58,0.017192733660418846,1.0575800238873958
1.59,0.006924177665729031,1.058134487569737
1.6,-0.0033526208305942884,1.0585889438397906
1.61,-0.013636696410685767,1.0589432873584943
1.62,-0.02392708228545995,1.0591974220761418
1.63,-0.03422281038578523,1.0593512612492835
1.64,-0.044522911453814235,1.0594047274567366
1.65,-0.05482641513445985,1.0593577526146933
1.66,-0.06513235006701246,1.0592102779909303
1.67,-0.07543974397689207,1.0589622542181223
1.68,-0.0857476237675231,1.0586136413062526
1.69,-0.09605501561232874,1.058164408654118
1.7,-0.10636094504683141,1.0576145350599375
1.71,-0.11666443706085919,1.0569640087310503
1.72,-0.1269645161908413,1.0562128272927105
1.73,-0.1372602066121941,1.0553609977959757
1.74,-0.14755053223177994,1.0544085367246876
1.75,-0.1578345167804389,1.0533554700015477
1.76,-0.1681111839055812,1.0522018329932799
1.77,-0.17837955726383323,1.0509476705148875
1.78,-0.1886386606137274,1.0495930368329967
1.79,-0.19888751790843207,1.0481379956682957
1.8,-0.20912515338850782,1.0465826201970545
1.81,-0.2193505916746851,1.044926993051744
1.82,-0.22956285786065528,1.0431712063207348
1.83,-0.2397609776058656,1.0413153615470914
1.84,-0.24994397722830958,1.039359569726449
1.85,-0.26011088379730424,1.037303951303982
1.86,-0.27026072522624967,1.0351486361704634
1.87,-0.28039253036535505,1.0328937636574063
1.88,-0.29050532909433235,1.0305394825313001
1.89,-0.30059815241503995,1.0280859509869338
1.9,-0.31067003254407344,1.0255333366398065
1.91,-0.3207200030052956,1.0228818165176328
1.92,-0.3307470987222927,1.0201315770509334
1.93,-0.34075035611075266,1.0172828140627193
1.94,-0.3507288131707553,1.014335732757269
1.95,-0.36068150957896516,1.0112905477079936
1.96,-0.370607486780723,1.0081474828444008
1.97,-0.3805057880820183,1.004906771438148
1.98,-0.3903754587413446,1.001568656088195
1.99,-0.40021554606142296,0.9981333887050479
2.0,-0.4100250994807878,0.9946012304941044
2.01,-0.41980317066522305,0.9909724519380966
2.02,-0.4295488135990465,0.9872473327786333
2.03,-0.4392610846762253,0.9834261619968422
2.04,-0.4489390427913241,0.9795092377931164
2.05,-0.45858174943026686,0.9754968675659677
2.06,-0.46818826876091413,0.9713893678899778
2.07,-0.4777576677234392,0.9671870644928665
2.08,-0.48728901612049735,0.9628902922316616
2.09,-0.4967813867071832,0.9584993950679852
2.1,-0.5062338552807635,0.9540147260424507
2.11,-0.5156455007701737,0.9494366472481757
2.12,-0.5250154053252842,0.9447655298034081
2.13,-0.5343426544059071,0.9400017538232807
2.14,-0.5436263368705538,0.9351457083906803
2.15,-0.5528655450649241,0.9301977915262387
2.16,-0.5620593749101204,0.9251584101574589
2.17,-0.5712069259905828,0.920027980086964
2.18,-0.5803073016417327,0.9148069259598752
2.19,-0.5893596090373152,0.9094956812303346
2.2,-0.5983629592764395,0.9040946881271508
2.21,-0.6073164674702977,0.8986043976185958
2.22,-0.6162192528285646,0.8930252693763395
2.23,-0.6250704387454666,0.8873577717385281
2.24,-0.633869152885504,0.881602381672017
2.25,-0.642614527268832,0.8757595847337487
2.26,-0.6513056983562825,0.8698298750312896
2.27,-0.6599418071340203,0.863813755182526
2.28,-0.6685219991978283,0.8577117362745197
2.29,-0.6770454248370118,0.8515243378215259
2.3000000000000003,-0.68551123911791,0.8452520877221892
2.31,-0.6939186019670183,0.8388955222158997
2.32,-0.7022666782536993,0.8324551858383331
2.33,-0.7105546378724819,0.8259316313761703
2.34,-0.7187816558249408,0.8193254198209953
2.35,-0.7269469123011472,0.8126371203223856
2.36,-0.7350495927606817,0.8058673101401922
2.37,-0.7430888880132056,0.799016574596014
2.38,-0.7510639942985711,0.7920855070238747
2.39,-0.7589741133664855,0.7850747087200989
2.4,-0.7668184525556944,0.777984788892403
2.41,-0.7745962248726957,0.7708163646081914
2.42,-0.7823066490699694,0.7635700607420745
2.43,-0.7899489497237153,0.7562465099226078
2.44,-0.7975223573110921,0.7488463524782545
2.45,-0.8050261082869551,0.7413702363825785
2.46,-0.8124594451600684,0.7338188171986816
2.47,-0.8198216165688111,0.7261927580228655
2.48,-0.8271118773563442,0.7184927294275537
2.49,-0.8343294886452441,0.7107194094034557
2.5,-0.8414737179115944,0.7028734833009875
2.51,-0.8485438390585266,0.6949556437709533
2.52,-0.8555391324892008,0.6869665907044932
2.53,-0.8624588851792238,0.678907031172301
2.54,-0.8693023907484936,0.6707776793631164
2.5500000000000003,-0.8760689495324646,0.6625792565215013
2.56,-0.8827578686528268,0.6543124908849016
2.57,-0.8893684620875897,0.6459781176200022
2.58,-0.8959000507405699,0.6375768787583762
2.59,-0.9023519625102653,0.6291095231314466
2.6,-0.9087235323581193,0.6205768063047468
2.61,-0.915014102376163,0.6119794905115031
2.62,-0.9212230218540304,0.6033183445855381
2.63,-0.9273496473453338,0.5945941438934963
2.64,-0.9333933427334075,0.5858076702664071
2.65,-0.9393534792963916,0.5769597119305887
2.66,-0.9452294357716746,0.5680510634378886
2.67,-0.9510205984196642,0.5590825255952854
2.68,-0.9567263610868929,0.5500549053938434
2.69,-0.9623461252684573,0.5409690159370297
2.7,-0.9678793001697678,0.5318256763684056
2.71,-0.9733253027676169,0.5226257117986938
2.72,-0.9786835578705543,0.5133699532322228
2.73,-0.9839534981785639,0.5040592374927771
2.74,-0.9891345643420333,0.49469440714882157
2.75,-0.9942262050200151,0.4852763104381484
2.76,-0.9992278769377726,0.47580580119192584
2.77,-1.0041390449435985,0.4662837387581609
2.78,-1.0089591820649093,0.4567109879245942
2.79,-1.013687769563603,0.4470884188410171
2.8000000000000003,-1.0183242969906792,0.43741690694103164
2.81,-1.0228682622401093,0.4276973328632547
2.82,-1.0273191716019616,0.41793058237196906
2.83,-1.0316765398147658,0.4081175462772398
2.84,-1.035939890117113,0.3982591203544963
2.85,-1.0401087542984968,0.3883562052635798
2.86,-1.0441826727493722,0.37840970646728284
2.87,-1.0481611945104412,0.3684205341493686
2.88,-1.0520438773211576,0.3583896031320897
2.89,-1.055830287667433,0.34831783279320805
2.9,-1.0595200008285668,0.3382061469825276
2.91,-1.0631126009233625,0.3280554739379409
2.92,-1.0666076809554443,0.3178667462010091
2.93,-1.070004842857775,0.3076409005320653
2.94,-1.073303697536348,0.297378877824868
2.95,-1.0765038649130712,0.28708162302079865
2.96,-1.0796049739678244,0.27675008502261716
2.97,-1.0826066627796938,0.2663852166077828
2.98,-1.0855085785673713,0.2559879743413467
2.99,-1.0883103777287213,0.24555931848842266
3.0,-1.091011725879509,0.23510021292625582
3.01,-1.0936122978912828,0.22461162505587348
3.02,-1.096111777928407,0.2140945257133509
3.03,-1.0985098594842475,0.20354988908069194
3.04,-1.1008062454164989,0.1929786925963181
3.0500000000000003,-1.1030006479816483,0.18238191686520025
3.06,-1.1050927888685838,0.17176054556862233
3.0700000000000003,-1.1070823992313272,0.16111556537358573
3.08,-1.108969219720898,0.1504479658418805
3.09,-1.1107530005163084,0.13975873933880434
3.1,-1.1124335013546691,0.12904888094156242
3.11,-1.114010491560423,0.11831938834734661
3.12,-1.1154837500736887,0.10757126178109397
3.13,-1.1168530654777207,0.09680550390295092
3.14,-1.1181182360254707,0.08602311971543826
3.15,-1.1192790696652593,0.07522511647032881
3.16,-1.1203353840655503,0.06441250357524916
3.17,-1.1212870066388225,0.05358629250001172
3.18,-1.122133774564538,0.04274749668268282
3.19,-1.1228755348112076,0.031897131435408704
3.2,-1.1235121441575397,0.02103621384998343
3.21,-1.1240434692126893,0.010165762703196357
3.22,-1.1244693864355786,-0.0007132016380537315
3.23,-1.124789782153316,-0.011599657311858844
3.24,-1.1250045525786834,-0.022492581056609944
3.25,-1.1251136038267122,-0.03339094830650451
3.26,-1.1251168519303278,-0.044293733287245826
3.27,-1.125014222855075,-0.05519990911191791
3.28,-1.124805652512913,-0.0661084478770395
3.29,-1.1244910867750808,-0.07701832075877893
3.3000000000000003,-1.1240704814840328,-0.08792849810931821
3.31,-1.12354380246444,-0.09883794955337169
3.3200000000000003,-1.1229110255332575,-0.10974564408483559
3.33,-1.1221721365088546,-0.1206505501635604
3.34,-1.1213271312192092,-0.13155163581225343
3.35,-1.1203760155091615,-0.14244786871347787
3.36,-1.1193188052467267,-0.15333821630675926
3.37,-1.1181555263284648,-0.16422164588578197
3.38,-1.1168862146839156,-0.17509712469566202
3.39,-1.1155109162790748,-0.18596362003030237
3.4,-1.1140296871189435,-0.1968200993298014
3.41,-1.112442593249114,-0.20766553027792245
3.42,-1.110749710756422,-0.2184988808996046
3.43,-1.1089511257686457,-0.22931911965851245
3.44,-1.1070469344532587,-0.24012521555460964
3.45,-1.105037243015232,-0.2509161382217534
3.46,-1.1029221676938903,-0.26169085802529046
3.47,-1.100701834758819,-0.2724483461596633
3.48,-1.098376380504817,-0.28318757474599415
3.49,-1.0959459512459069,-0.29390751692965794
3.5,-1.093410703308389,-0.3046071469778226
3.51,-1.0907708030229506,-0.31528544037695205
3.52,-1.0880264267158195,-0.32594137393026645
3.53,-1.0851777606989772,-0.33657392585513624
3.54,-1.082225001259414,-0.34718207588042044
3.5500000000000003,-1.0791683546474389,-0.35776480534372634
3.56,-1.0760080370640432,-0.3683210972885826
3.5700000000000003,-1.0727442746473106,-0.3788499365615237
3.58,-1.0693773034578875,-0.38935030990906744
3.59,-1.0659073694635006,-0.39982120607458527
3.6,-1.0623347285225313,-0.41026161589504606
3.61,-1.0586596463666456,-0.4206705323976332
3.62,-1.0548823985824798,-0.4310469508962226
3.63,-1.0510032705923844,-0.44138986908770944
3.64,-1.047022557634222,-0.45169828714818083
3.65,-1.0429405647402346,-0.4619712078289131
3.66,-1.0387576067149595,-0.4722076365522062
3.67,-1.0344740081122197,-0.4824065815070202
3.68,-1.030090103211168,-0.4925670537444215
3.69,-1.025606235991406,-0.5026880672728286
3.7,-1.0210227601071629,-0.5127686391530398
3.71,-1.0163400388605486,-0.5228077895930413
3.72,-1.0115584451738744,-0.5328045420425863
3.73,-1.0066783615610504,-0.5427579232875256
3.74,-1.0017001800980547,-0.5526669635439028
3.75,-0.9966243023924799,-0.562530696551775
3.76,-0.9914511395521636,-0.5723481596687786
3.77,-0.9861811121528934,-0.5821183939634135
3.78,-0.9808146502052049,-0.5918404443080406
3.79,-0.9753521931202576,-0.6015133594715887
3.8,-0.9697941896748076,-0.6111361922119531
3.81,-0.9641410979752665,-0.6207079993680882
3.82,-0.9583933854208596,-0.6302278419517708
3.83,-0.9525515286658791,-0.6396947852390436
3.84,-0.9466160135810396,-0.6491078988613056
3.85,-0.9405873352139343,-0.6584662568960706
3.86,-0.9344659977486033,-0.6677689379573574
3.87,-0.928252514464205,-0.6770150252857174
3.88,-0.921947407692807,-0.6862036068378908
3.89,-0.9155512087762908,-0.6953337753760777
3.9,-0.9090644580223748,-0.7044046285568163
3.91,-0.9024877046597647,-0.7134152690194652
3.92,-0.895821506792429,-0.722364804474269
3.93,-0.8890664313530067,-0.731252347790017
3.94,-0.8822230540553462,-0.7400770170812652
3.95,-0.8752919593461889,-0.7488379357951309
3.96,-0.8682737403559908,-0.7575342327976408
3.97,-0.8611689988488915,-0.7661650424596292
3.98,-0.8539783451718365,-0.7747295047421735
3.99,-0.84670239820285,-0.7832267652815668
4.0,-0.8393417852984741,-0.7916559754738043
4.01,-0.8318971422403618,-0.8000162925585964
4.0200000000000005,-0.8243691131810491,-0.808306879702881
4.03,-0.8167583505888928,-0.816526906083829
4.04,-0.8090655151921856,-0.8246755469713589
4.05,-0.8012912759224579,-0.8327519838101121
4.0600000000000005,-0.7934363098569608,-0.8407554043009141
4.07,-0.7855013021603493,-0.8486850024816983
4.08,-0.7774869460255507,-0.8565399788078915
4.09,-0.7693939426138428,-0.8643195402322432
4.1,-0.7612230009941372,-0.8720229002841012
4.11,-0.7529748380814761,-0.8796492791481212
4.12,-0.7446501785747419,-0.8871979037423978
4.13,-0.7362497548935922,-0.8946680077960263
4.14,-0.7277743071146251,-0.9020588319260585
4.15,-0.7192245829067732,-0.9093696237138758
4.16,-0.7106013374659408,-0.9165996377809499
4.17,-0.7019053334488836,-0.9237481358639971
4.18,-0.6931373409063407,-0.9308143868895054
4.19,-0.6842981372154169,-0.9377976670476457
4.2,-0.6753885070112415,-0.9446972598655348
4.21,-0.666409242117877,-0.951512456279869
4.22,-0.6573611414785122,-0.9582425547089053
4.23,-0.6482450110849367,-0.9648868611237793
4.24,-0.6390616639063,-0.9714446891191659
4.25,-0.6298119198171549,-0.977915359983276
4.26,-0.6204966055248149,-0.9842982027671576
4.2700000000000005,-0.6111165544960053,-0.9905925543533292
4.28,-0.6016726068828293,-0.9967977595237133
4.29,-0.5921656094480553,-1.002913171026873
4.3,-0.5825964154897233,-1.0089381496445433
4.3100000000000005,-0.5729658847650884,-1.0148720642574511
4.32,-0.5632748834138996,-1.0207142919104133
4.33,-0.5535242838810227,-1.0264642178767147
4.34,-0.5437149648384184,-1.032121235721748
4.3500000000000005,-0.5338478111064728,-1.037684747365922
4.36,-0.5239237135747057,-1.0431541631468142
4.37,-0.5139435691218364,-1.0485289018805843
4.38,-0.5039082805352387,-1.0538083909226243
4.39,-0.4938187564297841,-1.0589920662274401
4.4,-0.48367591116607284,-1.0640793724077717
4.41,-0.47348066476807343,-1.069069762792931
4.42,-0.4632339428401638,-1.073962699486359
4.43,-0.45293667648359703,-1.0787576534223964
4.44,-0.44258980221238026,-1.083454104422259
4.45,-0.43219426186860155,-1.0880515412492073
4.46,-0.4217510025371761,-1.0925494616629234
4.47,-0.4112609764600548,-1.096947372473063
4.48,-0.4007251409498752,-1.1012447895919997
4.49,-0.39014445830308886,-1.105441238086739
4.5,-0.37951989571254424,-1.1095362522300116
4.51,-0.36885242517955263,-1.11352937555053
4.5200000000000005,-0.3581430234254457,-1.1174201608824035
4.53,-0.3473926718026227,-1.1212081704137127
4.54,-0.3366023562050905,-1.1248929757342356
4.55,-0.3257730669785307,-1.1284741578823154
4.5600000000000005,-0.314905798829874,-1.1319513073908727
4.57,-0.30400155073640034,-1.1353240243325524
4.58,-0.29306132585437883,-1.1385919183639992
4.59,-0.2820861314272488,-1.1417546087692623
4.6000000000000005,-0.27107697869334624,-1.1448117245023215
4.61,-0.26003488279320364,-1.1477629042287258
4.62,-0.24896086267640272,-1.1506077963663506
4.63,-0.2378559410080091,-1.1533460591252573
4.64,-0.2267211440745996,-1.1559773605466601
4.65,-0.21555750168987078,-1.15850137854099
4.66,-0.20436604709986314,-1.16091780092505
4.67,-0.19314781688777843,-1.1632263254582738
4.68,-0.1819038508784372,-1.1654266598780545
4.69,-0.17063519204235,-1.1675185219341655
4.7,-0.1593428863994324,-1.1695016394222644
4.71,-0.14802798292236352,-1.171375750216458
4.72,-0.1366915334396024,-1.173140602300954
4.73,-0.12533459253806095,-1.1747959538007708
4.74,-0.11395821746546551,-1.1763415730115128
4.75,-0.10256346803238041,-1.1777772384282106
4.76,-0.09115140651393362,-1.179102738773215
4.7700000000000005,-0.07972309755124402,-1.1803178730231467
4.78,-0.0682796080525559,-1.1814224504348916
4.79,-0.05682200709408054,-1.1824162905706563
4.8,-0.04535136582058531,-1.1832992233220545
4.8100000000000005,-0.03386875734570273,-1.1840710889332429
4.82,-0.022375256651992997,-1.184731738023095
4.83,-0.010871940490759069,-1.1852810316064106
4.84,0.0006401127183734423,-1.1857188411141577
4.8500000000000005,0.01215982298810131,-1.1860450484127485
4.86,0.023686108864309025,-1.1862595458223413
4.87,0.03521788752713918,-1.1863622361341666
4.88,0.046754074892259745,-1.186353032626884
4.89,0.0582935857123285,-1.1862318590819543
4.9,0.06983533367862377,-1.1859986497980308
4.91,0.08137823152285223,-1.1856533496043755
4.92,0.09292119111912547,-1.18519591387328
4.93,0.10446312358606902,-1.1846263085315092
4.94,0.1160029393890884,-1.1839445100707522
4.95,0.12753954844275922,-1.1831505055570843
4.96,0.13907186021334325,-1.182244292639439
4.97,0.15059878382141306,-1.1812258795570847
4.98,0.1621192281445885,-1.180095285146108
4.99,0.1736321019203504,-1.1788525388449052
5.0,0.1851363138489566,-1.1774976806986686
5.01,0.19663077269642298,-1.1760307613628864
5.0200000000000005,0.2081143873975661,-1.174451842105831
5.03,0.21958606715910356,-1.172760994810059
5.04,0.23104472156280487,-1.1709583019729042
5.05,0.2424892606686725,-1.1690438567059689
5.0600000000000005,0.25391859511814574,-1.167017762733617
5.07,0.2653316362373223,-1.164880134390462
5.08,0.27672729614019753,-1.1626310966178512
5.09,0.2881044878318801,-1.1602707849593523
5.1000000000000005,0.2994621253118096,-1.1577993455552253
5.11,0.31079912367694607,-1.1552169351359016
5.12,0.3221143992249259,-1.1525237210144545
5.13,0.3334068695571774,-1.1497198810780667
5.14,0.34467545368198416,-1.1468056037784897
5.15,0.35591907211748386,-1.1437810881215096
5.16,0.36713664699459236,-1.1406465436554
5.17,0.37832710215986265,-1.1374021904583764
5.18,0.389489363278228,-1.1340482591250467
5.19,0.4006223579356645,-1.1305849907518633
5.2,0.41172501574172776,-1.1270126369215712
5.21,0.42279626843198587,-1.1233314596866533
5.22,0.4338350499703036,-1.119541731551785
5.23,0.4448402966509987,-1.1156437354552788
5.24,0.45581094720084375,-1.1116377647495415
5.25,0.4667459428809117,-1.107524123180531
5.26,0.47764422758824665,-1.1033031248662168
5.2700000000000005,0.4885047479573642,-1.098975094274047
5.28,0.4993264534615499,-1.0945403661974313
5.29,0.5101082965139744,-1.0899992857312182
5.3,0.5208492325685932,-1.0853522082461964
5.3100000000000005,0.5315482202208253,-1.0805994993626042
5.32,0.542204221308006,-1.0757415349226531
5.33,0.552816201009616,-1.0707787009620655
5.34,0.5633831279472403,-1.065711393680638
5.3500000000000005,0.5739039742842907,-1.060540019411817
5.36,0.5843777158254516,-1.0552649945913057
5.37,0.5948033321158559,-1.0498867457246845
5.38,0.6051798065399738,-1.0444057093540735
5.39,0.6155061264202055,-1.03882233202381
5.4,0.6257812831151764,-1.0331370702451714
5.41,0.6360042721177064,-1.0273503904601256
5.42,0.6461740931524708,-1.0214627690041207
5.43,0.6562897502733214,-1.0154746920679147
5.44,0.6663502519602644,-1.0093866556584543
5.45,0.6763546112160864,-1.0031991655587942
5.46,0.6863018456626321,-0.9969127372870671
5.47,0.6961909776366941,-0.990527896054511
5.48,0.7060210342855355,-0.9840451767225485
5.49,0.7157910476620215,-0.9774651237589272
5.5,0.7255000548193514,-0.9707882911929259
5.51,0.7351470979053847,-0.9640152425696236
5.5200000000000005,0.744731224256556,-0.9571465509032392
5.53,0.7542514864913513,-0.9501827986295533
5.54,0.7637069426033654,-0.9431245775573971
5.55,0.7730966560539105,-0.9359724888192282
5.5600000000000005,0.7824196958641664,-0.9287271428207958
5.57,0.791675136706873,-0.9213891591898926
5.58,0.8008620589975598,-0.9139591667242016
5.59,0.8099795489852851,-0.9064378033382388
5.6000000000000005,0.819026698842892,-0.898825716009407
5.61,0.8280026067567641,-0.891123560723151
5.62,0.8369063770160841,-0.8833320024172235
5.63,0.8457371201015649,-0.8754517149250752
5.64,0.8544939527736678,-0.8674833809183592
5.65,0.8631759981602843,-0.8594276918485636
5.66,0.8717823858438729,-0.8512853478877821
5.67,0.8803122519480566,-0.8430570578686101
5.68,0.8887647392236558,-0.8347435392231868
5.69,0.8971389971341541,-0.8263455179213889
5.7,0.9054341819405896,-0.8178637284081715
5.71,0.9136494567858698,-0.8092989135400598
5.72,0.9217839917784854,-0.8006518245208185
5.73,0.9298369640756283,-0.7919232208362739
5.74,0.9378075579657023,-0.7831138701883212
5.75,0.9456949649502173,-0.7742245484281035
5.76,0.9534983838250561,-0.7652560394883787
5.7700000000000005,0.9612170207611126,-0.7562091353150782
5.78,0.9688500893842853,-0.7470846357980608
5.79,0.9763968108548253,-0.7378833487010703
5.8,0.9838564139460259,-0.7286060895909006
5.8100000000000005,0.9912281351222507,-0.7192536817657742
5.82,0.9985112186162811,-0.7098269561829527
5.83,1.0057049165059957,-0.7003267513855568
5.84,1.0128084887903528,-0.6907539134286313
5.8500000000000005,1.0198212034646823,-0.6811092958044542
5.86,1.0267423365952681,-0.6713937593670842
5.87,1.0335711723932326,-0.6616081722561595
5.88,1.0403070032876873,-0.6517534098199698
5.89,1.0469491299981695,-0.6418303545377823
5.9,1.0534968616063463,-0.6318398959414441
5.91,1.059949515626966,-0.621782930536276
5.92,1.06630641807808,-0.6116603617212344
5.93,1.0725669035504972,-0.6014730997083855
5.94,1.0787303152764842,-0.5912220614416684
5.95,1.0847960051976917,-0.5809081705149811
5.96,1.090763334032308,-0.5705323570895658
5.97,1.0966316713414341,-0.5600955578107294
5.98,1.1024003955946649,-0.5495987157238925
5.99,1.1080688942348693,-0.5390427801899783
6.0,1.1136365637421872,-0.5284287068001363
6.01,1.1191028096971933,-0.5177574572898378
6.0200000000000005,1.124467046843262,-0.5070299994523171
6.03,1.1297286991481055,-0.4962473070513886
6.04,1.13488719986448,-0.48541035973364066
6.05,1.1399419915900644,-0.47452014294001066
6.0600000000000005,1.144892526326493,-0.46357764781675165
6.07,1.1497382655375374,-0.4525838711258111
6.08,1.1544786802064502,-0.4415398151545997
6.09,1.1591132508924293,-0.43044648762518856
6.1000000000000005,1.1636414677862377,-0.419304901602931
6.11,1.1680628307649297,-0.4081160754045159
6.12,1.1723768494457263,-0.3968810325054571
6.13,1.1765830432389877,-0.3856008014470371
6.140000000000001,1.1806809414003057,-0.37427641574271076
6.15,1.184670083081703,-0.36290891378397694
6.16,1.188550017381935,-0.35149933874570904
6.17,1.1923203033958814,-0.34004873849099343
6.18,1.1959805102630359,-0.328558165475443
6.19,1.199530217215075,-0.317028676651012
6.2,1.202969013622509,-0.3054613333693368
6.21,1.2062964990404086,-0.2938572012845712
6.22,1.209512283253205,-0.2822173502557649
6.23,1.212615986318547,-0.2705428542487758
6.24,1.2156072386102248,-0.2588347912377284
6.25,1.2184856808601505,-0.24709424310601308
6.26,1.2212509641993838,-0.2353222955468693
6.2700000000000005,1.2239027501982125,-0.22352003796352574
6.28,1.2264407109052664,-0.2116885633689277
6.29,1.2288645288856774,-0.19982896828505214
6.3,1.2311738972582662,-0.18794235264182657
6.3100000000000005,1.2333685197317636,-0.17602981967565162
6.32,1.2354481106400557,-0.16409247582754616
6.33,1.2374123949764482,-0.15213143064091858
6.34,1.239261108426951,-0.14014779665897437
6.3500000000000005,1.2409939974025765,-0.12814268932176695
6.36,1.2426108190706437,-0.11611722686291809
6.37,1.2441113413850953,-0.10407253020598395
6.38,1.2454953431158118,-0.09200972286050678
6.390000000000001,1.2467626138769283,-0.07992993081775546
6.4,1.2479129541541436,-0.06783428244615526
6.41,1.2489461753310285,-0.05572390838641177
6.42,1.2498620997143148,-0.04359994144636846
6.43,1.2506605605581793,-0.031463516495572816
6.44,1.2513414020875047,-0.019315770359574394
6.45,1.2519044795201244,-0.007157841713982205
6.46,1.2523496590880465,0.005009129021746966
6.47,1.2526768180576464,0.017183999790743316
6.48,1.2528858447488405,0.029365627005393795
6.49,1.252976638553221,0.04155286565421855
6.5,1.2529491099511656,0.05374456940897099
6.51,1.2528031805279105,0.06593959073192798
6.5200000000000005,1.2525387829885812,0.07813678098336163
6.53,1.2521558611721897,0.09033499052919508
6.54,1.2516543700645908,0.10253306884883548
6.55,1.2510342758103907,0.1147298646431438
6.5600000000000005,1.2502955557238145,0.12692422594256922
6.57,1.2494381982985248,0.13911500021541412
6.58,1.2484622032163943,0.1513010344762285
6.59,1.2473675813552252,0.16348117539431872
6.6000000000000005,1.2461543547954188,0.17565426940237194
6.61,1.2448225568255942,0.1878191628051593
6.62,1.24337223194715,0.199974701888349
6.63,1.2418034358777714,0.21211973302738119
6.640000000000001,1.2401162355538835,0.2242531027964103
6.65,1.2383107091320444,0.23637365807730498
6.66,1.2363869459892824,0.24848024616869774
6.67,1.2343450467223724,0.2605717148950691
6.68,1.2321851231460554,0.2726469127158474
6.69,1.2299072982901964,0.284704688834537
6.7,1.2275117063958811,0.29674389330784323
6.71,1.224998492910454,0.3087633771547944
6.72,1.222367814481495,0.320761992465846
6.73,1.2196198389497275,0.3327385925119656
6.74,1.216754745340884,0.34469203185366515
6.75,1.2137727238564862,0.35662116645000613
6.76,1.2106739758635805,0.3685248537675384
6.7700000000000005,1.2074587138834094,0.3804019528891663
6.78,1.2041271615790203,0.39225132462294243
6.79,1.2006795537418116,0.40407183161078153
6.8,1.1971161362770257,0.4158623384370589
6.8100000000000005,1.1934371661881804,0.42762171173711216
6.82,1.1896429115604383,0.4393488203056204
6.83,1.1857336515429269,0.45104253520485554
6.84,1.1817096763299908,0.46270172987279
6.8500000000000005,1.1775712871414021,0.47432528023106024
6.86,1.1733187962015061,0.4859120647927639
6.87,1.1689525267173178,0.4974609647700919
6.88,1.1644728128555695,0.5089708641817753
6.890000000000001,1.1598799997187001,0.5204406499603469
6.9,1.155174443319808,0.5318692120591899
6.91,1.1503565105565443,0.5432554435593903
6.92,1.14542657918397,0.5545982407763581
6.93,1.1403850377863636,0.5658965033662161
6.94,1.1352322857479933,0.5771491344319498
6.95,1.129968733222845,0.5883550406293041
6.96,1.1245948011033127,0.5995131322724169
6.97,1.1191109209878602,0.6106223234391783
6.98,1.1135175351476394,0.6216815320763167
6.99,1.1078150964920919,0.6326896801041703
7.0,1.10200406853351,0.6436456935211814
7.01,1.0960849253505807,0.6545485025080588
7.0200000000000005,1.0900581515509025,0.6653970415316302
7.03,1.0839242422324897,0.6761902494483443
7.04,1.0776837029442539,0.6869270696074504
7.05,1.071337049645468,0.6976064499538115
7.0600000000000005,1.0648848086642326,0.708227343130356
7.07,1.0583275166549282,0.7187887065801557
7.08,1.0516657205546553,0.7292895026481312
7.09,1.0448999775386922,0.7397286986823479
7.1000000000000005,1.0380308549749397,0.7501052671349228
7.11,1.0310589303773807,0.7604181856625112
7.12,1.023984791358548,0.7706664372263757
7.13,1.0168090355810058,0.7808490101920205
7.140000000000001,1.00953227070785,0.7909648984283878
7.15,1.0021551143522331,0.8010131014065945
7.16,0.9946781940259126,0.8109926242982182
7.17,0.9871021470868232,0.8209024780731096
7.18,0.9794276206857007,0.8307416795967189
7.19,0.9716552717117279,0.8405092517269405
7.2,0.9637857667372357,0.8502042234104507
7.21,0.9558197819614416,0.8598256297785508
7.22,0.9477580031532522,0.8693725122424731
7.23,0.939601125593116,0.8788439185881758
7.24,0.9313498540139398,0.8882389030705925
7.25,0.9230049025410743,0.897556526507339
7.26,0.914566994631369,0.906795856371865
7.27,0.9060368630113068,0.9159559668860433
7.28,0.8974152496142209,0.9250359391121796
7.29,0.8887029055166025,0.9340348610444448
7.3,0.8799005908734892,0.9429518276997193
7.31,0.871009074852973,0.9517859412078278
7.32,0.862029135569792,0.9605363109011715
7.33,0.8529615600180477,0.9692020534037393
7.34,0.8438071440030267,0.9777822927194946
7.35,0.8345666920721532,0.9862761603201218
7.36,0.8252410174450578,0.994682795232136
7.37,0.8158309419427965,1.0030013441233263
7.38,0.8063372959161895,1.011230961388552
7.390000000000001,0.796760918173322,1.019370809234862
7.4,0.7871026559061862,1.02742005776593
7.41,0.7773633646164885,1.0353778850658142
7.42,0.7675439080406194,1.0432434772820083
7.43,0.7576451580737886,1.0510160287078014
7.44,0.7476679946933501,1.0586947418639157
7.45,0.7376133058813041,1.066278827579424
7.46,0.7274819875459848,1.073767505071952
7.47,0.7172749434429598,1.0811600020271237
7.48,0.706993085095124,1.0884555546772772
7.49,0.6966373317120093,1.0956534078794238
7.5,0.6862086101083134,1.1027528151924435
7.51,0.6757078546216537,1.1097530389535168
7.52,0.6651360070295542,1.1166533503537768
7.53,0.6544940164656771,1.1234530295131824
7.54,0.6437828393353008,1.1301513655545907
7.55,0.6330034392300429,1.1367476566770447
7.56,0.6221567868418693,1.1432412102282412
7.57,0.6112438598763503,1.1496313427761964
7.58,0.6002656429652142,1.1559173801800764
7.59,0.5892231275781677,1.1620986576602168
7.6,0.5781173119340309,1.1681745198672933
7.61,0.5669492009111592,1.1741443209506564
7.62,0.555719805957182,1.1800074246258125
7.63,0.5444301449980572,1.1857632042410526
7.640000000000001,0.5330812423464524,1.1914110428432167
7.65,0.52167412860946,1.1969503332425835
7.66,0.5102098405956557,1.2023804780768894
7.67,0.49868942122150733,1.2077008898744603
7.68,0.48711391941713916,1.2129109911164566
7.69,0.47548439003147164,1.218010214298214
7.7,0.4638018937367364,1.2229980019896918
7.71,0.4520674969323608,1.227873806895005
7.72,0.4402822716482702,1.2326370919110399
7.73,0.4284472954475738,1.2372873301851546
7.74,0.4165636513286689,1.2418240051719438
7.75,0.40463242762676377,1.2462466106890782
7.76,0.39265471791482953,1.2505546509721943
7.77,0.38063162090398917,1.2547476407288467
7.78,0.3685642403433477,1.2588251051915085
7.79,0.3564536849192957,1.262786580169605
7.8,0.34430106815425454,1.2666316121006025
7.81,0.3321075083049071,1.2703597581001127
7.82,0.3198741282599162,1.2739705860110304
7.83,0.30760205543713187,1.277463674451694
7.84,0.29529242168028835,1.2808386128630607
7.85,0.282946363155234,1.28409500155489
7.86,0.27056502024566803,1.2872324517509364
7.87,0.25814953744840785,1.2902505856331425
7.88,0.2457010632682019,1.2931490363848284
7.890000000000001,0.23322075011208873,1.2959274482328689
7.9,0.22070975418331384,1.2985854764888631
7.91,0.20816923537481874,1.301122787589283
7.92,0.19560035716230628,1.3035390591345988
7.930000000000001,0.1830042864968946,1.3058339799273777
7.94,0.1703821936973699,1.3080072500093567
7.95,0.1577352523420472,1.31005858069747
7.96,0.14506463916024998,1.3119876946188491
7.97,0.1323715339234124,1.3137943257447662
7.98,0.11965711933582893,1.3154782194235455
7.99,0.1069225809250509,1.3170391324124073
8.0,0.0941691069319234,1.3184768329082706
8.01,0.08139788820031979,1.3197911005774894
8.02,0.06861011806653365,1.3209817265845272
8.03,0.05580699224836233,1.3220485136195723
8.040000000000001,0.04298970873389624,1.3229912759250786
8.05,0.030159467670022116,1.3238098393212299
8.06,0.017317471250617708,1.324504041230344
8.07,0.004464923604515822,1.3250737307001816
8.08,-0.008396969316819866,1.325518768426188
8.09,-0.021266999851859536,1.325839026772637
8.1,-0.03414395874180404,1.3260343897927012
8.11,-0.04702663524362108,1.3261047532474266
8.120000000000001,-0.05991381724329335,1.326050024623611
8.13,-0.07280429136927033,1.3258701231506007
8.14,-0.08569684310612831,1.3255649798159723
8.15,-0.09859025690840156,1.325134537380136
8.16,-0.111483316314605,1.324578750389819
8.17,-0.12437480406140373,1.3238975851904604
8.18,-0.13726350219795133,1.3230910199374912
8.19,-0.15014819220036874,1.3221590446065126
8.2,-0.1630276550863477,1.3211016610023636
8.21,-0.17590067152988625,1.3199188827670776
8.22,-0.18876602197612752,1.3186107353867347
8.23,-0.20162248675630862,1.3171772561971855
8.24,-0.2144688462027876,1.3156184943886768
8.25,-0.22730388076416147,1.3139345110093523
8.26,-0.24012637112043853,1.312125378967637
8.27,-0.25293509829828104,1.3101911830335091
8.28,-0.26572884378628764,1.3081320198386484
8.290000000000001,-0.2785063896503109,1.305947997875464
8.3,-0.2912665186488052,1.3036392374950094
8.31,-0.3040080143481799,1.3012058709037697
8.32,-0.31672966123816293,1.2986480421593283
8.33,-0.32943024484715516,1.295965907164917
8.34,-0.3421085518575609,1.2931596336628406
8.35,-0.35476337022109405,1.2902294012267785
8.36,-0.3673934892740482,1.2871754012529677
8.370000000000001,-0.3799976998525008,1.2839978369502623
8.38,-0.3925747944074604,1.2806969233290706
8.39,-0.40512356711995684,1.2772728871891728
8.4,-0.4176428140160246,1.2737259671064138
8.41,-0.43013133308160123,1.2700564134182806
8.42,-0.44258792437731953,1.266264488208357
8.43,-0.4550113901531877,1.2623504652896544
8.44,-0.46740053496312534,1.2583146301868366
8.45,-0.4797541657793793,1.254157280117312
8.46,-0.4920710921067816,1.2498787239712206
8.47,-0.5043501260968392,1.245479282290301
8.48,-0.5165900826616721,1.240959287245643
8.49,-0.5287897795877564,1.2363190826143249
8.5,-0.5409480376494649,1.2315590237549483
8.51,-0.553063680722422,1.2266794775820524
8.52,-0.5651355358966368,1.221680822539428
8.53,-0.5771624335894057,1.216563448572319
8.540000000000001,-0.5891432076579853,1.2113277570985233
8.55,-0.6010766955120156,1.205974160978391
8.56,-0.6129617382256826,1.2005030844837177
8.57,-0.6247971806496166,1.194914963265547
8.58,-0.6365818715225089,1.1892102443208683
8.59,-0.6483146635824354,1.1833893859582278
8.6,-0.6599944136778849,1.177452857762243
8.61,-0.6716199828784709,1.1714011405570357
8.620000000000001,-0.6831902365853311,1.165234726368565
8.63,-0.6947040446411655,1.158954118385901
8.64,-0.7061602814399743,1.1525598309213902
8.65,-0.7175578260364056,1.1460523893697656
8.66,-0.7288955622547555,1.1394323301661717
8.67,-0.7401723787975845,1.1327002007431235
8.68,-0.7513871693539639,1.12585655948639
8.69,-0.7625388327072975,1.1189019756898295
8.700000000000001,-0.7736262728427693,1.1118370295091453
8.71,-0.784648399054343,1.1046623119146024
8.72,-0.7956041260513655,1.097378424642674
8.73,-0.806492374064703,1.0899859801466525
8.74,-0.8173120689524566,1.0824856015462039
8.75,-0.8280621423051866,1.0748779225758942
8.76,-0.8387415315507012,1.067163587532666
8.77,-0.8493491800583458,1.0593432512222878
8.78,-0.85988403724281,1.0514175789047733
8.790000000000001,-0.8703450586674362,1.0433872462387779
8.8,-0.8807312061470083,1.0352529392249803
8.81,-0.8910414478500472,1.027015354148429
8.82,-0.9012747584005427,1.018675197519908
8.83,-0.91143011897917,1.0102331860162752
8.84,-0.9215065174239503,1.00169004641981
8.85,-0.9315029483303487,0.9930465155565583
8.86,-0.9414184131508072,0.9843033402337008
8.870000000000001,-0.9512519202937063,0.975461277175911
8.88,-0.9610024852217092,0.9665210929607728
8.89,-0.9706691305495497,0.9574835639531797
8.9,-0.9802508861411786,0.9483494762387962
8.91,-0.9897467892063103,0.9391196255565438
8.92,-0.9991558843963322,0.9297948172301327
8.93,-1.008477223899586,0.9203758660986416
8.94,-1.0177098675360026,0.9108635964461431
8.950000000000001,-1.026852882851072,0.9012588419304078
8.96,-1.0359053452091538,0.8915624455106637
8.97,-1.0448663378861265,0.8817752593744189
8.98,-1.0537349521613337,0.8718981448633798
8.99,-1.0625102874088481,0.8619319723984488
9.0,-1.0711914511880383,0.8518776214038014
9.01,-1.0797775593334134,0.8417359802300871
9.02,-1.088267736043759,0.8315079460767097
9.03,-1.096661113970542,0.8211944249132332
9.04,-1.1049568343055731,0.8107963313998998
9.05,-1.1131540468679342,0.8003145888072775
9.06,-1.121251910190139,0.7897501289350355
9.07,-1.1292495916035412,0.7791038920298641
9.08,-1.1371462673229638,0.7683768267025348
9.09,-1.14494112253055,0.7575698898441189
9.1,-1.1526333514588263,0.7466840465413643
9.11,-1.160222157472972,0.7357202699912421
9.12,-1.1677067531522698,0.72467954141467
9.13,-1.175086360370768,0.7135628499694086
9.14,-1.1823602103770865,0.702371192662176
9.15,-1.1895275438734247,0.6911055742599254
9.16,-1.1965876110937148,0.679767007200355
9.17,-1.2035396718809297,0.6683565115016221
9.18,-1.2103829957635455,0.6568751146712869
9.19,-1.2171168620311352,0.6453238516144705
9.2,-1.2237405598090898,0.6337037645412763
9.21,-1.2302533881324766,0.6220159028734363
9.22,-1.2366546560189926,0.6102613231502305
9.23,-1.2429436825410494,0.598441088933649
9.24,-1.2491197968969368,0.5865562707128467
9.25,-1.2551823384810976,0.574607945807862
9.26,-1.2611306569534717,0.5625971982726434
9.27,-1.2669641123079323,0.5505251187973554
9.28,-1.2726820749397882,0.5383928046099999
9.29,-1.2782839257123486,0.5262013593773517
9.3,-1.2837690560225554,0.5139518931052166
9.31,-1.2891368678656494,0.5016455220380354
9.32,-1.2943867738989,0.48928336855779514
9.33,-1.2995181975043582,0.4768665610823403
9.34,-1.304530572850647,0.4643962339630066
9.35,-1.309423344953774,0.4518735273816393
9.36,-1.3141959697369625,0.43929958724699053
9.37,-1.3188479140894962,0.4266755650905041
9.38,-1.3233786559245673,0.41400261796148397
9.39,-1.3277876842361196,0.4012819083217106
9.4,-1.3320744991546971,0.3885146039394175
9.41,-1.3362386120022676,0.37570187778273906
9.42,-1.3402795453460323,0.3628449079125731
9.43,-1.344196833051214,0.3499448773748989
9.44,-1.347990020332808,0.337002974092534
9.45,-1.3516586638063068,0.3240203907563861
9.46,-1.3552023315373767,0.3109983247161485
9.47,-1.3586206030904848,0.29793797787050746
9.48,-1.361913069576489,0.28484055655681834
9.49,-1.365079333699152,0.27170727144030976
9.5,-1.368119009800609,0.2585393374027945
9.51,-1.3710317239057581,0.245337973430897
9.52,-1.3738171137655797,0.2321044025038393
9.53,-1.3764748288993869,0.2188398514807486
9.54,-1.3790045306359828,0.20554555098753674
9.55,-1.3814058921537433,0.1922227353033362
9.56,-1.3836785985195934,0.17887264224653276
9.57,-1.3858223467269117,0.1654965130603468
9.58,-1.3878368457323067,0.1520955922980616
9.59,-1.3897218164913159,0.13867112770782442
9.6,-1.3914769919929768,0.12522437011708215
9.61,-1.3931021172932998,0.11175657331664146
9.62,-1.3945969495476152,0.09826899394437777
9.63,-1.3959612580418093,0.08476289136857239
9.64,-1.3971948242224284,0.071239527570959
9.65,-1.3982974417256635,0.057700167029385116
9.66,-1.399268916405199,0.0441460766001987
9.67,-1.4001090663589304,0.03057852540031366
9.68,-1.4008177219545426,0.01699878468898399
9.69,-1.401394725853951,0.00340812774929565
9.7,-1.4018399330365945,-0.010192170230625679
9.71,-1.4021532108215868,-0.023800832276644306
9.72,-1.4023344388887147,-0.03741657974791042
9.73,-1.402383509298285,-0.051038132456404706
9.74,-1.4023003265098186,-0.0646642087866887
9.75,-1.4020848073995844,-0.07829352581588683
9.76,-1.4017368812769757,-0.0919247994338766
9.77,-1.4012564898997222,-0.1055567444636546
9.78,-1.4006435874879395,-0.11918807478190842
9.79,-1.3998981407370097,-0.13281750343974827
9.8,-1.399020128829298,-0.14644374278360556
9.81,-1.3980095434446933,-0.16006550457626348
9.82,-1.3968663887699804,-0.1736815001180677
9.83,-1.395590681507035,-0.18729044036820908
9.84,-1.3941824508798473,-0.20089103606616326
9.85,-1.3926417386403653,-0.21448199785321684
9.86,-1.39096859907316,-0.22806203639409017
9.87,-1.389163098998914,-0.2416298624986416
9.88,-1.3872253177767233,-0.25518418724364145
9.89,-1.3851553473052258,-0.26872372209460316
9.9,-1.3829532920225387,-0.2822471790276634
9.91,-1.3806192689050159,-0.2957532706514966
9.92,-1.3781534074648234,-0.309240710329254
9.93,-1.375555849746329,-0.3227082123005154
9.94,-1.3728267503213,-0.33615449180323764
9.95,-1.369966276282927,-0.3495782651957093
9.96,-1.3669746072386517,-0.36297825007845524
9.97,-1.3638519353018137,-0.37635316541612673
9.98,-1.3605984650821124,-0.3897017316593519
9.99,-1.3572144136748743,-0.40302267086651394
10.0,-1.3537000106491501,-0.41631470682546573
