t,u_bar,w_bar,delta_t,method
1.3872556840828345,0.09210563238884302,-0.12472335313271818,0.001,Santamaria
2.184446171827776,0.07608685465398729,-0.12474961639031629,0.001,Santamaria
2.9803176664852824,0.0630240158125765,-0.12477125191746447,0.001,Santamaria
3.7751131211310742,0.0523352743423985,-0.12478943796509609,0.001,Santamaria
4.569027603912678,0.04356320554699849,-0.12480498251806256,0.001,Santamaria
5.36221858873193,0.03634510074193356,-0.1248184524194561,0.001,Santamaria
6.154813811784315,0.030390288022746865,-0.12483027119012598,0.001,Santamaria
6.946917192198011,0.025467748809400493,-0.12484071360345687,0.001,Santamaria
7.738613573714607,0.021390410446652644,-0.12484999581900587,0.001,Santamaria
8.529972470665777,0.018005052679682398,-0.12485831066354271,0.001,Santamaria
9.321050896093736,0.015190519611040202,-0.12486575796316939,0.001,Santamaria
10.11189578050546,0.012845054485336422,-0.12487246524489763,0.001,Santamaria
10.902545810687355,0.010887103973109671,-0.12487851260847822,0.001,Santamaria
11.693032925223424,0.009248916650675742,-0.12488398282018366,0.001,Santamaria
12.483383572283781,0.007876810013433181,-0.12488891643473107,0.001,Santamaria
13.273619647009916,0.006724042312175821,-0.1248933907695217,0.001,Santamaria
14.06375934538254,0.0057541994316472065,-0.12489743997041684,0.001,Santamaria
14.853817799801366,0.00493648392028,-0.12490110724158167,0.001,Santamaria
15.643807616586876,0.004245516228940627,-0.12490443023573038,0.001,Santamaria
16.43373931555217,0.0036603431735029585,-0.12490744218997997,0.001,Santamaria
17.223621690415136,0.003163636688401234,-0.1249101726900533,0.001,Santamaria
18.013462104884923,0.0027410437766352646,-0.12491264825842267,0.001,Santamaria
18.803266736307606,0.0023806574536609664,-0.12491489277281574,0.001,Santamaria
19.593040776429113,0.0020725849461454477,-0.12491692779269818,0.001,Santamaria
20.382788638047156,0.0018087419241600373,-0.12491877051120123,0.001,Santamaria
21.172513992663127,0.001581985852613711,-0.12492044303176787,0.001,Santamaria
21.962219953267105,0.0013866934342547294,-0.12492195977154677,0.001,Santamaria
22.751909181734213,0.0012181572254946862,-0.12492333401313824,0.001,Santamaria
23.54158396230378,0.0010723762715355064,-0.12492457882714969,0.001,Santamaria
24.331246166311065,0.0009458096762931545,-0.12492570897989091,0.001,Santamaria
25.120897445603948,0.0008357972263457615,-0.12492673272945953,0.001,Santamaria
25.910539238455506,0.0007399623205324394,-0.12492765988779907,0.001,Santamaria
26.700172691392808,0.0006561526011413263,-0.12492850167531719,0.001,Santamaria
27.48979887649289,0.0005828333426460191,-0.12492926365990355,0.001,Santamaria
28.27941868618837,0.0005184868324619511,-0.12492995446254976,0.001,Santamaria
29.069032845794705,0.00046186169124019463,-0.12493058124731476,0.001,Santamaria
29.858642103161063,0.0004120498783497077,-0.12493114802389824,0.001,Santamaria
30.64824696787515,0.0003680050918833934,-0.12493166280865715,0.001,Santamaria
31.43784796426811,0.000329073967412994,-0.12493212895503363,0.001,Santamaria
32.227445561587494,0.00029459616668512284,-0.12493255116287985,0.001,Santamaria
33.01704008197226,0.0002639595398345888,-0.12493293439057117,0.001,Santamaria
33.80663194875211,0.00023677919885498812,-0.12493328086161982,0.001,Santamaria
34.596221384768306,0.00021254028193392442,-0.12493359552429925,0.001,Santamaria
35.385808679692296,0.0001909517901060631,-0.1249338803735923,0.001,Santamaria
36.175394078099416,0.00017168480484373982,-0.12493413846077162,0.001,Santamaria
36.96497772906242,0.0001544480752037612,-0.1249343726240989,0.001,Santamaria
37.7545599050192,0.00013905879139516287,-0.12493458430986759,0.001,Santamaria
38.54414067065982,0.00012524424399984346,-0.12493477663083252,0.001,Santamaria
39.3337202306602,0.00011288024155475895,-0.12493495057723289,0.001,Santamaria
1.3872556808137402,0.09210563388325482,-0.12472334097068143,0.001,Daitche
2.1844461688530923,0.07608685757142919,-0.12474960665630815,0.001,Daitche
2.980317663860607,0.0630240192818662,-0.12477124412666081,0.001,Daitche
3.775113118866941,0.05233527792933983,-0.1247894317407398,0.001,Daitche
4.569027601995302,0.04356320900739162,-0.12480497756754277,0.001,Daitche
5.362218587134855,0.03634510394744852,-0.12481844849555565,0.001,Daitche
6.154813810475399,0.030390290912798205,-0.12483026809934429,0.001,Daitche
6.946917191144428,0.02546775136796031,-0.12484071118017599,0.001,Daitche
7.738613572884223,0.021390412683370084,-0.12484999393353448,0.001,Daitche
8.529972470028985,0.018005054622756388,-0.12485830921611675,0.001,Daitche
9.321050895623609,0.015190521287159866,-0.12486575685802816,0.001,Daitche
10.111895780179042,0.01284505592963946,-0.12487246441669118,0.001,Daitche
10.90254581048394,0.010887105212127244,-0.12487851200051506,0.001,Daitche
11.693032925125397,0.009248917712493053,-0.12488398238645959,0.001,Daitche
12.48338357227563,0.0078768109251909,-0.12488891613801273,0.001,Daitche
13.273619647079386,0.006724043091907498,-0.12489339057924762,0.001,Daitche
14.063759345518262,0.005754200101287016,-0.12489743986384573,0.001,Daitche
14.853817799994282,0.00493648449624701,-0.12490110719648057,0.001,Daitche
15.643807616828768,0.004245516725088287,-0.12490443023699832,0.001,Daitche
16.433739315836856,0.0036603436000360997,-0.12490744222082684,0.001,Daitche
17.223621690736316,0.0031636370511956237,-0.12491017274399815,0.001,Daitche
18.013462105237494,0.0027410440879143826,-0.12491264833061197,0.001,Daitche
18.80326673668709,0.002380657719658108,-0.12491489285789456,0.001,Daitche
19.593040776831888,0.0020725851753484867,-0.12491692788556995,0.001,Daitche
20.382788638469798,0.0018087421191675794,-0.12491877060625858,0.001,Daitche
21.17251399310305,0.001581986020846992,-0.12492044312861585,0.001,Daitche
21.962219953721934,0.0013866935778430486,-0.12492195986586237,0.001,Daitche
22.75190918220191,0.001218157349318551,-0.12492333410571342,0.001,Daitche
23.54158396278288,0.001072376379174953,-0.12492457891687125,0.001,Daitche
24.33124616680025,0.0009458097697894731,-0.1249257090659645,0.001,Daitche
25.12089744610195,0.0008357973075486928,-0.12492673281136575,0.001,Daitche
25.91053923896144,0.0007399623914996654,-0.12492765996524134,0.001,Daitche
26.700172691905877,0.0006561526632118955,-0.12492850174809791,0.001,Daitche
27.489798877012372,0.0005828333969195635,-0.12492926372802422,0.001,Daitche
28.27941868671371,0.0005184868802365683,-0.12492995452604061,0.001,Daitche
29.06903284632546,0.0004618617331987264,-0.1249305813062865,0.001,Daitche
29.858642103696713,0.0004120499153143623,-0.12493114807852167,0.001,Daitche
30.6482469684156,0.00036800512461966856,-0.1249316628591111,0.001,Daitche
31.43784796481295,0.0003290739962083809,-0.12493212900155701,0.001,Daitche
32.22744556213669,0.00029459619233709677,-0.12493255120568805,0.001,Daitche
33.017040082525604,0.00026395956252818216,-0.12493293442987054,0.001,Daitche
33.8066319493095,0.0002367792190408922,-0.12493328089767522,0.001,Daitche
34.596221385329784,0.00021254029992209312,-0.1249335955573109,0.001,Daitche
35.38580868025794,0.00019095180602821083,-0.12493388040378625,0.001,Daitche
36.17539407866882,0.00017168481923179557,-0.12493413848836153,0.001,Daitche
36.96497772963629,0.0001544480879544069,-0.12493437264929297,0.001,Daitche
37.75455990559697,0.00013905880279828166,-0.12493458433284792,0.001,Daitche
38.544140671242715,0.00012524425412788328,-0.1249347766517691,0.001,Daitche
39.33372023124773,0.00011288025078081367,-0.12493495059630554,0.001,Daitche
1.3872538328916653,0.09210712875560652,-0.12472179440586811,0.005,Daitche
2.184445233593615,0.07607238404942443,-0.12474861084202511,0.005,Daitche
2.9803171824616292,0.06302085970546346,-0.12477031585841954,0.005,Daitche
3.7751128033645003,0.05233312031977117,-0.12478868515313524,0.005,Daitche
4.569026763687237,0.043572174095011816,-0.12480421645339493,0.005,Daitche
5.362217831068488,0.03634937901511331,-0.12481788943832468,0.005,Daitche
6.15481355782491,0.030378567723621363,-0.12483006334026116,0.005,Daitche
6.946916795336754,0.025477418162202628,-0.12484025500069436,0.005,Daitche
7.738613162286828,0.02138788670981298,-0.12484979595789478,0.005,Daitche
8.529972395536586,0.017997403678130724,-0.12485824545827157,0.005,Daitche
9.3210509262915,0.015196250547192997,-0.12486552651388394,0.005,Daitche
10.11189583179593,0.012846826340214812,-0.12487233051402127,0.005,Daitche
10.902545866351165,0.010886813981194414,-0.12487843776387401,0.005,Daitche
11.693032994785987,0.009248340014278234,-0.12488393427683905,0.005,Daitche
12.483383652522082,0.007875692470117402,-0.12488889356440214,0.005,Daitche
13.273619748258952,0.006723279008595941,-0.12489337578807194,0.005,Daitche
14.063759473266574,0.005753687934814119,-0.12489743148914248,0.005,Daitche
14.85381795858538,0.004936149072518199,-0.12490110403253184,0.005,Daitche
15.64380781108324,0.004245303160067194,-0.12490443123737209,0.005,Daitche
16.433739552123917,0.0036602120807203986,-0.12490744648987254,0.005,Daitche
17.22362197741898,0.003163558937006702,-0.1249101795242537,0.005,Daitche
18.013462452786367,0.0027409989981877934,-0.12491265698843261,0.005,Daitche
18.803267157606673,0.002380631358611547,-0.12491490286851048,0.005,Daitche
19.593041285489743,0.0020725677090648294,-0.12491693881881376,0.005,Daitche
20.38278920986658,0.001808579589815583,-0.12491878442733952,0.005,Daitche
21.172514620787503,0.0015818093026164705,-0.12492045743588019,0.005,Daitche
21.962220638053942,0.0013865326143811928,-0.12492197392708887,0.005,Daitche
22.75190990487818,0.0012179637019236536,-0.12492334848674883,0.005,Daitche
23.541584665507177,0.001072094618886528,-0.12492459434659278,0.005,Daitche
24.331246829628963,0.0009455630246900267,-0.124925723511435,0.005,Daitche
25.120898025875547,0.0008355430840281156,-0.12492674687318017,0.005,Daitche
25.910539646323773,0.0007396553862708283,-0.12492767431363733,0.005,Daitche
26.70017288355759,0.0006558924947126787,-0.12492851479748723,0.005,Daitche
27.4897989970062,0.0005828459087344714,-0.12492927193264752,0.005,Daitche
28.279418920077024,0.0005186795421894093,-0.1249299593410422,0.005,Daitche
29.06903323569479,0.00046202018998652125,-0.12493058610428667,0.005,Daitche
29.85864260260183,0.00041210197065539943,-0.12493115401238665,0.005,Daitche
30.648247591358853,0.0003680381794523961,-0.12493166857990246,0.005,Daitche
31.437848697174655,0.00032907070944283645,-0.12493213480756853,0.005,Daitche
32.227446350714075,0.0002945498672515073,-0.12493255722955568,0.005,Daitche
33.017040927221,0.00026391753613679426,-0.12493293995657782,0.005,Daitche
33.80663275423476,0.0002366931116646811,-0.12493328671498857,0.005,Daitche
34.59622211813098,0.00021246173605199813,-0.12493360088246744,0.005,Daitche
35.38580926967812,0.00019086444009174067,-0.12493388552031841,0.005,Daitche
36.175394428768605,0.00017158986977633577,-0.12493414340301143,0.005,Daitche
36.96497781537786,0.00015437708159851625,-0.12493437689193543,0.005,Daitche
37.75456011232468,0.00013912636382493862,-0.12493458613060117,0.005,Daitche
38.54414104503133,0.00012529939231225884,-0.12493477839279056,0.005,Daitche
39.33372074531356,0.00011290638479347484,-0.12493495256154842,0.005,Daitche
1.3872467127647086,0.09212899452689231,-0.12471095546431055,0.01,Daitche
2.184438554888885,0.07609977406847443,-0.12473956115074669,0.01,Daitche
2.9803151490245345,0.06295473499197304,-0.12476443355800626,0.01,Daitche
3.775107469946405,0.05239997993831009,-0.1247821393006716,0.01,Daitche
4.569024331910328,0.04352052197506472,-0.12480063219988566,0.01,Daitche
5.362216822130414,0.03636565012358396,-0.12481416171046486,0.01,Daitche
6.154811223496122,0.030405950548107564,-0.12482689358689202,0.01,Daitche
6.946914632095809,0.025459302816431568,-0.12483838422446157,0.01,Daitche
7.7386120010034585,0.02137314200322533,-0.12484834563370148,0.01,Daitche
8.529972496184476,0.017987851528596464,-0.12485709433995208,0.01,Daitche
9.321051810415208,0.015205017297304122,-0.12486439810146407,0.01,Daitche
10.111897203341524,0.01285289230013813,-0.12487148628823282,0.01,Daitche
10.902547568029492,0.01089062522817605,-0.12487782133618304,0.01,Daitche
11.693034946435938,0.009250538067466932,-0.1248834956612502,0.01,Daitche
12.483385816690598,0.007876752063791946,-0.12488859302753358,0.01,Daitche
13.273622108813496,0.006723550274432951,-0.12489318178996552,0.01,Daitche
14.063762022441825,0.005753427881008251,-0.12489731903744378,0.01,Daitche
14.853820689436054,0.004935545146790666,-0.12490105336618834,0.01,Daitche
15.643810713355563,0.0042444909191981,-0.12490442677331762,0.01,Daitche
16.433742610248036,0.0036592884531674147,-0.12490747597994892,0.01,Daitche
17.22362516978165,0.0031625921806730465,-0.12491023338011419,0.01,Daitche
18.013465751744878,0.0027400361751807427,-0.12491272774095528,0.01,Daitche
18.80327052990348,0.002379703942220704,-0.12491498473482543,0.01,Daitche
19.593044692856786,0.0020716957847862565,-0.12491702735551682,0.01,Daitche
20.382792609692494,0.0018077749976638698,-0.12491887625285199,0.01,Daitche
21.172517966774585,0.001581077982157167,-0.12492055000815476,0.01,Daitche
21.962223880825878,0.0013858763494821284,-0.12492206536577333,0.01,Daitche
22.751912992520467,0.0012173814137617027,-0.12492343743100735,0.01,Daitche
23.541587544034815,0.0010715833192443808,-0.12492467984155703,0.01,Daitche
24.331249443383168,0.0009451185141049754,-0.12492580491762452,0.01,Daitche
25.120900317855128,0.0008351604585902627,-0.12492682379437323,0.01,Daitche
25.910541558458387,0.000739329401240628,-0.12492774653953534,0.01,Daitche
26.700174356930756,0.0006556178212982558,-0.12492858225829512,0.01,Daitche
27.489800204732873,0.0005829025530578614,-0.12492933028607503,0.01,Daitche
28.27942009259236,0.0005189600343293126,-0.12493001026922643,0.01,Daitche
29.069034423193372,0.0004622531594330157,-0.12493063386516712,0.01,Daitche
29.85864385671237,0.00041229331336234556,-0.12493119865000767,0.01,Daitche
30.648248964912376,0.00036819322338371734,-0.12493171017594408,0.01,Daitche
31.437850244012793,0.0003291942424001323,-0.12493217347074892,0.01,Daitche
32.22744812553057,0.00029464617064078663,-0.12493259308724117,0.01,Daitche
33.01704298543057,0.0002639904218665099,-0.12493297314813505,0.01,Daitche
33.80663515186474,0.00023674596019440907,-0.12493331738665239,0.01,Daitche
34.596224911731646,0.0002124975342084979,-0.12493362918333192,0.01,Daitche
35.38581251624864,0.00019088581772661652,-0.12493391159935743,0.01,Daitche
36.17539818569585,0.0001715991346548336,-0.12493416740671284,0.01,Daitche
36.96498211346457,0.00015436650137778832,-0.1249343991155574,0.01,Daitche
37.75456446952037,0.00013895176625952353,-0.12493460899895438,0.01,Daitche
38.54414540337241,0.00012514866385860752,-0.12493479911531473,0.01,Daitche
39.33372504662586,0.00011277663279737607,-0.12493497132865328,0.01,Daitche
